case_id,activity,timestamp,resource,data_label,data_source
REQ-0001,Request Submitted,2026-05-19 16:29:24.467142342,Requester,synthetic demo data,synthetic demo data
REQ-0001,Triage,2026-05-19 19:14:26.091447245,Service Desk,synthetic demo data,synthetic demo data
REQ-0001,Assigned to Team,2026-05-19 23:39:05.140915757,Service Desk,synthetic demo data,synthetic demo data
REQ-0001,Manager Approval,2026-05-20 02:20:12.967407603,Engineering Manager,synthetic demo data,synthetic demo data
REQ-0001,Security Review,2026-05-20 10:37:02.351385263,Security Team,synthetic demo data,synthetic demo data
REQ-0001,Implementation,2026-05-20 19:07:43.253190871,Dev Team,synthetic demo data,synthetic demo data
REQ-0001,QA Verification,2026-05-21 00:10:47.833193560,QA Team,synthetic demo data,synthetic demo data
REQ-0001,Closed - Completed,2026-05-21 02:09:47.349026544,Service Desk,synthetic demo data,synthetic demo data
REQ-0002,Request Submitted,2026-03-22 10:40:02.106151860,Requester,synthetic demo data,synthetic demo data
REQ-0002,Triage,2026-03-22 13:26:42.157119404,Service Desk,synthetic demo data,synthetic demo data
REQ-0002,Assigned to Team,2026-03-22 16:32:38.722886234,Service Desk,synthetic demo data,synthetic demo data
REQ-0002,Manager Approval,2026-03-24 14:19:31.679717422,Engineering Manager,synthetic demo data,synthetic demo data
REQ-0002,Security Review,2026-03-25 14:31:58.982406388,Security Team,synthetic demo data,synthetic demo data
REQ-0002,Implementation,2026-03-25 19:05:45.170940869,Dev Team,synthetic demo data,synthetic demo data
REQ-0002,QA Verification,2026-03-26 02:12:07.679408959,QA Team,synthetic demo data,synthetic demo data
REQ-0002,Closed - Completed,2026-03-26 03:14:35.702045974,Service Desk,synthetic demo data,synthetic demo data
REQ-0003,Request Submitted,2026-05-29 08:21:59.986828636,Requester,synthetic demo data,synthetic demo data
REQ-0003,Triage,2026-05-29 10:10:54.482319873,Service Desk,synthetic demo data,synthetic demo data
REQ-0003,Assigned to Team,2026-05-29 12:09:37.462780091,Service Desk,synthetic demo data,synthetic demo data
REQ-0003,Manager Approval,2026-05-31 11:16:33.546249262,Engineering Manager,synthetic demo data,synthetic demo data
REQ-0003,Security Review,2026-06-01 05:53:06.791030232,Security Team,synthetic demo data,synthetic demo data
REQ-0003,Implementation,2026-06-01 12:10:18.870391083,Dev Team,synthetic demo data,synthetic demo data
REQ-0003,QA Verification,2026-06-01 17:06:55.828045810,QA Team,synthetic demo data,synthetic demo data
REQ-0003,Closed - Completed,2026-06-01 19:38:52.141113802,Service Desk,synthetic demo data,synthetic demo data
REQ-0004,Request Submitted,2026-01-09 06:13:56.165522981,Requester,synthetic demo data,synthetic demo data
REQ-0004,Triage,2026-01-09 10:22:26.096886114,Service Desk,synthetic demo data,synthetic demo data
REQ-0004,Assigned to Team,2026-01-09 12:45:51.455797637,Service Desk,synthetic demo data,synthetic demo data
REQ-0004,Manager Approval,2026-01-10 11:35:34.422252431,Engineering Manager,synthetic demo data,synthetic demo data
REQ-0004,Security Review,2026-01-11 00:16:08.185857199,Security Team,synthetic demo data,synthetic demo data
REQ-0004,Closed - Cancelled,2026-01-11 01:16:08.185857199,Service Desk,synthetic demo data,synthetic demo data
REQ-0005,Request Submitted,2026-03-25 21:28:51.976961365,Requester,synthetic demo data,synthetic demo data
REQ-0005,Triage,2026-03-25 23:22:01.766113807,Service Desk,synthetic demo data,synthetic demo data
REQ-0005,Assigned to Team,2026-03-26 01:06:24.921138209,Service Desk,synthetic demo data,synthetic demo data
REQ-0005,Manager Approval,2026-03-26 19:33:51.067867370,Engineering Manager,synthetic demo data,synthetic demo data
REQ-0005,Security Review,2026-03-27 21:25:10.274192890,Security Team,synthetic demo data,synthetic demo data
REQ-0005,Implementation,2026-03-28 08:23:33.134258219,Dev Team,synthetic demo data,synthetic demo data
REQ-0005,QA Verification,2026-03-28 16:01:19.200355915,QA Team,synthetic demo data,synthetic demo data
REQ-0005,Closed - Completed,2026-03-28 17:21:23.365409675,Service Desk,synthetic demo data,synthetic demo data
REQ-0006,Request Submitted,2026-05-25 05:34:55.287790264,Requester,synthetic demo data,synthetic demo data
REQ-0006,Triage,2026-05-25 07:48:02.566738488,Service Desk,synthetic demo data,synthetic demo data
REQ-0006,Assigned to Team,2026-05-25 12:06:28.282139408,Service Desk,synthetic demo data,synthetic demo data
REQ-0006,Manager Approval,2026-05-26 21:14:17.497797651,Engineering Manager,synthetic demo data,synthetic demo data
REQ-0006,Security Review,2026-05-27 23:20:54.297241180,Security Team,synthetic demo data,synthetic demo data
REQ-0006,Implementation,2026-05-28 07:37:07.435841820,Dev Team,synthetic demo data,synthetic demo data
REQ-0006,QA Verification,2026-05-28 14:29:09.925347671,QA Team,synthetic demo data,synthetic demo data
REQ-0006,Closed - Completed,2026-05-28 17:07:02.562960689,Service Desk,synthetic demo data,synthetic demo data
REQ-0007,Request Submitted,2026-05-07 07:18:51.968396764,Requester,synthetic demo data,synthetic demo data
REQ-0007,Triage,2026-05-07 08:50:38.626841309,Service Desk,synthetic demo data,synthetic demo data
REQ-0007,Assigned to Team,2026-05-07 10:53:08.686460794,Service Desk,synthetic demo data,synthetic demo data
REQ-0007,Manager Approval,2026-05-08 13:02:01.516998969,Engineering Manager,synthetic demo data,synthetic demo data
REQ-0007,Security Review,2026-05-09 22:29:17.615482963,Security Team,synthetic demo data,synthetic demo data
REQ-0007,Implementation,2026-05-10 03:01:29.647416980,Dev Team,synthetic demo data,synthetic demo data
REQ-0007,QA Verification,2026-05-10 11:55:47.053646567,QA Team,synthetic demo data,synthetic demo data
REQ-0007,Closed - Completed,2026-05-10 12:14:48.722468750,Service Desk,synthetic demo data,synthetic demo data
REQ-0008,Request Submitted,2026-05-18 01:47:42.230534032,Requester,synthetic demo data,synthetic demo data
REQ-0008,Triage,2026-05-18 04:22:52.630926925,Service Desk,synthetic demo data,synthetic demo data
REQ-0008,Assigned to Team,2026-05-18 08:26:53.254457806,Service Desk,synthetic demo data,synthetic demo data
REQ-0008,Manager Approval,2026-05-20 01:33:17.955111882,Engineering Manager,synthetic demo data,synthetic demo data
REQ-0008,Security Review,2026-05-20 18:24:59.262771032,Security Team,synthetic demo data,synthetic demo data
REQ-0008,Implementation,2026-05-21 00:34:01.396956662,Dev Team,synthetic demo data,synthetic demo data
REQ-0008,QA Verification,2026-05-21 09:08:27.536474239,QA Team,synthetic demo data,synthetic demo data
REQ-0008,Closed - Completed,2026-05-21 10:56:58.840904665,Service Desk,synthetic demo data,synthetic demo data
REQ-0009,Request Submitted,2026-06-02 23:42:04.595466520,Requester,synthetic demo data,synthetic demo data
REQ-0009,Triage,2026-06-03 00:46:54.567236914,Service Desk,synthetic demo data,synthetic demo data
REQ-0009,Assigned to Team,2026-06-03 04:31:39.235254804,Service Desk,synthetic demo data,synthetic demo data
REQ-0009,Manager Approval,2026-06-04 12:31:17.492352760,Engineering Manager,synthetic demo data,synthetic demo data
REQ-0009,Security Review,2026-06-05 14:44:09.217824555,Security Team,synthetic demo data,synthetic demo data
REQ-0009,Implementation,2026-06-05 21:01:36.779717308,Dev Team,synthetic demo data,synthetic demo data
REQ-0009,QA Verification,2026-06-06 03:30:09.008380936,QA Team,synthetic demo data,synthetic demo data
REQ-0009,Closed - Completed,2026-06-06 06:07:41.133799218,Service Desk,synthetic demo data,synthetic demo data
REQ-0010,Request Submitted,2026-03-14 12:35:28.469115977,Requester,synthetic demo data,synthetic demo data
REQ-0010,Triage,2026-03-14 13:55:45.535728137,Service Desk,synthetic demo data,synthetic demo data
REQ-0010,Assigned to Team,2026-03-14 16:23:05.044956685,Service Desk,synthetic demo data,synthetic demo data
REQ-0010,Manager Approval,2026-03-15 17:02:25.455099169,Engineering Manager,synthetic demo data,synthetic demo data
REQ-0010,Security Review,2026-03-16 02:16:40.250582084,Security Team,synthetic demo data,synthetic demo data
REQ-0010,Implementation,2026-03-16 12:13:32.654305396,Dev Team,synthetic demo data,synthetic demo data
REQ-0010,QA Verification,2026-03-16 16:49:03.109031206,QA Team,synthetic demo data,synthetic demo data
REQ-0010,Closed - Completed,2026-03-16 18:49:48.087858625,Service Desk,synthetic demo data,synthetic demo data
REQ-0011,Request Submitted,2026-01-28 18:59:17.821395195,Requester,synthetic demo data,synthetic demo data
REQ-0011,Triage,2026-01-28 21:39:13.207787497,Service Desk,synthetic demo data,synthetic demo data
REQ-0011,Assigned to Team,2026-01-29 00:30:21.386171146,Service Desk,synthetic demo data,synthetic demo data
REQ-0011,Manager Approval,2026-01-30 00:34:47.151244120,Engineering Manager,synthetic demo data,synthetic demo data
REQ-0011,Security Review,2026-01-30 19:51:44.281210752,Security Team,synthetic demo data,synthetic demo data
REQ-0011,Implementation,2026-01-30 21:06:46.665361756,Dev Team,synthetic demo data,synthetic demo data
REQ-0011,QA Verification,2026-01-30 22:46:17.850659586,QA Team,synthetic demo data,synthetic demo data
REQ-0011,Closed - Completed,2026-01-30 23:26:56.132055110,Service Desk,synthetic demo data,synthetic demo data
REQ-0012,Request Submitted,2026-06-22 12:23:52.479074048,Requester,synthetic demo data,synthetic demo data
REQ-0012,Triage,2026-06-22 13:29:32.754474751,Service Desk,synthetic demo data,synthetic demo data
REQ-0012,Assigned to Team,2026-06-22 15:55:30.676682938,Service Desk,synthetic demo data,synthetic demo data
REQ-0012,Manager Approval,2026-06-24 16:06:51.782891355,Engineering Manager,synthetic demo data,synthetic demo data
REQ-0012,Security Review,2026-06-25 08:54:28.830228964,Security Team,synthetic demo data,synthetic demo data
REQ-0012,Implementation,2026-06-25 19:51:29.054414890,Dev Team,synthetic demo data,synthetic demo data
REQ-0012,QA Verification,2026-06-25 23:03:25.983470783,QA Team,synthetic demo data,synthetic demo data
REQ-0012,Closed - Completed,2026-06-26 00:51:06.408262459,Service Desk,synthetic demo data,synthetic demo data
REQ-0013,Request Submitted,2026-01-18 17:24:32.243411221,Requester,synthetic demo data,synthetic demo data
REQ-0013,Triage,2026-01-18 20:14:57.352706067,Service Desk,synthetic demo data,synthetic demo data
REQ-0013,Assigned to Team,2026-01-18 20:39:29.822420828,Service Desk,synthetic demo data,synthetic demo data
REQ-0013,Manager Approval,2026-01-20 08:44:24.774055539,Engineering Manager,synthetic demo data,synthetic demo data
REQ-0013,Security Review,2026-01-21 06:52:47.407571104,Security Team,synthetic demo data,synthetic demo data
REQ-0013,Implementation,2026-01-21 12:30:11.648209070,Dev Team,synthetic demo data,synthetic demo data
REQ-0013,QA Verification,2026-01-21 14:09:54.223381674,QA Team,synthetic demo data,synthetic demo data
REQ-0013,Closed - Completed,2026-01-21 16:14:13.889609443,Service Desk,synthetic demo data,synthetic demo data
REQ-0014,Request Submitted,2026-05-09 21:04:47.890948968,Requester,synthetic demo data,synthetic demo data
REQ-0014,Triage,2026-05-09 23:06:06.558672852,Service Desk,synthetic demo data,synthetic demo data
REQ-0014,Assigned to Team,2026-05-10 04:30:16.164685984,Service Desk,synthetic demo data,synthetic demo data
REQ-0014,Manager Approval,2026-05-11 07:09:12.641061343,Engineering Manager,synthetic demo data,synthetic demo data
REQ-0014,Security Review,2026-05-11 17:56:31.322300394,Security Team,synthetic demo data,synthetic demo data
REQ-0014,Implementation,2026-05-12 02:39:32.891443764,Dev Team,synthetic demo data,synthetic demo data
REQ-0014,QA Verification,2026-05-12 09:19:08.855630659,QA Team,synthetic demo data,synthetic demo data
REQ-0014,Closed - Completed,2026-05-12 12:40:41.930901524,Service Desk,synthetic demo data,synthetic demo data
REQ-0015,Request Submitted,2026-02-28 18:00:01.574199477,Requester,synthetic demo data,synthetic demo data
REQ-0015,Triage,2026-02-28 21:27:49.464607867,Service Desk,synthetic demo data,synthetic demo data
REQ-0015,Assigned to Team,2026-02-28 22:40:50.144114523,Service Desk,synthetic demo data,synthetic demo data
REQ-0015,Manager Approval,2026-03-01 19:43:26.666863935,Engineering Manager,synthetic demo data,synthetic demo data
REQ-0015,Security Review,2026-03-02 07:23:05.606362395,Security Team,synthetic demo data,synthetic demo data
REQ-0015,Closed - Cancelled,2026-03-02 08:23:05.606362395,Service Desk,synthetic demo data,synthetic demo data
REQ-0016,Request Submitted,2026-04-14 23:11:02.844620542,Requester,synthetic demo data,synthetic demo data
REQ-0016,Triage,2026-04-15 01:49:09.388029073,Service Desk,synthetic demo data,synthetic demo data
REQ-0016,Assigned to Team,2026-04-15 04:29:09.385464739,Service Desk,synthetic demo data,synthetic demo data
REQ-0016,Manager Approval,2026-04-15 13:53:40.748221805,Engineering Manager,synthetic demo data,synthetic demo data
REQ-0016,Security Review,2026-04-16 00:45:15.985990680,Security Team,synthetic demo data,synthetic demo data
REQ-0016,Implementation,2026-04-16 10:00:30.585393962,Dev Team,synthetic demo data,synthetic demo data
REQ-0016,QA Verification,2026-04-16 18:31:22.352327221,QA Team,synthetic demo data,synthetic demo data
REQ-0016,Closed - Completed,2026-04-16 22:31:10.583537311,Service Desk,synthetic demo data,synthetic demo data
REQ-0017,Request Submitted,2026-03-29 16:51:15.176201509,Requester,synthetic demo data,synthetic demo data
REQ-0017,Triage,2026-03-29 17:51:52.838969394,Service Desk,synthetic demo data,synthetic demo data
REQ-0017,Assigned to Team,2026-03-29 18:03:52.838969394,Service Desk,synthetic demo data,synthetic demo data
REQ-0017,Manager Approval,2026-03-31 03:48:45.496671523,Engineering Manager,synthetic demo data,synthetic demo data
REQ-0017,Security Review,2026-03-31 16:29:46.205183468,Security Team,synthetic demo data,synthetic demo data
REQ-0017,Implementation,2026-03-31 22:50:05.060636880,Dev Team,synthetic demo data,synthetic demo data
REQ-0017,QA Verification,2026-04-01 02:59:54.415207034,QA Team,synthetic demo data,synthetic demo data
REQ-0017,Closed - Completed,2026-04-01 04:51:27.568015935,Service Desk,synthetic demo data,synthetic demo data
REQ-0018,Request Submitted,2026-05-29 02:34:52.005070652,Requester,synthetic demo data,synthetic demo data
REQ-0018,Triage,2026-05-29 04:25:20.919657312,Service Desk,synthetic demo data,synthetic demo data
REQ-0018,Assigned to Team,2026-05-29 05:52:08.389392052,Service Desk,synthetic demo data,synthetic demo data
REQ-0018,Manager Approval,2026-05-29 12:25:24.368978952,Engineering Manager,synthetic demo data,synthetic demo data
REQ-0018,Security Review,2026-05-30 04:02:47.992724976,Security Team,synthetic demo data,synthetic demo data
REQ-0018,Implementation,2026-05-30 11:49:53.523993192,Dev Team,synthetic demo data,synthetic demo data
REQ-0018,QA Verification,2026-05-30 23:08:07.167059854,QA Team,synthetic demo data,synthetic demo data
REQ-0018,Closed - Completed,2026-05-31 01:15:56.155337156,Service Desk,synthetic demo data,synthetic demo data
REQ-0019,Request Submitted,2026-01-20 18:26:27.191506103,Requester,synthetic demo data,synthetic demo data
REQ-0019,Triage,2026-01-20 19:15:21.393947001,Service Desk,synthetic demo data,synthetic demo data
REQ-0019,Assigned to Team,2026-01-20 20:48:29.763430946,Service Desk,synthetic demo data,synthetic demo data
REQ-0019,Manager Approval,2026-01-21 16:39:18.369778344,Engineering Manager,synthetic demo data,synthetic demo data
REQ-0019,Security Review,2026-01-23 07:48:40.789109243,Security Team,synthetic demo data,synthetic demo data
REQ-0019,Implementation,2026-01-23 12:31:32.820928411,Dev Team,synthetic demo data,synthetic demo data
REQ-0019,QA Verification,2026-01-23 21:02:28.504328763,QA Team,synthetic demo data,synthetic demo data
REQ-0019,Closed - Completed,2026-01-23 22:08:17.966487649,Service Desk,synthetic demo data,synthetic demo data
REQ-0020,Request Submitted,2026-06-20 21:31:31.392124674,Requester,synthetic demo data,synthetic demo data
REQ-0020,Triage,2026-06-20 23:22:07.495693104,Service Desk,synthetic demo data,synthetic demo data
REQ-0020,Assigned to Team,2026-06-21 02:18:27.378051972,Service Desk,synthetic demo data,synthetic demo data
REQ-0020,Manager Approval,2026-06-21 23:08:26.078202330,Engineering Manager,synthetic demo data,synthetic demo data
REQ-0020,Security Review,2026-06-22 23:09:18.817530349,Security Team,synthetic demo data,synthetic demo data
REQ-0020,Implementation,2026-06-23 05:20:07.055413441,Dev Team,synthetic demo data,synthetic demo data
REQ-0020,QA Verification,2026-06-23 07:39:30.513164754,QA Team,synthetic demo data,synthetic demo data
REQ-0020,Closed - Completed,2026-06-23 08:22:49.937897203,Service Desk,synthetic demo data,synthetic demo data
REQ-0021,Request Submitted,2026-06-09 21:02:44.844796422,Requester,synthetic demo data,synthetic demo data
REQ-0021,Triage,2026-06-09 23:12:20.814605286,Service Desk,synthetic demo data,synthetic demo data
REQ-0021,Assigned to Team,2026-06-10 02:01:40.167644292,Service Desk,synthetic demo data,synthetic demo data
REQ-0021,Manager Approval,2026-06-11 12:01:45.805080260,Engineering Manager,synthetic demo data,synthetic demo data
REQ-0021,Security Review,2026-06-12 19:47:00.261511561,Security Team,synthetic demo data,synthetic demo data
REQ-0021,Implementation,2026-06-13 04:39:39.369531200,Dev Team,synthetic demo data,synthetic demo data
REQ-0021,QA Verification,2026-06-13 09:25:41.355438195,QA Team,synthetic demo data,synthetic demo data
REQ-0021,Closed - Completed,2026-06-13 12:32:03.994794410,Service Desk,synthetic demo data,synthetic demo data
REQ-0022,Request Submitted,2026-01-18 09:05:45.621692685,Requester,synthetic demo data,synthetic demo data
REQ-0022,Triage,2026-01-18 11:16:45.265666683,Service Desk,synthetic demo data,synthetic demo data
REQ-0022,Assigned to Team,2026-01-18 12:26:33.132895392,Service Desk,synthetic demo data,synthetic demo data
REQ-0022,Manager Approval,2026-01-18 23:17:17.909253410,Engineering Manager,synthetic demo data,synthetic demo data
REQ-0022,Security Review,2026-01-20 10:08:47.974257702,Security Team,synthetic demo data,synthetic demo data
REQ-0022,Implementation,2026-01-21 01:02:28.760636981,Dev Team,synthetic demo data,synthetic demo data
REQ-0022,QA Verification,2026-01-21 06:30:09.953133528,QA Team,synthetic demo data,synthetic demo data
REQ-0022,Closed - Completed,2026-01-21 08:07:10.478777438,Service Desk,synthetic demo data,synthetic demo data
REQ-0023,Request Submitted,2026-04-18 06:20:01.173732158,Requester,synthetic demo data,synthetic demo data
REQ-0023,Triage,2026-04-18 09:44:20.548302678,Service Desk,synthetic demo data,synthetic demo data
REQ-0023,Assigned to Team,2026-04-18 11:23:49.022400316,Service Desk,synthetic demo data,synthetic demo data
REQ-0023,Manager Approval,2026-04-20 02:24:12.692852643,Engineering Manager,synthetic demo data,synthetic demo data
REQ-0023,Security Review,2026-04-20 18:51:07.486871992,Security Team,synthetic demo data,synthetic demo data
REQ-0023,Implementation,2026-04-21 02:49:53.731991222,Dev Team,synthetic demo data,synthetic demo data
REQ-0023,QA Verification,2026-04-21 08:20:28.548687157,QA Team,synthetic demo data,synthetic demo data
REQ-0023,Closed - Completed,2026-04-21 10:40:43.817062833,Service Desk,synthetic demo data,synthetic demo data
REQ-0024,Request Submitted,2026-02-11 17:06:50.578542196,Requester,synthetic demo data,synthetic demo data
REQ-0024,Triage,2026-02-11 17:18:50.578542196,Service Desk,synthetic demo data,synthetic demo data
REQ-0024,Closed - Cancelled,2026-02-11 18:18:50.578542196,Service Desk,synthetic demo data,synthetic demo data
REQ-0025,Request Submitted,2026-04-01 12:20:43.096564084,Requester,synthetic demo data,synthetic demo data
REQ-0025,Triage,2026-04-01 13:07:35.369546558,Service Desk,synthetic demo data,synthetic demo data
REQ-0025,Assigned to Team,2026-04-01 14:48:33.346765142,Service Desk,synthetic demo data,synthetic demo data
REQ-0025,Manager Approval,2026-04-02 16:07:53.525353821,Engineering Manager,synthetic demo data,synthetic demo data
REQ-0025,Security Review,2026-04-03 20:22:28.767726155,Security Team,synthetic demo data,synthetic demo data
REQ-0025,Implementation,2026-04-03 23:04:08.712590705,Dev Team,synthetic demo data,synthetic demo data
REQ-0025,QA Verification,2026-04-04 05:09:39.532710724,QA Team,synthetic demo data,synthetic demo data
REQ-0025,Closed - Completed,2026-04-04 06:40:36.522750723,Service Desk,synthetic demo data,synthetic demo data
REQ-0026,Request Submitted,2026-02-24 13:05:54.054577176,Requester,synthetic demo data,synthetic demo data
REQ-0026,Triage,2026-02-24 15:38:11.270150390,Service Desk,synthetic demo data,synthetic demo data
REQ-0026,Assigned to Team,2026-02-24 20:38:33.219930580,Service Desk,synthetic demo data,synthetic demo data
REQ-0026,Manager Approval,2026-02-26 00:28:46.133696385,Engineering Manager,synthetic demo data,synthetic demo data
REQ-0026,Security Review,2026-02-26 14:12:57.593078254,Security Team,synthetic demo data,synthetic demo data
REQ-0026,Implementation,2026-02-26 21:19:14.026115174,Dev Team,synthetic demo data,synthetic demo data
REQ-0026,QA Verification,2026-02-27 04:02:52.991460903,QA Team,synthetic demo data,synthetic demo data
REQ-0026,Closed - Completed,2026-02-27 06:13:28.655551336,Service Desk,synthetic demo data,synthetic demo data
REQ-0027,Request Submitted,2026-01-20 10:28:36.423131715,Requester,synthetic demo data,synthetic demo data
REQ-0027,Triage,2026-01-20 12:42:18.045120215,Service Desk,synthetic demo data,synthetic demo data
REQ-0027,Assigned to Team,2026-01-20 19:28:52.404922898,Service Desk,synthetic demo data,synthetic demo data
REQ-0027,Manager Approval,2026-01-23 03:45:25.373331494,Engineering Manager,synthetic demo data,synthetic demo data
REQ-0027,Security Review,2026-01-23 16:04:40.288773388,Security Team,synthetic demo data,synthetic demo data
REQ-0027,Closed - Cancelled,2026-01-23 17:04:40.288773388,Service Desk,synthetic demo data,synthetic demo data
REQ-0028,Request Submitted,2026-05-25 03:50:20.959612922,Requester,synthetic demo data,synthetic demo data
REQ-0028,Triage,2026-05-25 05:14:54.414362653,Service Desk,synthetic demo data,synthetic demo data
REQ-0028,Assigned to Team,2026-05-25 08:43:18.681382040,Service Desk,synthetic demo data,synthetic demo data
REQ-0028,Manager Approval,2026-05-27 07:36:13.703874806,Engineering Manager,synthetic demo data,synthetic demo data
REQ-0028,Security Review,2026-05-27 21:02:31.387531913,Security Team,synthetic demo data,synthetic demo data
REQ-0028,Implementation,2026-05-28 02:25:31.678794936,Dev Team,synthetic demo data,synthetic demo data
REQ-0028,QA Verification,2026-05-28 02:37:31.678794936,QA Team,synthetic demo data,synthetic demo data
REQ-0028,Closed - Completed,2026-05-28 04:27:46.081480974,Service Desk,synthetic demo data,synthetic demo data
REQ-0029,Request Submitted,2026-04-19 10:59:18.043526570,Requester,synthetic demo data,synthetic demo data
REQ-0029,Triage,2026-04-19 15:11:57.794584701,Service Desk,synthetic demo data,synthetic demo data
REQ-0029,Assigned to Team,2026-04-19 17:24:18.821676924,Service Desk,synthetic demo data,synthetic demo data
REQ-0029,Manager Approval,2026-04-20 11:07:45.038457277,Engineering Manager,synthetic demo data,synthetic demo data
REQ-0029,Security Review,2026-04-21 06:16:50.931699494,Security Team,synthetic demo data,synthetic demo data
REQ-0029,Implementation,2026-04-21 07:14:59.642863958,Dev Team,synthetic demo data,synthetic demo data
REQ-0029,QA Verification,2026-04-21 08:50:55.554213735,QA Team,synthetic demo data,synthetic demo data
REQ-0029,Closed - Completed,2026-04-21 12:58:40.843817036,Service Desk,synthetic demo data,synthetic demo data
REQ-0030,Request Submitted,2026-02-12 23:22:53.069338382,Requester,synthetic demo data,synthetic demo data
REQ-0030,Triage,2026-02-13 03:13:05.958040338,Service Desk,synthetic demo data,synthetic demo data
REQ-0030,Assigned to Team,2026-02-13 10:34:33.320754236,Service Desk,synthetic demo data,synthetic demo data
REQ-0030,Manager Approval,2026-02-14 00:10:26.362661438,Engineering Manager,synthetic demo data,synthetic demo data
REQ-0030,Security Review,2026-02-14 16:51:35.096461505,Security Team,synthetic demo data,synthetic demo data
REQ-0030,Implementation,2026-02-15 02:13:33.496395048,Dev Team,synthetic demo data,synthetic demo data
REQ-0030,QA Verification,2026-02-15 13:24:43.430954628,QA Team,synthetic demo data,synthetic demo data
REQ-0030,Closed - Completed,2026-02-15 14:25:30.745472286,Service Desk,synthetic demo data,synthetic demo data
REQ-0031,Request Submitted,2026-01-27 06:31:36.301567210,Requester,synthetic demo data,synthetic demo data
REQ-0031,Triage,2026-01-27 08:57:41.459435289,Service Desk,synthetic demo data,synthetic demo data
REQ-0031,Assigned to Team,2026-01-27 11:23:50.216650646,Service Desk,synthetic demo data,synthetic demo data
REQ-0031,Manager Approval,2026-01-28 15:31:25.539239037,Engineering Manager,synthetic demo data,synthetic demo data
REQ-0031,Security Review,2026-01-28 23:08:58.915047849,Security Team,synthetic demo data,synthetic demo data
REQ-0031,Implementation,2026-01-29 06:11:49.213134613,Dev Team,synthetic demo data,synthetic demo data
REQ-0031,QA Verification,2026-01-29 11:23:52.228242516,QA Team,synthetic demo data,synthetic demo data
REQ-0031,Closed - Completed,2026-01-29 13:37:48.039845170,Service Desk,synthetic demo data,synthetic demo data
REQ-0032,Request Submitted,2026-01-10 23:36:35.816217831,Requester,synthetic demo data,synthetic demo data
REQ-0032,Triage,2026-01-11 02:37:21.593161982,Service Desk,synthetic demo data,synthetic demo data
REQ-0032,Assigned to Team,2026-01-11 05:51:20.911531391,Service Desk,synthetic demo data,synthetic demo data
REQ-0032,Manager Approval,2026-01-12 16:46:49.434514710,Engineering Manager,synthetic demo data,synthetic demo data
REQ-0032,Security Review,2026-01-13 13:15:31.667776232,Security Team,synthetic demo data,synthetic demo data
REQ-0032,Implementation,2026-01-13 21:15:32.883036748,Dev Team,synthetic demo data,synthetic demo data
REQ-0032,QA Verification,2026-01-14 01:05:40.056274485,QA Team,synthetic demo data,synthetic demo data
REQ-0032,Closed - Completed,2026-01-14 03:24:39.435616508,Service Desk,synthetic demo data,synthetic demo data
REQ-0033,Request Submitted,2026-02-03 01:04:23.266045143,Requester,synthetic demo data,synthetic demo data
REQ-0033,Triage,2026-02-03 05:09:58.671957293,Service Desk,synthetic demo data,synthetic demo data
REQ-0033,Assigned to Team,2026-02-03 10:31:34.788430659,Service Desk,synthetic demo data,synthetic demo data
REQ-0033,Manager Approval,2026-02-04 21:55:41.454679506,Engineering Manager,synthetic demo data,synthetic demo data
REQ-0033,Security Review,2026-02-05 11:03:38.401085395,Security Team,synthetic demo data,synthetic demo data
REQ-0033,Implementation,2026-02-05 14:36:39.675888833,Dev Team,synthetic demo data,synthetic demo data
REQ-0033,QA Verification,2026-02-06 00:11:04.019782192,QA Team,synthetic demo data,synthetic demo data
REQ-0033,Closed - Completed,2026-02-06 02:26:49.916992721,Service Desk,synthetic demo data,synthetic demo data
REQ-0034,Request Submitted,2026-06-15 20:19:00.746968900,Requester,synthetic demo data,synthetic demo data
REQ-0034,Triage,2026-06-15 23:14:39.525502509,Service Desk,synthetic demo data,synthetic demo data
REQ-0034,Assigned to Team,2026-06-16 02:55:33.395328866,Service Desk,synthetic demo data,synthetic demo data
REQ-0034,Manager Approval,2026-06-16 17:22:47.688834376,Engineering Manager,synthetic demo data,synthetic demo data
REQ-0034,Closed - Rejected,2026-06-16 18:22:47.688834376,Service Desk,synthetic demo data,synthetic demo data
REQ-0035,Request Submitted,2026-05-24 17:45:06.490014928,Requester,synthetic demo data,synthetic demo data
REQ-0035,Triage,2026-05-24 19:48:15.370489010,Service Desk,synthetic demo data,synthetic demo data
REQ-0035,Assigned to Team,2026-05-24 22:21:57.646085670,Service Desk,synthetic demo data,synthetic demo data
REQ-0035,Manager Approval,2026-05-26 02:55:01.837375145,Engineering Manager,synthetic demo data,synthetic demo data
REQ-0035,Security Review,2026-05-26 20:38:57.770321241,Security Team,synthetic demo data,synthetic demo data
REQ-0035,Implementation,2026-05-27 05:15:34.670495516,Dev Team,synthetic demo data,synthetic demo data
REQ-0035,QA Verification,2026-05-27 15:40:26.783803842,QA Team,synthetic demo data,synthetic demo data
REQ-0035,Closed - Completed,2026-05-27 15:52:26.783803842,Service Desk,synthetic demo data,synthetic demo data
REQ-0036,Request Submitted,2026-03-10 16:35:11.843352697,Requester,synthetic demo data,synthetic demo data
REQ-0036,Triage,2026-03-10 18:52:57.421715570,Service Desk,synthetic demo data,synthetic demo data
REQ-0036,Assigned to Team,2026-03-10 21:19:29.082976435,Service Desk,synthetic demo data,synthetic demo data
REQ-0036,Manager Approval,2026-03-11 02:43:50.305139514,Engineering Manager,synthetic demo data,synthetic demo data
REQ-0036,Security Review,2026-03-12 01:40:57.358811851,Security Team,synthetic demo data,synthetic demo data
REQ-0036,Implementation,2026-03-12 16:35:31.201895815,Dev Team,synthetic demo data,synthetic demo data
REQ-0036,QA Verification,2026-03-12 17:59:25.498722720,QA Team,synthetic demo data,synthetic demo data
REQ-0036,Closed - Completed,2026-03-12 20:51:15.279572033,Service Desk,synthetic demo data,synthetic demo data
REQ-0037,Request Submitted,2026-02-28 07:46:51.017743908,Requester,synthetic demo data,synthetic demo data
REQ-0037,Triage,2026-02-28 08:43:40.583105373,Service Desk,synthetic demo data,synthetic demo data
REQ-0037,Assigned to Team,2026-02-28 11:13:34.519774651,Service Desk,synthetic demo data,synthetic demo data
REQ-0037,Manager Approval,2026-03-02 11:25:36.767347478,Engineering Manager,synthetic demo data,synthetic demo data
REQ-0037,Security Review,2026-03-03 12:40:14.797187879,Security Team,synthetic demo data,synthetic demo data
REQ-0037,Implementation,2026-03-04 03:36:00.084305782,Dev Team,synthetic demo data,synthetic demo data
REQ-0037,QA Verification,2026-03-04 13:07:56.132706741,QA Team,synthetic demo data,synthetic demo data
REQ-0037,Closed - Completed,2026-03-04 15:34:16.844750887,Service Desk,synthetic demo data,synthetic demo data
REQ-0038,Request Submitted,2026-06-02 02:46:52.721407410,Requester,synthetic demo data,synthetic demo data
REQ-0038,Triage,2026-06-02 05:36:33.478843879,Service Desk,synthetic demo data,synthetic demo data
REQ-0038,Assigned to Team,2026-06-02 08:09:51.995694791,Service Desk,synthetic demo data,synthetic demo data
REQ-0038,Manager Approval,2026-06-03 15:05:45.904814094,Engineering Manager,synthetic demo data,synthetic demo data
REQ-0038,Security Review,2026-06-04 04:49:09.372939165,Security Team,synthetic demo data,synthetic demo data
REQ-0038,Implementation,2026-06-04 16:46:39.381597330,Dev Team,synthetic demo data,synthetic demo data
REQ-0038,QA Verification,2026-06-04 19:14:33.702467689,QA Team,synthetic demo data,synthetic demo data
REQ-0038,Closed - Completed,2026-06-04 22:01:30.163700392,Service Desk,synthetic demo data,synthetic demo data
REQ-0039,Request Submitted,2026-06-04 07:18:22.950604306,Requester,synthetic demo data,synthetic demo data
REQ-0039,Triage,2026-06-04 10:03:26.078963738,Service Desk,synthetic demo data,synthetic demo data
REQ-0039,Assigned to Team,2026-06-04 15:47:17.568215030,Service Desk,synthetic demo data,synthetic demo data
REQ-0039,Manager Approval,2026-06-06 08:01:08.612648417,Engineering Manager,synthetic demo data,synthetic demo data
REQ-0039,Security Review,2026-06-06 13:52:14.508365252,Security Team,synthetic demo data,synthetic demo data
REQ-0039,Closed - Cancelled,2026-06-06 14:52:14.508365252,Service Desk,synthetic demo data,synthetic demo data
REQ-0040,Request Submitted,2026-01-26 02:36:08.127947899,Requester,synthetic demo data,synthetic demo data
REQ-0040,Triage,2026-01-26 04:05:02.320515380,Service Desk,synthetic demo data,synthetic demo data
REQ-0040,Assigned to Team,2026-01-26 09:21:02.954055074,Service Desk,synthetic demo data,synthetic demo data
REQ-0040,Manager Approval,2026-01-28 00:16:34.658124317,Engineering Manager,synthetic demo data,synthetic demo data
REQ-0040,Security Review,2026-01-28 13:59:09.312238365,Security Team,synthetic demo data,synthetic demo data
REQ-0040,Implementation,2026-01-28 17:55:51.782161623,Dev Team,synthetic demo data,synthetic demo data
REQ-0040,QA Verification,2026-01-29 00:01:45.828764686,QA Team,synthetic demo data,synthetic demo data
REQ-0040,Closed - Completed,2026-01-29 00:48:46.212226913,Service Desk,synthetic demo data,synthetic demo data
REQ-0041,Request Submitted,2026-01-18 11:36:45.120521568,Requester,synthetic demo data,synthetic demo data
REQ-0041,Triage,2026-01-18 12:57:36.791952468,Service Desk,synthetic demo data,synthetic demo data
REQ-0041,Assigned to Team,2026-01-18 17:41:35.476947444,Service Desk,synthetic demo data,synthetic demo data
REQ-0041,Manager Approval,2026-01-20 08:12:57.055147555,Engineering Manager,synthetic demo data,synthetic demo data
REQ-0041,Security Review,2026-01-20 08:24:57.055147555,Security Team,synthetic demo data,synthetic demo data
REQ-0041,Implementation,2026-01-20 17:37:59.936045590,Dev Team,synthetic demo data,synthetic demo data
REQ-0041,QA Verification,2026-01-20 23:50:57.898636501,QA Team,synthetic demo data,synthetic demo data
REQ-0041,Closed - Completed,2026-01-21 02:15:47.903663842,Service Desk,synthetic demo data,synthetic demo data
REQ-0042,Request Submitted,2026-03-29 23:06:06.808629074,Requester,synthetic demo data,synthetic demo data
REQ-0042,Triage,2026-03-30 00:30:38.836298386,Service Desk,synthetic demo data,synthetic demo data
REQ-0042,Assigned to Team,2026-03-30 04:23:49.730441470,Service Desk,synthetic demo data,synthetic demo data
REQ-0042,Manager Approval,2026-03-30 12:15:17.372708991,Engineering Manager,synthetic demo data,synthetic demo data
REQ-0042,Security Review,2026-03-31 21:32:18.121865924,Security Team,synthetic demo data,synthetic demo data
REQ-0042,Implementation,2026-04-01 07:00:42.457088813,Dev Team,synthetic demo data,synthetic demo data
REQ-0042,QA Verification,2026-04-01 15:33:05.564135921,QA Team,synthetic demo data,synthetic demo data
REQ-0042,Closed - Completed,2026-04-01 16:58:50.166954442,Service Desk,synthetic demo data,synthetic demo data
REQ-0043,Request Submitted,2026-05-01 04:43:10.939775232,Requester,synthetic demo data,synthetic demo data
REQ-0043,Triage,2026-05-01 06:57:09.300647725,Service Desk,synthetic demo data,synthetic demo data
REQ-0043,Assigned to Team,2026-05-01 10:18:15.065468297,Service Desk,synthetic demo data,synthetic demo data
REQ-0043,Manager Approval,2026-05-02 20:05:20.364728096,Engineering Manager,synthetic demo data,synthetic demo data
REQ-0043,Security Review,2026-05-03 08:19:07.978150540,Security Team,synthetic demo data,synthetic demo data
REQ-0043,Implementation,2026-05-03 15:43:43.565155078,Dev Team,synthetic demo data,synthetic demo data
REQ-0043,QA Verification,2026-05-03 21:16:16.321804592,QA Team,synthetic demo data,synthetic demo data
REQ-0043,Closed - Completed,2026-05-03 23:39:16.539716264,Service Desk,synthetic demo data,synthetic demo data
REQ-0044,Request Submitted,2026-06-17 21:04:14.310419572,Requester,synthetic demo data,synthetic demo data
REQ-0044,Triage,2026-06-17 22:56:44.277910421,Service Desk,synthetic demo data,synthetic demo data
REQ-0044,Assigned to Team,2026-06-18 04:10:04.137867779,Service Desk,synthetic demo data,synthetic demo data
REQ-0044,Manager Approval,2026-06-18 23:45:27.291135625,Engineering Manager,synthetic demo data,synthetic demo data
REQ-0044,Security Review,2026-06-19 12:21:26.390575418,Security Team,synthetic demo data,synthetic demo data
REQ-0044,Implementation,2026-06-19 21:09:59.599737787,Dev Team,synthetic demo data,synthetic demo data
REQ-0044,QA Verification,2026-06-20 05:41:58.959795028,QA Team,synthetic demo data,synthetic demo data
REQ-0044,Closed - Completed,2026-06-20 07:42:40.093595046,Service Desk,synthetic demo data,synthetic demo data
REQ-0045,Request Submitted,2026-06-26 23:14:53.786663056,Requester,synthetic demo data,synthetic demo data
REQ-0045,Triage,2026-06-27 02:05:24.338903860,Service Desk,synthetic demo data,synthetic demo data
REQ-0045,Assigned to Team,2026-06-27 05:55:16.568011010,Service Desk,synthetic demo data,synthetic demo data
REQ-0045,Manager Approval,2026-06-29 20:30:30.284268452,Engineering Manager,synthetic demo data,synthetic demo data
REQ-0045,Security Review,2026-06-30 14:39:43.045549192,Security Team,synthetic demo data,synthetic demo data
REQ-0045,Implementation,2026-06-30 14:51:43.045549192,Dev Team,synthetic demo data,synthetic demo data
REQ-0045,QA Verification,2026-07-01 01:40:28.992653577,QA Team,synthetic demo data,synthetic demo data
REQ-0045,Closed - Completed,2026-07-01 03:13:01.274702132,Service Desk,synthetic demo data,synthetic demo data
REQ-0046,Request Submitted,2026-01-03 14:08:51.370939551,Requester,synthetic demo data,synthetic demo data
REQ-0046,Triage,2026-01-03 14:32:43.236591738,Service Desk,synthetic demo data,synthetic demo data
REQ-0046,Assigned to Team,2026-01-03 15:40:04.341635564,Service Desk,synthetic demo data,synthetic demo data
REQ-0046,Manager Approval,2026-01-03 23:14:59.933604773,Engineering Manager,synthetic demo data,synthetic demo data
REQ-0046,Security Review,2026-01-04 12:06:09.917807949,Security Team,synthetic demo data,synthetic demo data
REQ-0046,Implementation,2026-01-04 21:51:40.684934593,Dev Team,synthetic demo data,synthetic demo data
REQ-0046,QA Verification,2026-01-05 05:26:01.913636970,QA Team,synthetic demo data,synthetic demo data
REQ-0046,Closed - Completed,2026-01-05 07:42:36.500682552,Service Desk,synthetic demo data,synthetic demo data
REQ-0047,Request Submitted,2026-01-21 06:44:30.967811510,Requester,synthetic demo data,synthetic demo data
REQ-0047,Triage,2026-01-21 08:47:46.640718915,Service Desk,synthetic demo data,synthetic demo data
REQ-0047,Assigned to Team,2026-01-21 11:05:19.050137267,Service Desk,synthetic demo data,synthetic demo data
REQ-0047,Manager Approval,2026-01-22 23:31:12.093031784,Engineering Manager,synthetic demo data,synthetic demo data
REQ-0047,Security Review,2026-01-24 01:50:15.390521353,Security Team,synthetic demo data,synthetic demo data
REQ-0047,Implementation,2026-01-24 10:23:26.067142998,Dev Team,synthetic demo data,synthetic demo data
REQ-0047,QA Verification,2026-01-24 18:40:15.504465057,QA Team,synthetic demo data,synthetic demo data
REQ-0047,Closed - Completed,2026-01-24 20:54:00.665411871,Service Desk,synthetic demo data,synthetic demo data
REQ-0048,Request Submitted,2026-01-06 14:16:40.273835908,Requester,synthetic demo data,synthetic demo data
REQ-0048,Triage,2026-01-06 16:05:53.672746114,Service Desk,synthetic demo data,synthetic demo data
REQ-0048,Assigned to Team,2026-01-06 19:23:36.263668061,Service Desk,synthetic demo data,synthetic demo data
REQ-0048,Manager Approval,2026-01-08 12:52:50.898829098,Engineering Manager,synthetic demo data,synthetic demo data
REQ-0048,Security Review,2026-01-09 05:20:13.684849021,Security Team,synthetic demo data,synthetic demo data
REQ-0048,Implementation,2026-01-09 15:25:18.493331563,Dev Team,synthetic demo data,synthetic demo data
REQ-0048,QA Verification,2026-01-09 20:37:27.434378876,QA Team,synthetic demo data,synthetic demo data
REQ-0048,Closed - Completed,2026-01-09 22:30:24.282576494,Service Desk,synthetic demo data,synthetic demo data
REQ-0049,Request Submitted,2026-01-10 16:09:43.925407932,Requester,synthetic demo data,synthetic demo data
REQ-0049,Triage,2026-01-10 16:51:56.625026862,Service Desk,synthetic demo data,synthetic demo data
REQ-0049,Assigned to Team,2026-01-10 17:38:32.823880670,Service Desk,synthetic demo data,synthetic demo data
REQ-0049,Manager Approval,2026-01-10 17:50:32.823880670,Engineering Manager,synthetic demo data,synthetic demo data
REQ-0049,Security Review,2026-01-11 07:44:17.056019642,Security Team,synthetic demo data,synthetic demo data
REQ-0049,Implementation,2026-01-11 18:44:08.904175721,Dev Team,synthetic demo data,synthetic demo data
REQ-0049,QA Verification,2026-01-11 23:52:52.156258789,QA Team,synthetic demo data,synthetic demo data
REQ-0049,Closed - Completed,2026-01-12 02:04:44.200553779,Service Desk,synthetic demo data,synthetic demo data
REQ-0050,Request Submitted,2026-05-06 00:52:54.432435766,Requester,synthetic demo data,synthetic demo data
REQ-0050,Triage,2026-05-06 02:48:45.535870751,Service Desk,synthetic demo data,synthetic demo data
REQ-0050,Assigned to Team,2026-05-06 07:50:34.899674425,Service Desk,synthetic demo data,synthetic demo data
REQ-0050,Manager Approval,2026-05-07 15:07:58.083259504,Engineering Manager,synthetic demo data,synthetic demo data
REQ-0050,Security Review,2026-05-08 03:35:46.380807494,Security Team,synthetic demo data,synthetic demo data
REQ-0050,Implementation,2026-05-08 09:13:07.015735832,Dev Team,synthetic demo data,synthetic demo data
REQ-0050,QA Verification,2026-05-08 10:46:37.221400129,QA Team,synthetic demo data,synthetic demo data
REQ-0050,Closed - Completed,2026-05-08 11:53:19.939526687,Service Desk,synthetic demo data,synthetic demo data
REQ-0051,Request Submitted,2026-02-19 02:40:40.100494429,Requester,synthetic demo data,synthetic demo data
REQ-0051,Triage,2026-02-19 06:23:54.871886626,Service Desk,synthetic demo data,synthetic demo data
REQ-0051,Assigned to Team,2026-02-19 07:19:31.091703589,Service Desk,synthetic demo data,synthetic demo data
REQ-0051,Manager Approval,2026-02-20 18:49:29.596103888,Engineering Manager,synthetic demo data,synthetic demo data
REQ-0051,Security Review,2026-02-21 05:27:35.972475183,Security Team,synthetic demo data,synthetic demo data
REQ-0051,Implementation,2026-02-21 15:21:31.610549053,Dev Team,synthetic demo data,synthetic demo data
REQ-0051,QA Verification,2026-02-21 20:57:55.874721625,QA Team,synthetic demo data,synthetic demo data
REQ-0051,Closed - Completed,2026-02-21 21:09:55.874721625,Service Desk,synthetic demo data,synthetic demo data
REQ-0052,Request Submitted,2026-02-01 12:54:44.267562770,Requester,synthetic demo data,synthetic demo data
REQ-0052,Triage,2026-02-01 14:22:42.226704625,Service Desk,synthetic demo data,synthetic demo data
REQ-0052,Assigned to Team,2026-02-01 15:46:25.563683660,Service Desk,synthetic demo data,synthetic demo data
REQ-0052,Manager Approval,2026-02-02 12:36:49.686538607,Engineering Manager,synthetic demo data,synthetic demo data
REQ-0052,Closed - Rejected,2026-02-02 13:36:49.686538607,Service Desk,synthetic demo data,synthetic demo data
REQ-0053,Request Submitted,2026-05-21 12:13:46.908605578,Requester,synthetic demo data,synthetic demo data
REQ-0053,Triage,2026-05-21 14:33:30.091813794,Service Desk,synthetic demo data,synthetic demo data
REQ-0053,Assigned to Team,2026-05-21 18:06:04.469825009,Service Desk,synthetic demo data,synthetic demo data
REQ-0053,Manager Approval,2026-05-23 18:35:25.817263628,Engineering Manager,synthetic demo data,synthetic demo data
REQ-0053,Security Review,2026-05-24 11:30:19.545975622,Security Team,synthetic demo data,synthetic demo data
REQ-0053,Implementation,2026-05-24 13:35:52.793413043,Dev Team,synthetic demo data,synthetic demo data
REQ-0053,QA Verification,2026-05-24 22:47:58.795512020,QA Team,synthetic demo data,synthetic demo data
REQ-0053,Closed - Completed,2026-05-25 00:28:05.438092469,Service Desk,synthetic demo data,synthetic demo data
REQ-0054,Request Submitted,2026-06-18 16:22:04.259584702,Requester,synthetic demo data,synthetic demo data
REQ-0054,Triage,2026-06-18 18:14:12.164475969,Service Desk,synthetic demo data,synthetic demo data
REQ-0054,Assigned to Team,2026-06-18 21:45:35.554303818,Service Desk,synthetic demo data,synthetic demo data
REQ-0054,Manager Approval,2026-06-21 07:04:26.587334183,Engineering Manager,synthetic demo data,synthetic demo data
REQ-0054,Security Review,2026-06-22 21:46:00.756475524,Security Team,synthetic demo data,synthetic demo data
REQ-0054,Closed - Cancelled,2026-06-22 22:46:00.756475524,Service Desk,synthetic demo data,synthetic demo data
REQ-0055,Request Submitted,2026-01-25 12:17:19.372741246,Requester,synthetic demo data,synthetic demo data
REQ-0055,Triage,2026-01-25 15:21:53.837308124,Service Desk,synthetic demo data,synthetic demo data
REQ-0055,Assigned to Team,2026-01-25 17:05:47.267731180,Service Desk,synthetic demo data,synthetic demo data
REQ-0055,Manager Approval,2026-01-27 03:45:34.014511140,Engineering Manager,synthetic demo data,synthetic demo data
REQ-0055,Security Review,2026-01-27 23:31:36.058237435,Security Team,synthetic demo data,synthetic demo data
REQ-0055,Implementation,2026-01-28 08:46:56.336482423,Dev Team,synthetic demo data,synthetic demo data
REQ-0055,QA Verification,2026-01-28 12:16:55.953378169,QA Team,synthetic demo data,synthetic demo data
REQ-0055,Closed - Completed,2026-01-28 12:41:33.510402256,Service Desk,synthetic demo data,synthetic demo data
REQ-0056,Request Submitted,2026-04-16 06:28:58.775256896,Requester,synthetic demo data,synthetic demo data
REQ-0056,Triage,2026-04-16 08:01:27.544231114,Service Desk,synthetic demo data,synthetic demo data
REQ-0056,Assigned to Team,2026-04-16 10:35:04.309663210,Service Desk,synthetic demo data,synthetic demo data
REQ-0056,Manager Approval,2026-04-18 19:42:20.760249657,Engineering Manager,synthetic demo data,synthetic demo data
REQ-0056,Security Review,2026-04-20 01:39:34.945434653,Security Team,synthetic demo data,synthetic demo data
REQ-0056,Implementation,2026-04-20 05:48:40.833359333,Dev Team,synthetic demo data,synthetic demo data
REQ-0056,QA Verification,2026-04-20 12:51:16.084645803,QA Team,synthetic demo data,synthetic demo data
REQ-0056,Closed - Completed,2026-04-20 14:26:50.602994941,Service Desk,synthetic demo data,synthetic demo data
REQ-0057,Request Submitted,2026-04-27 00:08:14.795193218,Requester,synthetic demo data,synthetic demo data
REQ-0057,Triage,2026-04-27 02:45:23.811214329,Service Desk,synthetic demo data,synthetic demo data
REQ-0057,Assigned to Team,2026-04-27 05:14:51.815401355,Service Desk,synthetic demo data,synthetic demo data
REQ-0057,Manager Approval,2026-04-29 02:08:29.932651166,Engineering Manager,synthetic demo data,synthetic demo data
REQ-0057,Security Review,2026-04-29 11:51:51.134124152,Security Team,synthetic demo data,synthetic demo data
REQ-0057,Implementation,2026-04-29 19:53:22.416622168,Dev Team,synthetic demo data,synthetic demo data
REQ-0057,QA Verification,2026-04-30 09:40:57.292869402,QA Team,synthetic demo data,synthetic demo data
REQ-0057,Closed - Completed,2026-04-30 11:54:20.379942852,Service Desk,synthetic demo data,synthetic demo data
REQ-0058,Request Submitted,2026-05-12 23:34:06.867275490,Requester,synthetic demo data,synthetic demo data
REQ-0058,Triage,2026-05-13 02:08:57.664818677,Service Desk,synthetic demo data,synthetic demo data
REQ-0058,Assigned to Team,2026-05-13 05:03:51.035568956,Service Desk,synthetic demo data,synthetic demo data
REQ-0058,Manager Approval,2026-05-14 08:40:42.493478280,Engineering Manager,synthetic demo data,synthetic demo data
REQ-0058,Security Review,2026-05-14 21:39:47.263824376,Security Team,synthetic demo data,synthetic demo data
REQ-0058,Implementation,2026-05-15 07:23:03.603393364,Dev Team,synthetic demo data,synthetic demo data
REQ-0058,QA Verification,2026-05-15 10:49:47.001750157,QA Team,synthetic demo data,synthetic demo data
REQ-0058,Closed - Completed,2026-05-15 13:29:43.108600885,Service Desk,synthetic demo data,synthetic demo data
REQ-0059,Request Submitted,2026-05-31 22:24:38.418085732,Requester,synthetic demo data,synthetic demo data
REQ-0059,Triage,2026-06-01 00:07:27.922644931,Service Desk,synthetic demo data,synthetic demo data
REQ-0059,Assigned to Team,2026-06-01 03:48:19.336773197,Service Desk,synthetic demo data,synthetic demo data
REQ-0059,Manager Approval,2026-06-02 05:29:02.214773657,Engineering Manager,synthetic demo data,synthetic demo data
REQ-0059,Closed - Rejected,2026-06-02 06:29:02.214773657,Service Desk,synthetic demo data,synthetic demo data
REQ-0060,Request Submitted,2026-02-26 21:01:09.687160536,Requester,synthetic demo data,synthetic demo data
REQ-0060,Triage,2026-02-26 22:41:01.500635308,Service Desk,synthetic demo data,synthetic demo data
REQ-0060,Assigned to Team,2026-02-26 22:53:01.500635308,Service Desk,synthetic demo data,synthetic demo data
REQ-0060,Manager Approval,2026-02-27 07:57:10.434791856,Engineering Manager,synthetic demo data,synthetic demo data
REQ-0060,Security Review,2026-02-28 16:13:39.571037826,Security Team,synthetic demo data,synthetic demo data
REQ-0060,Implementation,2026-02-28 03:48:30.234778218,Dev Team,synthetic demo data,synthetic demo data
REQ-0060,QA Verification,2026-02-28 07:38:59.848258742,QA Team,synthetic demo data,synthetic demo data
REQ-0060,Closed - Completed,2026-02-28 08:08:50.835816994,Service Desk,synthetic demo data,synthetic demo data
REQ-0061,Request Submitted,2026-03-07 01:27:05.903488983,Requester,synthetic demo data,synthetic demo data
REQ-0061,Triage,2026-03-07 05:52:19.397533073,Service Desk,synthetic demo data,synthetic demo data
REQ-0061,Assigned to Team,2026-03-07 09:31:27.772598976,Service Desk,synthetic demo data,synthetic demo data
REQ-0061,Manager Approval,2026-03-08 07:41:25.329382081,Engineering Manager,synthetic demo data,synthetic demo data
REQ-0061,Security Review,2026-03-09 07:52:33.928169890,Security Team,synthetic demo data,synthetic demo data
REQ-0061,Implementation,2026-03-09 09:37:56.127886770,Dev Team,synthetic demo data,synthetic demo data
REQ-0061,QA Verification,2026-03-09 14:44:25.035569635,QA Team,synthetic demo data,synthetic demo data
REQ-0061,Closed - Completed,2026-03-09 16:50:23.154472491,Service Desk,synthetic demo data,synthetic demo data
REQ-0062,Request Submitted,2026-01-03 07:20:36.334661716,Requester,synthetic demo data,synthetic demo data
REQ-0062,Triage,2026-01-03 09:41:17.057476165,Service Desk,synthetic demo data,synthetic demo data
REQ-0062,Assigned to Team,2026-01-03 13:41:26.017973948,Service Desk,synthetic demo data,synthetic demo data
REQ-0062,Manager Approval,2026-01-04 10:03:12.054949517,Engineering Manager,synthetic demo data,synthetic demo data
REQ-0062,Security Review,2026-01-05 14:08:01.274182018,Security Team,synthetic demo data,synthetic demo data
REQ-0062,Implementation,2026-01-06 04:38:57.966227803,Dev Team,synthetic demo data,synthetic demo data
REQ-0062,QA Verification,2026-01-06 07:44:20.351415567,QA Team,synthetic demo data,synthetic demo data
REQ-0062,Closed - Completed,2026-01-06 08:51:04.647054994,Service Desk,synthetic demo data,synthetic demo data
REQ-0063,Request Submitted,2026-06-27 15:11:22.523602190,Requester,synthetic demo data,synthetic demo data
REQ-0063,Triage,2026-06-27 16:44:49.395039378,Service Desk,synthetic demo data,synthetic demo data
REQ-0063,Assigned to Team,2026-06-27 21:55:46.641151239,Service Desk,synthetic demo data,synthetic demo data
REQ-0063,Manager Approval,2026-06-29 05:46:13.526318233,Engineering Manager,synthetic demo data,synthetic demo data
REQ-0063,Security Review,2026-06-30 04:05:40.140193888,Security Team,synthetic demo data,synthetic demo data
REQ-0063,Closed - Cancelled,2026-06-30 05:05:40.140193888,Service Desk,synthetic demo data,synthetic demo data
REQ-0064,Request Submitted,2026-03-25 20:29:32.480529121,Requester,synthetic demo data,synthetic demo data
REQ-0064,Triage,2026-03-25 21:33:04.440983791,Service Desk,synthetic demo data,synthetic demo data
REQ-0064,Closed - Cancelled,2026-03-25 22:33:04.440983791,Service Desk,synthetic demo data,synthetic demo data
REQ-0065,Request Submitted,2026-06-12 15:41:15.531773456,Requester,synthetic demo data,synthetic demo data
REQ-0065,Triage,2026-06-12 16:07:18.799113606,Service Desk,synthetic demo data,synthetic demo data
REQ-0065,Assigned to Team,2026-06-12 20:04:41.141987922,Service Desk,synthetic demo data,synthetic demo data
REQ-0065,Manager Approval,2026-06-13 18:32:07.067579987,Engineering Manager,synthetic demo data,synthetic demo data
REQ-0065,Closed - Rejected,2026-06-13 19:32:07.067579987,Service Desk,synthetic demo data,synthetic demo data
REQ-0066,Request Submitted,2026-04-15 22:26:35.330726106,Requester,synthetic demo data,synthetic demo data
REQ-0066,Triage,2026-04-15 23:39:23.693935730,Service Desk,synthetic demo data,synthetic demo data
REQ-0066,Assigned to Team,2026-04-16 00:07:36.765919065,Service Desk,synthetic demo data,synthetic demo data
REQ-0066,Manager Approval,2026-04-16 18:33:34.800814321,Engineering Manager,synthetic demo data,synthetic demo data
REQ-0066,Security Review,2026-04-17 16:47:19.176010250,Security Team,synthetic demo data,synthetic demo data
REQ-0066,Implementation,2026-04-18 00:04:18.312603773,Dev Team,synthetic demo data,synthetic demo data
REQ-0066,QA Verification,2026-04-18 05:18:41.834859134,QA Team,synthetic demo data,synthetic demo data
REQ-0066,Closed - Completed,2026-04-18 07:09:08.769322165,Service Desk,synthetic demo data,synthetic demo data
REQ-0067,Request Submitted,2026-01-11 20:01:43.107731949,Requester,synthetic demo data,synthetic demo data
REQ-0067,Triage,2026-01-11 22:44:07.766439185,Service Desk,synthetic demo data,synthetic demo data
REQ-0067,Assigned to Team,2026-01-12 02:43:46.162679266,Service Desk,synthetic demo data,synthetic demo data
REQ-0067,Manager Approval,2026-01-13 14:07:12.074737133,Engineering Manager,synthetic demo data,synthetic demo data
REQ-0067,Security Review,2026-01-14 15:07:43.758282273,Security Team,synthetic demo data,synthetic demo data
REQ-0067,Implementation,2026-01-15 00:18:52.177493917,Dev Team,synthetic demo data,synthetic demo data
REQ-0067,QA Verification,2026-01-15 12:25:10.969163412,QA Team,synthetic demo data,synthetic demo data
REQ-0067,Closed - Completed,2026-01-15 14:19:57.430147622,Service Desk,synthetic demo data,synthetic demo data
REQ-0068,Request Submitted,2026-06-13 02:15:56.496687232,Requester,synthetic demo data,synthetic demo data
REQ-0068,Triage,2026-06-13 03:14:00.351073151,Service Desk,synthetic demo data,synthetic demo data
REQ-0068,Assigned to Team,2026-06-13 04:22:00.203420105,Service Desk,synthetic demo data,synthetic demo data
REQ-0068,Manager Approval,2026-06-13 21:55:24.818833266,Engineering Manager,synthetic demo data,synthetic demo data
REQ-0068,Security Review,2026-06-14 17:17:14.774467738,Security Team,synthetic demo data,synthetic demo data
REQ-0068,Implementation,2026-06-15 02:37:28.624318105,Dev Team,synthetic demo data,synthetic demo data
REQ-0068,QA Verification,2026-06-15 08:46:40.958550468,QA Team,synthetic demo data,synthetic demo data
REQ-0068,Closed - Completed,2026-06-15 10:00:45.031551721,Service Desk,synthetic demo data,synthetic demo data
REQ-0069,Request Submitted,2026-03-02 08:51:22.845000576,Requester,synthetic demo data,synthetic demo data
REQ-0069,Triage,2026-03-02 10:41:48.111093856,Service Desk,synthetic demo data,synthetic demo data
REQ-0069,Assigned to Team,2026-03-02 12:43:02.363912666,Service Desk,synthetic demo data,synthetic demo data
REQ-0069,Manager Approval,2026-03-04 02:23:43.131122487,Engineering Manager,synthetic demo data,synthetic demo data
REQ-0069,Security Review,2026-03-05 00:05:13.475357036,Security Team,synthetic demo data,synthetic demo data
REQ-0069,Implementation,2026-03-05 02:17:40.442821459,Dev Team,synthetic demo data,synthetic demo data
REQ-0069,QA Verification,2026-03-05 08:05:26.256056827,QA Team,synthetic demo data,synthetic demo data
REQ-0069,Closed - Completed,2026-03-05 10:21:09.584980294,Service Desk,synthetic demo data,synthetic demo data
REQ-0070,Request Submitted,2026-05-06 22:06:16.458549178,Requester,synthetic demo data,synthetic demo data
REQ-0070,Triage,2026-05-06 22:38:59.097602249,Service Desk,synthetic demo data,synthetic demo data
REQ-0070,Assigned to Team,2026-05-07 03:39:14.502542314,Service Desk,synthetic demo data,synthetic demo data
REQ-0070,Manager Approval,2026-05-09 03:07:31.181789309,Engineering Manager,synthetic demo data,synthetic demo data
REQ-0070,Security Review,2026-05-09 20:51:09.620157892,Security Team,synthetic demo data,synthetic demo data
REQ-0070,Implementation,2026-05-10 06:18:23.362622774,Dev Team,synthetic demo data,synthetic demo data
REQ-0070,QA Verification,2026-05-10 06:30:23.362622774,QA Team,synthetic demo data,synthetic demo data
REQ-0070,Closed - Completed,2026-05-10 07:21:00.511045818,Service Desk,synthetic demo data,synthetic demo data
REQ-0071,Request Submitted,2026-05-21 03:15:44.415320130,Requester,synthetic demo data,synthetic demo data
REQ-0071,Triage,2026-05-21 05:58:36.242657600,Service Desk,synthetic demo data,synthetic demo data
REQ-0071,Assigned to Team,2026-05-21 11:58:21.643923639,Service Desk,synthetic demo data,synthetic demo data
REQ-0071,Manager Approval,2026-05-22 01:30:00.262064402,Engineering Manager,synthetic demo data,synthetic demo data
REQ-0071,Security Review,2026-05-22 13:57:46.447772041,Security Team,synthetic demo data,synthetic demo data
REQ-0071,Implementation,2026-05-22 22:54:16.904275703,Dev Team,synthetic demo data,synthetic demo data
REQ-0071,QA Verification,2026-05-23 09:44:16.958679498,QA Team,synthetic demo data,synthetic demo data
REQ-0071,Closed - Completed,2026-05-23 10:30:56.411154354,Service Desk,synthetic demo data,synthetic demo data
REQ-0072,Request Submitted,2026-02-22 06:08:45.673827902,Requester,synthetic demo data,synthetic demo data
REQ-0072,Triage,2026-02-22 06:29:39.340894456,Service Desk,synthetic demo data,synthetic demo data
REQ-0072,Assigned to Team,2026-02-22 07:34:21.567177488,Service Desk,synthetic demo data,synthetic demo data
REQ-0072,Manager Approval,2026-02-23 07:38:31.794211861,Engineering Manager,synthetic demo data,synthetic demo data
REQ-0072,Security Review,2026-02-23 22:57:24.729635345,Security Team,synthetic demo data,synthetic demo data
REQ-0072,Implementation,2026-02-24 10:12:26.188178997,Dev Team,synthetic demo data,synthetic demo data
REQ-0072,QA Verification,2026-02-24 16:55:56.113153062,QA Team,synthetic demo data,synthetic demo data
REQ-0072,Closed - Completed,2026-02-24 17:09:26.249738350,Service Desk,synthetic demo data,synthetic demo data
REQ-0073,Request Submitted,2026-03-15 11:00:29.986122020,Requester,synthetic demo data,synthetic demo data
REQ-0073,Triage,2026-03-15 14:16:57.996103008,Service Desk,synthetic demo data,synthetic demo data
REQ-0073,Assigned to Team,2026-03-15 16:20:29.023406248,Service Desk,synthetic demo data,synthetic demo data
REQ-0073,Manager Approval,2026-03-16 13:25:43.613137895,Engineering Manager,synthetic demo data,synthetic demo data
REQ-0073,Security Review,2026-03-17 14:17:56.277327961,Security Team,synthetic demo data,synthetic demo data
REQ-0073,Implementation,2026-03-18 01:21:02.418673612,Dev Team,synthetic demo data,synthetic demo data
REQ-0073,QA Verification,2026-03-18 08:41:41.891804123,QA Team,synthetic demo data,synthetic demo data
REQ-0073,Closed - Completed,2026-03-18 09:00:33.741461537,Service Desk,synthetic demo data,synthetic demo data
REQ-0074,Request Submitted,2026-01-10 03:22:38.641425015,Requester,synthetic demo data,synthetic demo data
REQ-0074,Triage,2026-01-10 05:36:45.635426732,Service Desk,synthetic demo data,synthetic demo data
REQ-0074,Assigned to Team,2026-01-10 06:28:37.469475577,Service Desk,synthetic demo data,synthetic demo data
REQ-0074,Manager Approval,2026-01-11 18:43:32.105711747,Engineering Manager,synthetic demo data,synthetic demo data
REQ-0074,Closed - Rejected,2026-01-11 19:43:32.105711747,Service Desk,synthetic demo data,synthetic demo data
REQ-0075,Request Submitted,2026-06-05 03:46:20.235361670,Requester,synthetic demo data,synthetic demo data
REQ-0075,Triage,2026-06-05 06:29:09.987853006,Service Desk,synthetic demo data,synthetic demo data
REQ-0075,Assigned to Team,2026-06-05 09:50:54.868270060,Service Desk,synthetic demo data,synthetic demo data
REQ-0075,Manager Approval,2026-06-06 07:15:10.437479857,Engineering Manager,synthetic demo data,synthetic demo data
REQ-0075,Security Review,2026-06-07 16:18:48.632188139,Security Team,synthetic demo data,synthetic demo data
REQ-0075,Implementation,2026-06-07 22:33:03.237317534,Dev Team,synthetic demo data,synthetic demo data
REQ-0075,QA Verification,2026-06-08 04:38:50.000196420,QA Team,synthetic demo data,synthetic demo data
REQ-0075,Closed - Completed,2026-06-08 06:54:58.088608062,Service Desk,synthetic demo data,synthetic demo data
REQ-0076,Request Submitted,2026-05-02 06:52:53.634915104,Requester,synthetic demo data,synthetic demo data
REQ-0076,Triage,2026-05-02 08:20:53.206465310,Service Desk,synthetic demo data,synthetic demo data
REQ-0076,Assigned to Team,2026-05-02 10:43:50.359525342,Service Desk,synthetic demo data,synthetic demo data
REQ-0076,Manager Approval,2026-05-04 11:48:27.548571430,Engineering Manager,synthetic demo data,synthetic demo data
REQ-0076,Closed - Rejected,2026-05-04 12:48:27.548571430,Service Desk,synthetic demo data,synthetic demo data
REQ-0077,Request Submitted,2026-02-13 03:41:02.866984009,Requester,synthetic demo data,synthetic demo data
REQ-0077,Triage,2026-02-13 07:17:42.240166051,Service Desk,synthetic demo data,synthetic demo data
REQ-0077,Assigned to Team,2026-02-13 14:07:08.611110128,Service Desk,synthetic demo data,synthetic demo data
REQ-0077,Manager Approval,2026-02-14 14:26:43.040131481,Engineering Manager,synthetic demo data,synthetic demo data
REQ-0077,Security Review,2026-02-14 17:00:49.487615387,Security Team,synthetic demo data,synthetic demo data
REQ-0077,Implementation,2026-02-14 23:46:18.518358165,Dev Team,synthetic demo data,synthetic demo data
REQ-0077,QA Verification,2026-02-15 04:54:47.310499885,QA Team,synthetic demo data,synthetic demo data
REQ-0077,Closed - Completed,2026-02-15 06:43:23.584672204,Service Desk,synthetic demo data,synthetic demo data
REQ-0078,Request Submitted,2026-02-04 03:24:16.941522969,Requester,synthetic demo data,synthetic demo data
REQ-0078,Triage,2026-02-04 05:55:45.168073998,Service Desk,synthetic demo data,synthetic demo data
REQ-0078,Assigned to Team,2026-02-04 06:41:15.377726973,Service Desk,synthetic demo data,synthetic demo data
REQ-0078,Manager Approval,2026-02-05 22:28:34.893004395,Engineering Manager,synthetic demo data,synthetic demo data
REQ-0078,Closed - Rejected,2026-02-05 23:28:34.893004395,Service Desk,synthetic demo data,synthetic demo data
REQ-0079,Request Submitted,2026-06-29 03:34:16.891278326,Requester,synthetic demo data,synthetic demo data
REQ-0079,Triage,2026-06-29 05:14:02.520694879,Service Desk,synthetic demo data,synthetic demo data
REQ-0079,Assigned to Team,2026-06-29 08:01:15.703337078,Service Desk,synthetic demo data,synthetic demo data
REQ-0079,Manager Approval,2026-06-30 22:38:04.644392293,Engineering Manager,synthetic demo data,synthetic demo data
REQ-0079,Security Review,2026-07-01 03:03:30.884373859,Security Team,synthetic demo data,synthetic demo data
REQ-0079,Implementation,2026-07-01 11:42:58.110496732,Dev Team,synthetic demo data,synthetic demo data
REQ-0079,QA Verification,2026-07-01 16:32:41.099842533,QA Team,synthetic demo data,synthetic demo data
REQ-0079,Closed - Completed,2026-07-01 20:23:33.269889174,Service Desk,synthetic demo data,synthetic demo data
REQ-0080,Request Submitted,2026-01-25 13:27:54.235844732,Requester,synthetic demo data,synthetic demo data
REQ-0080,Triage,2026-01-25 14:21:40.769332716,Service Desk,synthetic demo data,synthetic demo data
REQ-0080,Assigned to Team,2026-01-25 18:14:31.968833451,Service Desk,synthetic demo data,synthetic demo data
REQ-0080,Manager Approval,2026-01-27 04:42:49.742128528,Engineering Manager,synthetic demo data,synthetic demo data
REQ-0080,Security Review,2026-01-27 16:53:32.611297709,Security Team,synthetic demo data,synthetic demo data
REQ-0080,Implementation,2026-01-28 01:36:07.115348480,Dev Team,synthetic demo data,synthetic demo data
REQ-0080,QA Verification,2026-01-28 11:14:22.318786261,QA Team,synthetic demo data,synthetic demo data
REQ-0080,Closed - Completed,2026-01-28 12:54:56.668650829,Service Desk,synthetic demo data,synthetic demo data
REQ-0081,Request Submitted,2026-06-22 00:47:02.611278844,Requester,synthetic demo data,synthetic demo data
REQ-0081,Triage,2026-06-22 01:52:53.888137590,Service Desk,synthetic demo data,synthetic demo data
REQ-0081,Assigned to Team,2026-06-22 04:22:05.247068805,Service Desk,synthetic demo data,synthetic demo data
REQ-0081,Manager Approval,2026-06-23 09:13:33.223476674,Engineering Manager,synthetic demo data,synthetic demo data
REQ-0081,Security Review,2026-06-23 13:52:30.091677771,Security Team,synthetic demo data,synthetic demo data
REQ-0081,Implementation,2026-06-23 15:24:44.611591553,Dev Team,synthetic demo data,synthetic demo data
REQ-0081,QA Verification,2026-06-23 22:51:30.933415228,QA Team,synthetic demo data,synthetic demo data
REQ-0081,Closed - Completed,2026-06-24 00:20:09.146109017,Service Desk,synthetic demo data,synthetic demo data
REQ-0082,Request Submitted,2026-05-13 23:48:48.749348372,Requester,synthetic demo data,synthetic demo data
REQ-0082,Triage,2026-05-14 02:05:09.280467359,Service Desk,synthetic demo data,synthetic demo data
REQ-0082,Assigned to Team,2026-05-14 04:00:54.356417561,Service Desk,synthetic demo data,synthetic demo data
REQ-0082,Manager Approval,2026-05-14 15:34:46.113780225,Engineering Manager,synthetic demo data,synthetic demo data
REQ-0082,Security Review,2026-05-15 19:06:06.289620809,Security Team,synthetic demo data,synthetic demo data
REQ-0082,Implementation,2026-05-16 04:29:56.938585679,Dev Team,synthetic demo data,synthetic demo data
REQ-0082,QA Verification,2026-05-16 17:38:49.043238666,QA Team,synthetic demo data,synthetic demo data
REQ-0082,Closed - Completed,2026-05-16 20:04:01.722194075,Service Desk,synthetic demo data,synthetic demo data
REQ-0083,Request Submitted,2026-05-22 22:19:46.259798648,Requester,synthetic demo data,synthetic demo data
REQ-0083,Triage,2026-05-23 01:08:46.652920570,Service Desk,synthetic demo data,synthetic demo data
REQ-0083,Assigned to Team,2026-05-23 05:05:02.113007310,Service Desk,synthetic demo data,synthetic demo data
REQ-0083,Manager Approval,2026-05-25 04:36:29.053438995,Engineering Manager,synthetic demo data,synthetic demo data
REQ-0083,Security Review,2026-05-25 19:54:58.190875146,Security Team,synthetic demo data,synthetic demo data
REQ-0083,Implementation,2026-05-26 02:10:28.323264752,Dev Team,synthetic demo data,synthetic demo data
REQ-0083,QA Verification,2026-05-26 06:44:14.009018902,QA Team,synthetic demo data,synthetic demo data
REQ-0083,Closed - Completed,2026-05-26 09:31:40.895215146,Service Desk,synthetic demo data,synthetic demo data
REQ-0084,Request Submitted,2026-01-19 17:10:57.934555801,Requester,synthetic demo data,synthetic demo data
REQ-0084,Triage,2026-01-19 18:45:28.749135745,Service Desk,synthetic demo data,synthetic demo data
REQ-0084,Assigned to Team,2026-01-19 22:13:44.766144641,Service Desk,synthetic demo data,synthetic demo data
REQ-0084,Manager Approval,2026-01-21 00:47:18.386543990,Engineering Manager,synthetic demo data,synthetic demo data
REQ-0084,Security Review,2026-01-22 05:21:24.924905722,Security Team,synthetic demo data,synthetic demo data
REQ-0084,Implementation,2026-01-22 05:33:24.924905722,Dev Team,synthetic demo data,synthetic demo data
REQ-0084,QA Verification,2026-01-22 09:04:36.510399019,QA Team,synthetic demo data,synthetic demo data
REQ-0084,Closed - Completed,2026-01-22 10:17:39.811596757,Service Desk,synthetic demo data,synthetic demo data
REQ-0085,Request Submitted,2026-02-14 16:00:27.942124803,Requester,synthetic demo data,synthetic demo data
REQ-0085,Triage,2026-02-14 17:05:33.380107757,Service Desk,synthetic demo data,synthetic demo data
REQ-0085,Assigned to Team,2026-02-14 19:47:27.414973355,Service Desk,synthetic demo data,synthetic demo data
REQ-0085,Manager Approval,2026-02-16 17:22:20.895913032,Engineering Manager,synthetic demo data,synthetic demo data
REQ-0085,Closed - Rejected,2026-02-16 18:22:20.895913032,Service Desk,synthetic demo data,synthetic demo data
REQ-0086,Request Submitted,2026-01-10 13:08:57.425004628,Requester,synthetic demo data,synthetic demo data
REQ-0086,Triage,2026-01-10 15:05:32.388656259,Service Desk,synthetic demo data,synthetic demo data
REQ-0086,Assigned to Team,2026-01-10 19:39:57.926212042,Service Desk,synthetic demo data,synthetic demo data
REQ-0086,Manager Approval,2026-01-11 12:00:09.601879850,Engineering Manager,synthetic demo data,synthetic demo data
REQ-0086,Closed - Rejected,2026-01-11 13:00:09.601879850,Service Desk,synthetic demo data,synthetic demo data
REQ-0087,Request Submitted,2026-02-07 15:19:43.461793876,Requester,synthetic demo data,synthetic demo data
REQ-0087,Triage,2026-02-07 17:06:25.931777245,Service Desk,synthetic demo data,synthetic demo data
REQ-0087,Assigned to Team,2026-02-07 21:04:42.349107076,Service Desk,synthetic demo data,synthetic demo data
REQ-0087,Manager Approval,2026-02-09 02:53:14.550800593,Engineering Manager,synthetic demo data,synthetic demo data
REQ-0087,Security Review,2026-02-10 05:12:08.452998694,Security Team,synthetic demo data,synthetic demo data
REQ-0087,Implementation,2026-02-10 09:03:43.328156508,Dev Team,synthetic demo data,synthetic demo data
REQ-0087,QA Verification,2026-02-10 15:01:32.813927994,QA Team,synthetic demo data,synthetic demo data
REQ-0087,Closed - Completed,2026-02-10 16:48:54.329876286,Service Desk,synthetic demo data,synthetic demo data
REQ-0088,Request Submitted,2026-03-29 11:38:55.205200101,Requester,synthetic demo data,synthetic demo data
REQ-0088,Triage,2026-03-29 14:20:03.901727089,Service Desk,synthetic demo data,synthetic demo data
REQ-0088,Assigned to Team,2026-03-29 16:48:28.758863111,Service Desk,synthetic demo data,synthetic demo data
REQ-0088,Manager Approval,2026-03-30 08:29:45.832668085,Engineering Manager,synthetic demo data,synthetic demo data
REQ-0088,Security Review,2026-03-31 03:37:49.635111769,Security Team,synthetic demo data,synthetic demo data
REQ-0088,Implementation,2026-03-31 16:08:33.106657598,Dev Team,synthetic demo data,synthetic demo data
REQ-0088,QA Verification,2026-03-31 16:20:33.106657598,QA Team,synthetic demo data,synthetic demo data
REQ-0088,Closed - Completed,2026-03-31 16:50:45.207373946,Service Desk,synthetic demo data,synthetic demo data
REQ-0089,Request Submitted,2026-05-03 08:40:33.978309858,Requester,synthetic demo data,synthetic demo data
REQ-0089,Triage,2026-05-03 10:57:31.291448367,Service Desk,synthetic demo data,synthetic demo data
REQ-0089,Assigned to Team,2026-05-03 15:06:34.804546857,Service Desk,synthetic demo data,synthetic demo data
REQ-0089,Manager Approval,2026-05-04 05:08:50.694222894,Engineering Manager,synthetic demo data,synthetic demo data
REQ-0089,Security Review,2026-05-04 15:04:17.731864128,Security Team,synthetic demo data,synthetic demo data
REQ-0089,Implementation,2026-05-05 00:51:46.249384935,Dev Team,synthetic demo data,synthetic demo data
REQ-0089,QA Verification,2026-05-05 07:02:15.612159037,QA Team,synthetic demo data,synthetic demo data
REQ-0089,Closed - Completed,2026-05-05 09:35:11.071906947,Service Desk,synthetic demo data,synthetic demo data
REQ-0090,Request Submitted,2026-01-26 06:02:49.939722430,Requester,synthetic demo data,synthetic demo data
REQ-0090,Triage,2026-01-26 08:12:19.168428088,Service Desk,synthetic demo data,synthetic demo data
REQ-0090,Assigned to Team,2026-01-26 12:22:19.112329146,Service Desk,synthetic demo data,synthetic demo data
REQ-0090,Manager Approval,2026-01-28 05:40:12.329739147,Engineering Manager,synthetic demo data,synthetic demo data
REQ-0090,Security Review,2026-01-28 11:05:28.477120853,Security Team,synthetic demo data,synthetic demo data
REQ-0090,Implementation,2026-01-28 11:17:28.477120853,Dev Team,synthetic demo data,synthetic demo data
REQ-0090,QA Verification,2026-01-28 20:17:47.327415489,QA Team,synthetic demo data,synthetic demo data
REQ-0090,Closed - Completed,2026-01-28 23:29:03.137751231,Service Desk,synthetic demo data,synthetic demo data
REQ-0091,Request Submitted,2026-04-16 14:38:38.592778794,Requester,synthetic demo data,synthetic demo data
REQ-0091,Triage,2026-04-16 16:44:35.118134419,Service Desk,synthetic demo data,synthetic demo data
REQ-0091,Assigned to Team,2026-04-16 21:08:21.644556711,Service Desk,synthetic demo data,synthetic demo data
REQ-0091,Manager Approval,2026-04-19 04:18:20.408487400,Engineering Manager,synthetic demo data,synthetic demo data
REQ-0091,Security Review,2026-04-20 04:57:08.449823487,Security Team,synthetic demo data,synthetic demo data
REQ-0091,Implementation,2026-04-20 11:27:55.729392652,Dev Team,synthetic demo data,synthetic demo data
REQ-0091,QA Verification,2026-04-20 14:47:09.918679535,QA Team,synthetic demo data,synthetic demo data
REQ-0091,Closed - Completed,2026-04-20 16:47:51.143329549,Service Desk,synthetic demo data,synthetic demo data
REQ-0092,Request Submitted,2026-06-14 18:11:19.325398494,Requester,synthetic demo data,synthetic demo data
REQ-0092,Triage,2026-06-14 22:14:14.845741601,Service Desk,synthetic demo data,synthetic demo data
REQ-0092,Assigned to Team,2026-06-15 03:54:54.755112790,Service Desk,synthetic demo data,synthetic demo data
REQ-0092,Manager Approval,2026-06-17 01:49:11.608763983,Engineering Manager,synthetic demo data,synthetic demo data
REQ-0092,Security Review,2026-06-17 13:31:56.055874967,Security Team,synthetic demo data,synthetic demo data
REQ-0092,Implementation,2026-06-18 00:57:08.334144847,Dev Team,synthetic demo data,synthetic demo data
REQ-0092,QA Verification,2026-06-18 08:52:16.299367424,QA Team,synthetic demo data,synthetic demo data
REQ-0092,Closed - Completed,2026-06-18 11:18:49.463614558,Service Desk,synthetic demo data,synthetic demo data
REQ-0093,Request Submitted,2026-02-09 07:39:23.772145443,Requester,synthetic demo data,synthetic demo data
REQ-0093,Triage,2026-02-09 10:23:47.823396138,Service Desk,synthetic demo data,synthetic demo data
REQ-0093,Assigned to Team,2026-02-09 14:21:07.117326347,Service Desk,synthetic demo data,synthetic demo data
REQ-0093,Manager Approval,2026-02-11 01:07:23.004289653,Engineering Manager,synthetic demo data,synthetic demo data
REQ-0093,Security Review,2026-02-11 05:04:14.003686913,Security Team,synthetic demo data,synthetic demo data
REQ-0093,Implementation,2026-02-11 13:24:18.147201625,Dev Team,synthetic demo data,synthetic demo data
REQ-0093,QA Verification,2026-02-11 17:44:11.274046054,QA Team,synthetic demo data,synthetic demo data
REQ-0093,Closed - Completed,2026-02-11 18:27:23.846598549,Service Desk,synthetic demo data,synthetic demo data
REQ-0094,Request Submitted,2026-05-07 19:57:14.897351158,Requester,synthetic demo data,synthetic demo data
REQ-0094,Triage,2026-05-07 23:18:48.091512222,Service Desk,synthetic demo data,synthetic demo data
REQ-0094,Assigned to Team,2026-05-08 02:41:46.243963243,Service Desk,synthetic demo data,synthetic demo data
REQ-0094,Manager Approval,2026-05-10 03:36:17.750059256,Engineering Manager,synthetic demo data,synthetic demo data
REQ-0094,Security Review,2026-05-10 23:42:48.273110755,Security Team,synthetic demo data,synthetic demo data
REQ-0094,Implementation,2026-05-11 08:31:28.553898083,Dev Team,synthetic demo data,synthetic demo data
REQ-0094,QA Verification,2026-05-11 11:14:39.063097093,QA Team,synthetic demo data,synthetic demo data
REQ-0094,Closed - Completed,2026-05-11 13:38:28.231793288,Service Desk,synthetic demo data,synthetic demo data
REQ-0095,Request Submitted,2026-04-01 16:30:16.095003937,Requester,synthetic demo data,synthetic demo data
REQ-0095,Triage,2026-04-01 18:27:11.785401397,Service Desk,synthetic demo data,synthetic demo data
REQ-0095,Assigned to Team,2026-04-01 21:20:01.245756570,Service Desk,synthetic demo data,synthetic demo data
REQ-0095,Manager Approval,2026-04-04 04:29:58.328555459,Engineering Manager,synthetic demo data,synthetic demo data
REQ-0095,Security Review,2026-04-05 08:32:50.840399293,Security Team,synthetic demo data,synthetic demo data
REQ-0095,Implementation,2026-04-05 16:35:35.654722210,Dev Team,synthetic demo data,synthetic demo data
REQ-0095,QA Verification,2026-04-05 23:20:22.557668061,QA Team,synthetic demo data,synthetic demo data
REQ-0095,Closed - Completed,2026-04-06 01:23:01.722229236,Service Desk,synthetic demo data,synthetic demo data
REQ-0096,Request Submitted,2026-04-06 21:23:08.824708108,Requester,synthetic demo data,synthetic demo data
REQ-0096,Triage,2026-04-06 23:14:05.037948723,Service Desk,synthetic demo data,synthetic demo data
REQ-0096,Assigned to Team,2026-04-07 01:06:56.107362799,Service Desk,synthetic demo data,synthetic demo data
REQ-0096,Manager Approval,2026-04-07 13:36:40.204201072,Engineering Manager,synthetic demo data,synthetic demo data
REQ-0096,Security Review,2026-04-08 14:12:43.790992412,Security Team,synthetic demo data,synthetic demo data
REQ-0096,Implementation,2026-04-08 23:46:38.002095450,Dev Team,synthetic demo data,synthetic demo data
REQ-0096,QA Verification,2026-04-09 00:25:01.560972674,QA Team,synthetic demo data,synthetic demo data
REQ-0096,Closed - Completed,2026-04-09 02:17:39.896277691,Service Desk,synthetic demo data,synthetic demo data
REQ-0097,Request Submitted,2026-04-17 14:29:00.623912432,Requester,synthetic demo data,synthetic demo data
REQ-0097,Triage,2026-04-17 17:30:33.636546818,Service Desk,synthetic demo data,synthetic demo data
REQ-0097,Assigned to Team,2026-04-17 20:34:03.767864085,Service Desk,synthetic demo data,synthetic demo data
REQ-0097,Manager Approval,2026-04-18 14:44:13.483334439,Engineering Manager,synthetic demo data,synthetic demo data
REQ-0097,Security Review,2026-04-19 00:59:01.641328037,Security Team,synthetic demo data,synthetic demo data
REQ-0097,Implementation,2026-04-19 10:21:43.951956442,Dev Team,synthetic demo data,synthetic demo data
REQ-0097,QA Verification,2026-04-19 17:30:00.176327585,QA Team,synthetic demo data,synthetic demo data
REQ-0097,Closed - Completed,2026-04-19 20:47:14.568329363,Service Desk,synthetic demo data,synthetic demo data
REQ-0098,Request Submitted,2026-04-12 10:10:16.592807105,Requester,synthetic demo data,synthetic demo data
REQ-0098,Triage,2026-04-12 10:55:37.451643205,Service Desk,synthetic demo data,synthetic demo data
REQ-0098,Assigned to Team,2026-04-12 13:26:54.276019346,Service Desk,synthetic demo data,synthetic demo data
REQ-0098,Manager Approval,2026-04-13 22:29:22.728237796,Engineering Manager,synthetic demo data,synthetic demo data
REQ-0098,Security Review,2026-04-14 16:40:15.231087179,Security Team,synthetic demo data,synthetic demo data
REQ-0098,Implementation,2026-04-14 22:21:33.555930860,Dev Team,synthetic demo data,synthetic demo data
REQ-0098,QA Verification,2026-04-15 05:07:04.711932534,QA Team,synthetic demo data,synthetic demo data
REQ-0098,Closed - Completed,2026-04-15 06:36:50.464063455,Service Desk,synthetic demo data,synthetic demo data
REQ-0099,Request Submitted,2026-01-18 07:23:27.169966283,Requester,synthetic demo data,synthetic demo data
REQ-0099,Triage,2026-01-18 08:59:19.996677817,Service Desk,synthetic demo data,synthetic demo data
REQ-0099,Assigned to Team,2026-01-18 12:21:18.160378300,Service Desk,synthetic demo data,synthetic demo data
REQ-0099,Manager Approval,2026-01-19 22:10:47.643130046,Engineering Manager,synthetic demo data,synthetic demo data
REQ-0099,Security Review,2026-01-20 07:55:30.143494678,Security Team,synthetic demo data,synthetic demo data
REQ-0099,Implementation,2026-01-20 14:00:00.271311016,Dev Team,synthetic demo data,synthetic demo data
REQ-0099,QA Verification,2026-01-21 00:18:48.262262113,QA Team,synthetic demo data,synthetic demo data
REQ-0099,Closed - Completed,2026-01-21 01:09:04.776016269,Service Desk,synthetic demo data,synthetic demo data
REQ-0100,Request Submitted,2026-03-25 22:32:23.412894922,Requester,synthetic demo data,synthetic demo data
REQ-0100,Triage,2026-03-26 00:34:08.208702598,Service Desk,synthetic demo data,synthetic demo data
REQ-0100,Assigned to Team,2026-03-26 03:36:55.162003974,Service Desk,synthetic demo data,synthetic demo data
REQ-0100,Manager Approval,2026-03-27 07:58:07.574890547,Engineering Manager,synthetic demo data,synthetic demo data
REQ-0100,Security Review,2026-03-28 14:53:47.325347830,Security Team,synthetic demo data,synthetic demo data
REQ-0100,Implementation,2026-03-28 15:05:47.325347830,Dev Team,synthetic demo data,synthetic demo data
REQ-0100,QA Verification,2026-03-28 22:17:03.411191682,QA Team,synthetic demo data,synthetic demo data
REQ-0100,Closed - Completed,2026-03-29 01:50:44.588718174,Service Desk,synthetic demo data,synthetic demo data
REQ-0101,Request Submitted,2026-01-20 04:56:13.985507863,Requester,synthetic demo data,synthetic demo data
REQ-0101,Triage,2026-01-20 06:11:03.574605839,Service Desk,synthetic demo data,synthetic demo data
REQ-0101,Assigned to Team,2026-01-20 07:50:34.105957020,Service Desk,synthetic demo data,synthetic demo data
REQ-0101,Manager Approval,2026-01-21 09:16:30.500903858,Engineering Manager,synthetic demo data,synthetic demo data
REQ-0101,Security Review,2026-01-22 18:07:21.024095235,Security Team,synthetic demo data,synthetic demo data
REQ-0101,Implementation,2026-01-23 09:28:19.392222255,Dev Team,synthetic demo data,synthetic demo data
REQ-0101,QA Verification,2026-01-23 14:27:51.248591821,QA Team,synthetic demo data,synthetic demo data
REQ-0101,Closed - Completed,2026-01-23 18:22:09.465362453,Service Desk,synthetic demo data,synthetic demo data
REQ-0102,Request Submitted,2026-03-09 06:15:54.068891546,Requester,synthetic demo data,synthetic demo data
REQ-0102,Triage,2026-03-09 08:10:18.193752793,Service Desk,synthetic demo data,synthetic demo data
REQ-0102,Assigned to Team,2026-03-09 11:22:05.906013442,Service Desk,synthetic demo data,synthetic demo data
REQ-0102,Manager Approval,2026-03-10 22:29:05.819434640,Engineering Manager,synthetic demo data,synthetic demo data
REQ-0102,Security Review,2026-03-12 23:05:40.678646148,Security Team,synthetic demo data,synthetic demo data
REQ-0102,Implementation,2026-03-13 10:29:59.190923912,Dev Team,synthetic demo data,synthetic demo data
REQ-0102,QA Verification,2026-03-13 14:22:40.734000436,QA Team,synthetic demo data,synthetic demo data
REQ-0102,Closed - Completed,2026-03-13 17:20:49.126333429,Service Desk,synthetic demo data,synthetic demo data
REQ-0103,Request Submitted,2026-06-17 17:50:51.059498128,Requester,synthetic demo data,synthetic demo data
REQ-0103,Triage,2026-06-17 20:45:22.024393739,Service Desk,synthetic demo data,synthetic demo data
REQ-0103,Assigned to Team,2026-06-17 23:48:09.886567703,Service Desk,synthetic demo data,synthetic demo data
REQ-0103,Manager Approval,2026-06-19 09:42:10.112659098,Engineering Manager,synthetic demo data,synthetic demo data
REQ-0103,Security Review,2026-06-20 05:49:43.233847533,Security Team,synthetic demo data,synthetic demo data
REQ-0103,Implementation,2026-06-20 15:10:30.030870651,Dev Team,synthetic demo data,synthetic demo data
REQ-0103,QA Verification,2026-06-20 22:26:59.662562961,QA Team,synthetic demo data,synthetic demo data
REQ-0103,Closed - Completed,2026-06-20 22:38:59.662562961,Service Desk,synthetic demo data,synthetic demo data
REQ-0104,Request Submitted,2026-06-21 06:09:39.790141520,Requester,synthetic demo data,synthetic demo data
REQ-0104,Triage,2026-06-21 06:43:07.513253506,Service Desk,synthetic demo data,synthetic demo data
REQ-0104,Assigned to Team,2026-06-21 09:37:52.092536669,Service Desk,synthetic demo data,synthetic demo data
REQ-0104,Manager Approval,2026-06-22 16:48:24.735103717,Engineering Manager,synthetic demo data,synthetic demo data
REQ-0104,Security Review,2026-06-23 06:33:55.135371575,Security Team,synthetic demo data,synthetic demo data
REQ-0104,Implementation,2026-06-23 17:53:21.994121993,Dev Team,synthetic demo data,synthetic demo data
REQ-0104,QA Verification,2026-06-23 19:51:46.502325187,QA Team,synthetic demo data,synthetic demo data
REQ-0104,Closed - Completed,2026-06-23 21:27:21.504829605,Service Desk,synthetic demo data,synthetic demo data
REQ-0105,Request Submitted,2026-03-25 16:33:35.604669781,Requester,synthetic demo data,synthetic demo data
REQ-0105,Triage,2026-03-25 18:50:19.516094511,Service Desk,synthetic demo data,synthetic demo data
REQ-0105,Assigned to Team,2026-03-25 20:19:36.894166543,Service Desk,synthetic demo data,synthetic demo data
REQ-0105,Manager Approval,2026-03-27 12:28:00.741110336,Engineering Manager,synthetic demo data,synthetic demo data
REQ-0105,Security Review,2026-03-28 09:02:02.017844380,Security Team,synthetic demo data,synthetic demo data
REQ-0105,Implementation,2026-03-28 09:27:57.991796688,Dev Team,synthetic demo data,synthetic demo data
REQ-0105,QA Verification,2026-03-28 09:39:57.991796688,QA Team,synthetic demo data,synthetic demo data
REQ-0105,Closed - Completed,2026-03-28 11:39:13.642342142,Service Desk,synthetic demo data,synthetic demo data
REQ-0106,Request Submitted,2026-02-23 10:25:24.463783288,Requester,synthetic demo data,synthetic demo data
REQ-0106,Triage,2026-02-23 12:23:43.726939779,Service Desk,synthetic demo data,synthetic demo data
REQ-0106,Assigned to Team,2026-02-23 15:44:01.750073133,Service Desk,synthetic demo data,synthetic demo data
REQ-0106,Manager Approval,2026-02-25 11:00:03.290409487,Engineering Manager,synthetic demo data,synthetic demo data
REQ-0106,Security Review,2026-02-25 21:00:03.491619758,Security Team,synthetic demo data,synthetic demo data
REQ-0106,Implementation,2026-02-26 00:18:47.100681986,Dev Team,synthetic demo data,synthetic demo data
REQ-0106,QA Verification,2026-02-26 03:01:59.203016802,QA Team,synthetic demo data,synthetic demo data
REQ-0106,Closed - Completed,2026-02-26 05:19:19.303018609,Service Desk,synthetic demo data,synthetic demo data
REQ-0107,Request Submitted,2026-02-25 04:17:43.419755263,Requester,synthetic demo data,synthetic demo data
REQ-0107,Triage,2026-02-25 04:29:43.419755263,Service Desk,synthetic demo data,synthetic demo data
REQ-0107,Assigned to Team,2026-02-25 04:56:21.858297166,Service Desk,synthetic demo data,synthetic demo data
REQ-0107,Manager Approval,2026-02-25 23:16:36.807468247,Engineering Manager,synthetic demo data,synthetic demo data
REQ-0107,Security Review,2026-02-26 14:15:26.391513402,Security Team,synthetic demo data,synthetic demo data
REQ-0107,Implementation,2026-02-26 20:37:25.595280933,Dev Team,synthetic demo data,synthetic demo data
REQ-0107,QA Verification,2026-02-27 02:44:22.271409126,QA Team,synthetic demo data,synthetic demo data
REQ-0107,Closed - Completed,2026-02-27 04:25:39.984618165,Service Desk,synthetic demo data,synthetic demo data
REQ-0108,Request Submitted,2026-06-02 17:21:04.470024708,Requester,synthetic demo data,synthetic demo data
REQ-0108,Triage,2026-06-02 18:29:20.125370596,Service Desk,synthetic demo data,synthetic demo data
REQ-0108,Assigned to Team,2026-06-02 22:12:26.053278606,Service Desk,synthetic demo data,synthetic demo data
REQ-0108,Manager Approval,2026-06-03 06:42:29.692954329,Engineering Manager,synthetic demo data,synthetic demo data
REQ-0108,Security Review,2026-06-04 06:12:55.704206697,Security Team,synthetic demo data,synthetic demo data
REQ-0108,Implementation,2026-06-04 14:37:32.470052355,Dev Team,synthetic demo data,synthetic demo data
REQ-0108,QA Verification,2026-06-04 20:11:00.091161238,QA Team,synthetic demo data,synthetic demo data
REQ-0108,Closed - Completed,2026-06-04 23:46:17.885146975,Service Desk,synthetic demo data,synthetic demo data
REQ-0109,Request Submitted,2026-06-18 20:26:52.299990916,Requester,synthetic demo data,synthetic demo data
REQ-0109,Triage,2026-06-18 21:10:15.040789023,Service Desk,synthetic demo data,synthetic demo data
REQ-0109,Closed - Cancelled,2026-06-18 22:10:15.040789023,Service Desk,synthetic demo data,synthetic demo data
REQ-0110,Request Submitted,2026-02-17 23:48:43.143025190,Requester,synthetic demo data,synthetic demo data
REQ-0110,Triage,2026-02-18 01:03:36.821973061,Service Desk,synthetic demo data,synthetic demo data
REQ-0110,Assigned to Team,2026-02-18 04:39:20.801793144,Service Desk,synthetic demo data,synthetic demo data
REQ-0110,Manager Approval,2026-02-19 18:26:02.139061110,Engineering Manager,synthetic demo data,synthetic demo data
REQ-0110,Security Review,2026-02-20 08:50:03.905572872,Security Team,synthetic demo data,synthetic demo data
REQ-0110,Implementation,2026-02-20 20:47:02.539661540,Dev Team,synthetic demo data,synthetic demo data
REQ-0110,QA Verification,2026-02-21 06:15:23.623448168,QA Team,synthetic demo data,synthetic demo data
REQ-0110,Closed - Completed,2026-02-21 09:41:34.309771795,Service Desk,synthetic demo data,synthetic demo data
REQ-0111,Request Submitted,2026-04-05 22:16:25.331964090,Requester,synthetic demo data,synthetic demo data
REQ-0111,Triage,2026-04-05 22:28:25.331964090,Service Desk,synthetic demo data,synthetic demo data
REQ-0111,Assigned to Team,2026-04-06 00:59:48.636601496,Service Desk,synthetic demo data,synthetic demo data
REQ-0111,Manager Approval,2026-04-06 18:51:31.571682795,Engineering Manager,synthetic demo data,synthetic demo data
REQ-0111,Security Review,2026-04-07 15:55:54.489583322,Security Team,synthetic demo data,synthetic demo data
REQ-0111,Implementation,2026-04-07 21:38:45.620826888,Dev Team,synthetic demo data,synthetic demo data
REQ-0111,QA Verification,2026-04-08 03:08:51.116133830,QA Team,synthetic demo data,synthetic demo data
REQ-0111,Closed - Completed,2026-04-08 07:01:46.945702564,Service Desk,synthetic demo data,synthetic demo data
REQ-0112,Request Submitted,2026-04-05 17:30:04.600470207,Requester,synthetic demo data,synthetic demo data
REQ-0112,Triage,2026-04-05 19:16:08.430882479,Service Desk,synthetic demo data,synthetic demo data
REQ-0112,Assigned to Team,2026-04-05 22:22:57.282637445,Service Desk,synthetic demo data,synthetic demo data
REQ-0112,Manager Approval,2026-04-07 04:28:00.523331422,Engineering Manager,synthetic demo data,synthetic demo data
REQ-0112,Security Review,2026-04-08 04:30:06.223068952,Security Team,synthetic demo data,synthetic demo data
REQ-0112,Implementation,2026-04-08 17:09:46.651580831,Dev Team,synthetic demo data,synthetic demo data
REQ-0112,QA Verification,2026-04-09 04:06:18.506754946,QA Team,synthetic demo data,synthetic demo data
REQ-0112,Closed - Completed,2026-04-09 06:24:53.139049819,Service Desk,synthetic demo data,synthetic demo data
REQ-0113,Request Submitted,2026-04-10 04:04:46.217325047,Requester,synthetic demo data,synthetic demo data
REQ-0113,Triage,2026-04-10 05:59:29.861052350,Service Desk,synthetic demo data,synthetic demo data
REQ-0113,Assigned to Team,2026-04-10 10:24:07.424162721,Service Desk,synthetic demo data,synthetic demo data
REQ-0113,Manager Approval,2026-04-12 04:31:32.243538945,Engineering Manager,synthetic demo data,synthetic demo data
REQ-0113,Security Review,2026-04-13 02:25:48.398881504,Security Team,synthetic demo data,synthetic demo data
REQ-0113,Implementation,2026-04-13 13:58:32.471899282,Dev Team,synthetic demo data,synthetic demo data
REQ-0113,QA Verification,2026-04-13 21:26:52.752356415,QA Team,synthetic demo data,synthetic demo data
REQ-0113,Closed - Completed,2026-04-14 00:38:53.854886148,Service Desk,synthetic demo data,synthetic demo data
REQ-0114,Request Submitted,2026-03-13 10:56:57.766054569,Requester,synthetic demo data,synthetic demo data
REQ-0114,Triage,2026-03-13 13:17:06.794579527,Service Desk,synthetic demo data,synthetic demo data
REQ-0114,Assigned to Team,2026-03-13 13:29:06.794579527,Service Desk,synthetic demo data,synthetic demo data
REQ-0114,Manager Approval,2026-03-15 00:50:44.235693333,Engineering Manager,synthetic demo data,synthetic demo data
REQ-0114,Security Review,2026-03-15 01:02:44.235693333,Security Team,synthetic demo data,synthetic demo data
REQ-0114,Implementation,2026-03-15 02:09:06.362626694,Dev Team,synthetic demo data,synthetic demo data
REQ-0114,QA Verification,2026-03-15 09:30:25.463516856,QA Team,synthetic demo data,synthetic demo data
REQ-0114,Closed - Completed,2026-03-15 11:59:04.569131016,Service Desk,synthetic demo data,synthetic demo data
REQ-0115,Request Submitted,2026-03-02 19:47:31.671920628,Requester,synthetic demo data,synthetic demo data
REQ-0115,Triage,2026-03-02 23:09:45.619479638,Service Desk,synthetic demo data,synthetic demo data
REQ-0115,Assigned to Team,2026-03-03 01:26:11.856769145,Service Desk,synthetic demo data,synthetic demo data
REQ-0115,Manager Approval,2026-03-05 14:50:15.040514255,Engineering Manager,synthetic demo data,synthetic demo data
REQ-0115,Closed - Rejected,2026-03-05 15:50:15.040514255,Service Desk,synthetic demo data,synthetic demo data
REQ-0116,Request Submitted,2026-05-15 12:37:21.669952060,Requester,synthetic demo data,synthetic demo data
REQ-0116,Triage,2026-05-15 16:14:22.417786654,Service Desk,synthetic demo data,synthetic demo data
REQ-0116,Assigned to Team,2026-05-15 19:26:09.964214098,Service Desk,synthetic demo data,synthetic demo data
REQ-0116,Manager Approval,2026-05-16 11:24:11.827587281,Engineering Manager,synthetic demo data,synthetic demo data
REQ-0116,Security Review,2026-05-17 06:24:56.658152386,Security Team,synthetic demo data,synthetic demo data
REQ-0116,Implementation,2026-05-17 14:16:23.863551248,Dev Team,synthetic demo data,synthetic demo data
REQ-0116,QA Verification,2026-05-17 16:10:44.653707471,QA Team,synthetic demo data,synthetic demo data
REQ-0116,Closed - Completed,2026-05-17 17:55:23.658250644,Service Desk,synthetic demo data,synthetic demo data
REQ-0117,Request Submitted,2026-01-12 13:06:45.432912494,Requester,synthetic demo data,synthetic demo data
REQ-0117,Triage,2026-01-12 15:08:50.035659560,Service Desk,synthetic demo data,synthetic demo data
REQ-0117,Assigned to Team,2026-01-12 17:43:22.938614163,Service Desk,synthetic demo data,synthetic demo data
REQ-0117,Manager Approval,2026-01-13 22:14:11.369310785,Engineering Manager,synthetic demo data,synthetic demo data
REQ-0117,Security Review,2026-01-14 20:14:40.522707144,Security Team,synthetic demo data,synthetic demo data
REQ-0117,Implementation,2026-01-15 06:42:42.647182676,Dev Team,synthetic demo data,synthetic demo data
REQ-0117,QA Verification,2026-01-15 09:42:45.755113046,QA Team,synthetic demo data,synthetic demo data
REQ-0117,Closed - Completed,2026-01-15 10:40:16.039635609,Service Desk,synthetic demo data,synthetic demo data
REQ-0118,Request Submitted,2026-03-24 08:56:58.337769124,Requester,synthetic demo data,synthetic demo data
REQ-0118,Triage,2026-03-24 09:31:57.706235775,Service Desk,synthetic demo data,synthetic demo data
REQ-0118,Assigned to Team,2026-03-24 13:11:54.294866443,Service Desk,synthetic demo data,synthetic demo data
REQ-0118,Manager Approval,2026-03-26 01:41:08.133090490,Engineering Manager,synthetic demo data,synthetic demo data
REQ-0118,Security Review,2026-03-26 07:54:32.958755372,Security Team,synthetic demo data,synthetic demo data
REQ-0118,Implementation,2026-03-26 16:49:37.495458047,Dev Team,synthetic demo data,synthetic demo data
REQ-0118,QA Verification,2026-03-27 01:02:01.792856273,QA Team,synthetic demo data,synthetic demo data
REQ-0118,Closed - Completed,2026-03-27 03:24:29.584082415,Service Desk,synthetic demo data,synthetic demo data
REQ-0119,Request Submitted,2026-01-08 14:53:46.163545694,Requester,synthetic demo data,synthetic demo data
REQ-0119,Triage,2026-01-08 17:13:37.908103680,Service Desk,synthetic demo data,synthetic demo data
REQ-0119,Assigned to Team,2026-01-08 19:46:23.761402539,Service Desk,synthetic demo data,synthetic demo data
REQ-0119,Manager Approval,2026-01-09 19:00:51.137402816,Engineering Manager,synthetic demo data,synthetic demo data
REQ-0119,Security Review,2026-01-10 22:50:57.139148015,Security Team,synthetic demo data,synthetic demo data
REQ-0119,Implementation,2026-01-11 12:45:58.692101723,Dev Team,synthetic demo data,synthetic demo data
REQ-0119,QA Verification,2026-01-12 00:08:57.888691406,QA Team,synthetic demo data,synthetic demo data
REQ-0119,Closed - Completed,2026-01-12 03:27:51.197028827,Service Desk,synthetic demo data,synthetic demo data
REQ-0120,Request Submitted,2026-03-13 22:33:56.454459962,Requester,synthetic demo data,synthetic demo data
REQ-0120,Triage,2026-03-14 01:19:57.016798385,Service Desk,synthetic demo data,synthetic demo data
REQ-0120,Assigned to Team,2026-03-14 04:30:51.377724602,Service Desk,synthetic demo data,synthetic demo data
REQ-0120,Manager Approval,2026-03-15 12:20:41.892795343,Engineering Manager,synthetic demo data,synthetic demo data
REQ-0120,Security Review,2026-03-16 15:45:31.494268131,Security Team,synthetic demo data,synthetic demo data
REQ-0120,Implementation,2026-03-16 23:31:17.824165357,Dev Team,synthetic demo data,synthetic demo data
REQ-0120,QA Verification,2026-03-17 03:20:01.525252521,QA Team,synthetic demo data,synthetic demo data
REQ-0120,Closed - Completed,2026-03-17 04:55:09.422215511,Service Desk,synthetic demo data,synthetic demo data
REQ-0121,Request Submitted,2026-03-20 14:00:59.283248208,Requester,synthetic demo data,synthetic demo data
REQ-0121,Triage,2026-03-20 16:21:24.039164934,Service Desk,synthetic demo data,synthetic demo data
REQ-0121,Assigned to Team,2026-03-20 20:21:42.467072825,Service Desk,synthetic demo data,synthetic demo data
REQ-0121,Manager Approval,2026-03-21 21:06:50.457342785,Engineering Manager,synthetic demo data,synthetic demo data
REQ-0121,Security Review,2026-03-22 23:55:12.897844390,Security Team,synthetic demo data,synthetic demo data
REQ-0121,Closed - Cancelled,2026-03-23 00:55:12.897844390,Service Desk,synthetic demo data,synthetic demo data
REQ-0122,Request Submitted,2026-01-04 22:23:27.757969540,Requester,synthetic demo data,synthetic demo data
REQ-0122,Triage,2026-01-05 01:50:00.055217810,Service Desk,synthetic demo data,synthetic demo data
REQ-0122,Assigned to Team,2026-01-05 04:04:56.033601522,Service Desk,synthetic demo data,synthetic demo data
REQ-0122,Manager Approval,2026-01-05 10:54:39.228304988,Engineering Manager,synthetic demo data,synthetic demo data
REQ-0122,Security Review,2026-01-05 21:30:19.812114391,Security Team,synthetic demo data,synthetic demo data
REQ-0122,Implementation,2026-01-06 01:25:16.761800623,Dev Team,synthetic demo data,synthetic demo data
REQ-0122,QA Verification,2026-01-06 07:34:40.233642124,QA Team,synthetic demo data,synthetic demo data
REQ-0122,Closed - Completed,2026-01-06 09:18:14.371822157,Service Desk,synthetic demo data,synthetic demo data
REQ-0123,Request Submitted,2026-01-26 07:59:14.725422140,Requester,synthetic demo data,synthetic demo data
REQ-0123,Triage,2026-01-26 10:19:38.276722433,Service Desk,synthetic demo data,synthetic demo data
REQ-0123,Assigned to Team,2026-01-26 13:48:04.935223912,Service Desk,synthetic demo data,synthetic demo data
REQ-0123,Manager Approval,2026-01-28 01:32:20.289473278,Engineering Manager,synthetic demo data,synthetic demo data
REQ-0123,Security Review,2026-01-29 03:05:03.052716550,Security Team,synthetic demo data,synthetic demo data
REQ-0123,Implementation,2026-01-29 03:17:03.052716550,Dev Team,synthetic demo data,synthetic demo data
REQ-0123,QA Verification,2026-01-29 08:11:27.119592093,QA Team,synthetic demo data,synthetic demo data
REQ-0123,Closed - Completed,2026-01-29 08:23:27.119592093,Service Desk,synthetic demo data,synthetic demo data
REQ-0124,Request Submitted,2026-02-16 07:03:42.991337824,Requester,synthetic demo data,synthetic demo data
REQ-0124,Triage,2026-02-16 10:06:26.907527066,Service Desk,synthetic demo data,synthetic demo data
REQ-0124,Assigned to Team,2026-02-16 14:53:20.133247760,Service Desk,synthetic demo data,synthetic demo data
REQ-0124,Manager Approval,2026-02-17 23:43:39.995679679,Engineering Manager,synthetic demo data,synthetic demo data
REQ-0124,Security Review,2026-02-18 15:13:28.296772019,Security Team,synthetic demo data,synthetic demo data
REQ-0124,Implementation,2026-02-19 01:09:54.616792677,Dev Team,synthetic demo data,synthetic demo data
REQ-0124,QA Verification,2026-02-19 05:34:53.106309574,QA Team,synthetic demo data,synthetic demo data
REQ-0124,Closed - Completed,2026-02-19 07:34:48.092764377,Service Desk,synthetic demo data,synthetic demo data
REQ-0125,Request Submitted,2026-04-20 05:10:57.215825838,Requester,synthetic demo data,synthetic demo data
REQ-0125,Triage,2026-04-20 07:59:17.658927111,Service Desk,synthetic demo data,synthetic demo data
REQ-0125,Assigned to Team,2026-04-20 12:00:15.626318049,Service Desk,synthetic demo data,synthetic demo data
REQ-0125,Manager Approval,2026-04-21 04:38:14.118734655,Engineering Manager,synthetic demo data,synthetic demo data
REQ-0125,Security Review,2026-04-22 09:24:08.288488898,Security Team,synthetic demo data,synthetic demo data
REQ-0125,Implementation,2026-04-22 20:11:47.643862247,Dev Team,synthetic demo data,synthetic demo data
REQ-0125,QA Verification,2026-04-23 02:30:08.443445871,QA Team,synthetic demo data,synthetic demo data
REQ-0125,Closed - Completed,2026-04-23 03:44:24.078996971,Service Desk,synthetic demo data,synthetic demo data
REQ-0126,Request Submitted,2026-02-14 07:57:56.171911094,Requester,synthetic demo data,synthetic demo data
REQ-0126,Triage,2026-02-14 10:30:29.511978945,Service Desk,synthetic demo data,synthetic demo data
REQ-0126,Assigned to Team,2026-02-14 12:04:29.136074977,Service Desk,synthetic demo data,synthetic demo data
REQ-0126,Manager Approval,2026-02-16 00:11:59.753405418,Engineering Manager,synthetic demo data,synthetic demo data
REQ-0126,Security Review,2026-02-16 09:01:26.874269758,Security Team,synthetic demo data,synthetic demo data
REQ-0126,Implementation,2026-02-16 16:12:28.286653838,Dev Team,synthetic demo data,synthetic demo data
REQ-0126,QA Verification,2026-02-16 22:32:12.482403237,QA Team,synthetic demo data,synthetic demo data
REQ-0126,Closed - Completed,2026-02-17 02:58:54.950925449,Service Desk,synthetic demo data,synthetic demo data
REQ-0127,Request Submitted,2026-03-23 12:52:24.529085953,Requester,synthetic demo data,synthetic demo data
REQ-0127,Triage,2026-03-23 15:01:23.961776307,Service Desk,synthetic demo data,synthetic demo data
REQ-0127,Assigned to Team,2026-03-23 18:38:24.290133593,Service Desk,synthetic demo data,synthetic demo data
REQ-0127,Manager Approval,2026-03-25 02:17:49.024968358,Engineering Manager,synthetic demo data,synthetic demo data
REQ-0127,Security Review,2026-03-26 02:17:58.173877883,Security Team,synthetic demo data,synthetic demo data
REQ-0127,Implementation,2026-03-26 09:41:05.108375069,Dev Team,synthetic demo data,synthetic demo data
REQ-0127,QA Verification,2026-03-26 20:02:48.850334809,QA Team,synthetic demo data,synthetic demo data
REQ-0127,Closed - Completed,2026-03-26 21:35:25.554215599,Service Desk,synthetic demo data,synthetic demo data
REQ-0128,Request Submitted,2026-06-04 06:39:43.384866138,Requester,synthetic demo data,synthetic demo data
REQ-0128,Triage,2026-06-04 07:35:24.319677893,Service Desk,synthetic demo data,synthetic demo data
REQ-0128,Closed - Cancelled,2026-06-04 08:35:24.319677893,Service Desk,synthetic demo data,synthetic demo data
REQ-0129,Request Submitted,2026-05-23 22:14:48.516507064,Requester,synthetic demo data,synthetic demo data
REQ-0129,Triage,2026-05-24 00:10:10.034259708,Service Desk,synthetic demo data,synthetic demo data
REQ-0129,Assigned to Team,2026-05-24 02:52:26.851486706,Service Desk,synthetic demo data,synthetic demo data
REQ-0129,Manager Approval,2026-05-24 17:16:10.156548082,Engineering Manager,synthetic demo data,synthetic demo data
REQ-0129,Security Review,2026-05-25 11:12:21.074572987,Security Team,synthetic demo data,synthetic demo data
REQ-0129,Implementation,2026-05-25 12:50:04.837232997,Dev Team,synthetic demo data,synthetic demo data
REQ-0129,QA Verification,2026-05-25 16:05:45.754976433,QA Team,synthetic demo data,synthetic demo data
REQ-0129,Closed - Completed,2026-05-25 18:19:22.184742425,Service Desk,synthetic demo data,synthetic demo data
REQ-0130,Request Submitted,2026-03-17 11:29:50.771767733,Requester,synthetic demo data,synthetic demo data
REQ-0130,Triage,2026-03-17 12:54:39.065461477,Service Desk,synthetic demo data,synthetic demo data
REQ-0130,Assigned to Team,2026-03-17 18:03:49.686307362,Service Desk,synthetic demo data,synthetic demo data
REQ-0130,Manager Approval,2026-03-19 03:28:34.811319605,Engineering Manager,synthetic demo data,synthetic demo data
REQ-0130,Security Review,2026-03-19 22:06:54.387565022,Security Team,synthetic demo data,synthetic demo data
REQ-0130,Implementation,2026-03-20 07:50:43.747669878,Dev Team,synthetic demo data,synthetic demo data
REQ-0130,QA Verification,2026-03-20 14:01:52.445693621,QA Team,synthetic demo data,synthetic demo data
REQ-0130,Closed - Completed,2026-03-20 16:08:29.870305824,Service Desk,synthetic demo data,synthetic demo data
REQ-0131,Request Submitted,2026-04-29 19:07:05.056426758,Requester,synthetic demo data,synthetic demo data
REQ-0131,Triage,2026-04-29 19:34:28.005697678,Service Desk,synthetic demo data,synthetic demo data
REQ-0131,Assigned to Team,2026-04-29 23:33:15.528067396,Service Desk,synthetic demo data,synthetic demo data
REQ-0131,Manager Approval,2026-05-01 01:40:49.843527076,Engineering Manager,synthetic demo data,synthetic demo data
REQ-0131,Closed - Rejected,2026-05-01 02:40:49.843527076,Service Desk,synthetic demo data,synthetic demo data
REQ-0132,Request Submitted,2026-04-09 18:26:20.008954702,Requester,synthetic demo data,synthetic demo data
REQ-0132,Triage,2026-04-09 21:14:01.765065198,Service Desk,synthetic demo data,synthetic demo data
REQ-0132,Assigned to Team,2026-04-10 00:30:15.730357540,Service Desk,synthetic demo data,synthetic demo data
REQ-0132,Manager Approval,2026-04-10 21:19:10.561550835,Engineering Manager,synthetic demo data,synthetic demo data
REQ-0132,Security Review,2026-04-12 04:21:22.453313860,Security Team,synthetic demo data,synthetic demo data
REQ-0132,Implementation,2026-04-12 18:40:22.724556795,Dev Team,synthetic demo data,synthetic demo data
REQ-0132,QA Verification,2026-04-13 02:09:23.936434281,QA Team,synthetic demo data,synthetic demo data
REQ-0132,Closed - Completed,2026-04-13 05:07:49.125075119,Service Desk,synthetic demo data,synthetic demo data
REQ-0133,Request Submitted,2026-02-27 16:10:11.980406524,Requester,synthetic demo data,synthetic demo data
REQ-0133,Triage,2026-02-27 18:47:02.737444129,Service Desk,synthetic demo data,synthetic demo data
REQ-0133,Assigned to Team,2026-02-27 22:40:53.811498333,Service Desk,synthetic demo data,synthetic demo data
REQ-0133,Manager Approval,2026-02-28 11:57:24.704394996,Engineering Manager,synthetic demo data,synthetic demo data
REQ-0133,Security Review,2026-02-28 22:04:50.963739671,Security Team,synthetic demo data,synthetic demo data
REQ-0133,Implementation,2026-03-01 08:53:01.377198449,Dev Team,synthetic demo data,synthetic demo data
REQ-0133,QA Verification,2026-03-01 10:48:58.586310282,QA Team,synthetic demo data,synthetic demo data
REQ-0133,Closed - Completed,2026-03-01 12:01:18.028271831,Service Desk,synthetic demo data,synthetic demo data
REQ-0134,Request Submitted,2026-03-16 08:59:49.601516216,Requester,synthetic demo data,synthetic demo data
REQ-0134,Triage,2026-03-16 12:29:04.235359085,Service Desk,synthetic demo data,synthetic demo data
REQ-0134,Assigned to Team,2026-03-16 15:04:37.193687173,Service Desk,synthetic demo data,synthetic demo data
REQ-0134,Manager Approval,2026-03-17 04:56:43.852086823,Engineering Manager,synthetic demo data,synthetic demo data
REQ-0134,Security Review,2026-03-17 22:46:53.686901743,Security Team,synthetic demo data,synthetic demo data
REQ-0134,Implementation,2026-03-18 07:11:22.937582007,Dev Team,synthetic demo data,synthetic demo data
REQ-0134,QA Verification,2026-03-18 13:25:36.015718479,QA Team,synthetic demo data,synthetic demo data
REQ-0134,Closed - Completed,2026-03-18 16:33:37.265442003,Service Desk,synthetic demo data,synthetic demo data
REQ-0135,Request Submitted,2026-01-29 00:13:48.918993355,Requester,synthetic demo data,synthetic demo data
REQ-0135,Triage,2026-01-29 01:14:29.861255390,Service Desk,synthetic demo data,synthetic demo data
REQ-0135,Assigned to Team,2026-01-29 04:55:01.574556826,Service Desk,synthetic demo data,synthetic demo data
REQ-0135,Manager Approval,2026-01-30 10:57:38.245486182,Engineering Manager,synthetic demo data,synthetic demo data
REQ-0135,Security Review,2026-01-31 00:12:44.293325763,Security Team,synthetic demo data,synthetic demo data
REQ-0135,Implementation,2026-01-31 07:16:08.350510445,Dev Team,synthetic demo data,synthetic demo data
REQ-0135,QA Verification,2026-01-31 12:42:59.252448080,QA Team,synthetic demo data,synthetic demo data
REQ-0135,Closed - Completed,2026-01-31 14:26:46.693982466,Service Desk,synthetic demo data,synthetic demo data
REQ-0136,Request Submitted,2026-05-28 12:54:36.040456532,Requester,synthetic demo data,synthetic demo data
REQ-0136,Triage,2026-05-28 14:39:58.014459893,Service Desk,synthetic demo data,synthetic demo data
REQ-0136,Closed - Cancelled,2026-05-28 15:39:58.014459893,Service Desk,synthetic demo data,synthetic demo data
REQ-0137,Request Submitted,2026-06-04 07:39:36.741746576,Requester,synthetic demo data,synthetic demo data
REQ-0137,Triage,2026-06-04 09:23:49.677418533,Service Desk,synthetic demo data,synthetic demo data
REQ-0137,Assigned to Team,2026-06-04 11:22:06.072967179,Service Desk,synthetic demo data,synthetic demo data
REQ-0137,Manager Approval,2026-06-06 12:42:44.135673419,Engineering Manager,synthetic demo data,synthetic demo data
REQ-0137,Security Review,2026-06-07 07:13:40.151750581,Security Team,synthetic demo data,synthetic demo data
REQ-0137,Implementation,2026-06-07 20:22:53.748940763,Dev Team,synthetic demo data,synthetic demo data
REQ-0137,QA Verification,2026-06-08 02:34:00.158988506,QA Team,synthetic demo data,synthetic demo data
REQ-0137,Closed - Completed,2026-06-08 04:36:14.179199623,Service Desk,synthetic demo data,synthetic demo data
REQ-0138,Request Submitted,2026-04-01 03:03:05.655485937,Requester,synthetic demo data,synthetic demo data
REQ-0138,Triage,2026-04-01 06:46:13.317496916,Service Desk,synthetic demo data,synthetic demo data
REQ-0138,Assigned to Team,2026-04-01 06:58:13.317496916,Service Desk,synthetic demo data,synthetic demo data
REQ-0138,Manager Approval,2026-04-01 08:56:55.411977206,Engineering Manager,synthetic demo data,synthetic demo data
REQ-0138,Security Review,2026-04-02 00:03:36.677050987,Security Team,synthetic demo data,synthetic demo data
REQ-0138,Implementation,2026-04-02 08:07:05.878550887,Dev Team,synthetic demo data,synthetic demo data
REQ-0138,QA Verification,2026-04-02 16:11:19.006338338,QA Team,synthetic demo data,synthetic demo data
REQ-0138,Closed - Completed,2026-04-02 18:39:42.120251236,Service Desk,synthetic demo data,synthetic demo data
REQ-0139,Request Submitted,2026-02-02 02:34:43.308824168,Requester,synthetic demo data,synthetic demo data
REQ-0139,Triage,2026-02-02 04:45:45.917016745,Service Desk,synthetic demo data,synthetic demo data
REQ-0139,Closed - Cancelled,2026-02-02 05:45:45.917016745,Service Desk,synthetic demo data,synthetic demo data
REQ-0140,Request Submitted,2026-06-27 15:28:41.288870222,Requester,synthetic demo data,synthetic demo data
REQ-0140,Triage,2026-06-27 16:54:59.949973803,Service Desk,synthetic demo data,synthetic demo data
REQ-0140,Assigned to Team,2026-06-27 20:57:48.160904403,Service Desk,synthetic demo data,synthetic demo data
REQ-0140,Manager Approval,2026-06-29 04:30:43.062282368,Engineering Manager,synthetic demo data,synthetic demo data
REQ-0140,Security Review,2026-06-30 00:31:26.473317213,Security Team,synthetic demo data,synthetic demo data
REQ-0140,Closed - Cancelled,2026-06-30 01:31:26.473317213,Service Desk,synthetic demo data,synthetic demo data
REQ-0141,Request Submitted,2026-06-24 23:34:23.483923270,Requester,synthetic demo data,synthetic demo data
REQ-0141,Triage,2026-06-25 00:09:19.820910695,Service Desk,synthetic demo data,synthetic demo data
REQ-0141,Assigned to Team,2026-06-25 01:22:29.640608273,Service Desk,synthetic demo data,synthetic demo data
REQ-0141,Manager Approval,2026-06-26 02:17:21.303970805,Engineering Manager,synthetic demo data,synthetic demo data
REQ-0141,Security Review,2026-06-26 19:59:51.999270385,Security Team,synthetic demo data,synthetic demo data
REQ-0141,Implementation,2026-06-26 21:58:06.509942453,Dev Team,synthetic demo data,synthetic demo data
REQ-0141,QA Verification,2026-06-27 01:00:46.803193496,QA Team,synthetic demo data,synthetic demo data
REQ-0141,Closed - Completed,2026-06-27 02:09:07.773150811,Service Desk,synthetic demo data,synthetic demo data
REQ-0142,Request Submitted,2026-05-29 12:19:21.775092798,Requester,synthetic demo data,synthetic demo data
REQ-0142,Triage,2026-05-29 13:54:39.477189133,Service Desk,synthetic demo data,synthetic demo data
REQ-0142,Assigned to Team,2026-05-29 16:21:56.127421476,Service Desk,synthetic demo data,synthetic demo data
REQ-0142,Manager Approval,2026-05-30 06:16:36.245963185,Engineering Manager,synthetic demo data,synthetic demo data
REQ-0142,Security Review,2026-05-30 09:06:12.820574686,Security Team,synthetic demo data,synthetic demo data
REQ-0142,Implementation,2026-05-30 16:38:09.745890403,Dev Team,synthetic demo data,synthetic demo data
REQ-0142,QA Verification,2026-05-30 19:38:32.944471367,QA Team,synthetic demo data,synthetic demo data
REQ-0142,Closed - Completed,2026-05-30 21:33:27.482557383,Service Desk,synthetic demo data,synthetic demo data
REQ-0143,Request Submitted,2026-05-29 03:57:41.809400128,Requester,synthetic demo data,synthetic demo data
REQ-0143,Triage,2026-05-29 06:06:36.866943218,Service Desk,synthetic demo data,synthetic demo data
REQ-0143,Assigned to Team,2026-05-29 09:39:34.398771251,Service Desk,synthetic demo data,synthetic demo data
REQ-0143,Manager Approval,2026-05-30 21:30:14.985491848,Engineering Manager,synthetic demo data,synthetic demo data
REQ-0143,Security Review,2026-05-31 05:37:11.142405159,Security Team,synthetic demo data,synthetic demo data
REQ-0143,Implementation,2026-05-31 17:02:18.616919111,Dev Team,synthetic demo data,synthetic demo data
REQ-0143,QA Verification,2026-05-31 20:38:16.330595811,QA Team,synthetic demo data,synthetic demo data
REQ-0143,Closed - Completed,2026-05-31 23:16:14.619088397,Service Desk,synthetic demo data,synthetic demo data
REQ-0144,Request Submitted,2026-01-01 13:36:41.216033765,Requester,synthetic demo data,synthetic demo data
REQ-0144,Triage,2026-01-01 15:17:42.904297272,Service Desk,synthetic demo data,synthetic demo data
REQ-0144,Assigned to Team,2026-01-01 18:50:35.868504416,Service Desk,synthetic demo data,synthetic demo data
REQ-0144,Manager Approval,2026-01-03 09:25:29.323680335,Engineering Manager,synthetic demo data,synthetic demo data
REQ-0144,Security Review,2026-01-04 04:09:21.315803135,Security Team,synthetic demo data,synthetic demo data
REQ-0144,Implementation,2026-01-04 18:16:58.931827790,Dev Team,synthetic demo data,synthetic demo data
REQ-0144,QA Verification,2026-01-05 03:18:20.048154444,QA Team,synthetic demo data,synthetic demo data
REQ-0144,Closed - Completed,2026-01-05 05:02:56.093335404,Service Desk,synthetic demo data,synthetic demo data
REQ-0145,Request Submitted,2026-01-12 01:58:57.036835303,Requester,synthetic demo data,synthetic demo data
REQ-0145,Triage,2026-01-12 05:56:34.781398121,Service Desk,synthetic demo data,synthetic demo data
REQ-0145,Assigned to Team,2026-01-12 07:06:03.582041679,Service Desk,synthetic demo data,synthetic demo data
REQ-0145,Manager Approval,2026-01-13 00:07:46.313239358,Engineering Manager,synthetic demo data,synthetic demo data
REQ-0145,Security Review,2026-01-14 09:29:37.681929534,Security Team,synthetic demo data,synthetic demo data
REQ-0145,Implementation,2026-01-14 13:15:38.434797472,Dev Team,synthetic demo data,synthetic demo data
REQ-0145,QA Verification,2026-01-14 15:17:34.990557921,QA Team,synthetic demo data,synthetic demo data
REQ-0145,Closed - Completed,2026-01-14 16:48:24.691687404,Service Desk,synthetic demo data,synthetic demo data
REQ-0146,Request Submitted,2026-02-02 01:55:02.828739738,Requester,synthetic demo data,synthetic demo data
REQ-0146,Triage,2026-02-02 03:14:35.663877529,Service Desk,synthetic demo data,synthetic demo data
REQ-0146,Assigned to Team,2026-02-02 05:10:29.043729700,Service Desk,synthetic demo data,synthetic demo data
REQ-0146,Manager Approval,2026-02-02 22:51:41.758445289,Engineering Manager,synthetic demo data,synthetic demo data
REQ-0146,Security Review,2026-02-04 15:23:46.663669033,Security Team,synthetic demo data,synthetic demo data
REQ-0146,Closed - Cancelled,2026-02-04 16:23:46.663669033,Service Desk,synthetic demo data,synthetic demo data
REQ-0147,Request Submitted,2026-02-18 00:58:01.221705207,Requester,synthetic demo data,synthetic demo data
REQ-0147,Triage,2026-02-18 02:28:40.542819978,Service Desk,synthetic demo data,synthetic demo data
REQ-0147,Assigned to Team,2026-02-18 05:11:56.376763173,Service Desk,synthetic demo data,synthetic demo data
REQ-0147,Manager Approval,2026-02-19 01:12:33.256102107,Engineering Manager,synthetic demo data,synthetic demo data
REQ-0147,Security Review,2026-02-19 01:24:33.256102107,Security Team,synthetic demo data,synthetic demo data
REQ-0147,Implementation,2026-02-19 03:53:49.922515497,Dev Team,synthetic demo data,synthetic demo data
REQ-0147,QA Verification,2026-02-19 04:27:55.240771708,QA Team,synthetic demo data,synthetic demo data
REQ-0147,Closed - Completed,2026-02-19 04:39:55.240771708,Service Desk,synthetic demo data,synthetic demo data
REQ-0148,Request Submitted,2026-01-23 07:54:21.331388055,Requester,synthetic demo data,synthetic demo data
REQ-0148,Triage,2026-01-23 09:51:41.361184319,Service Desk,synthetic demo data,synthetic demo data
REQ-0148,Assigned to Team,2026-01-23 14:47:50.405500853,Service Desk,synthetic demo data,synthetic demo data
REQ-0148,Manager Approval,2026-01-25 02:33:03.927376657,Engineering Manager,synthetic demo data,synthetic demo data
REQ-0148,Security Review,2026-01-26 05:35:38.833329828,Security Team,synthetic demo data,synthetic demo data
REQ-0148,Implementation,2026-01-26 09:59:25.916597442,Dev Team,synthetic demo data,synthetic demo data
REQ-0148,QA Verification,2026-01-26 17:33:44.586902722,QA Team,synthetic demo data,synthetic demo data
REQ-0148,Closed - Completed,2026-01-26 20:17:27.958145389,Service Desk,synthetic demo data,synthetic demo data
REQ-0149,Request Submitted,2026-06-20 03:08:54.795978996,Requester,synthetic demo data,synthetic demo data
REQ-0149,Triage,2026-06-20 05:42:53.071909865,Service Desk,synthetic demo data,synthetic demo data
REQ-0149,Assigned to Team,2026-06-20 07:53:25.487755762,Service Desk,synthetic demo data,synthetic demo data
REQ-0149,Manager Approval,2026-06-20 22:10:17.958769303,Engineering Manager,synthetic demo data,synthetic demo data
REQ-0149,Security Review,2026-06-21 07:30:52.200815798,Security Team,synthetic demo data,synthetic demo data
REQ-0149,Implementation,2026-06-21 15:51:37.880619467,Dev Team,synthetic demo data,synthetic demo data
REQ-0149,QA Verification,2026-06-21 22:50:29.587202391,QA Team,synthetic demo data,synthetic demo data
REQ-0149,Closed - Completed,2026-06-22 00:02:56.494212742,Service Desk,synthetic demo data,synthetic demo data
REQ-0150,Request Submitted,2026-01-24 10:11:14.199239182,Requester,synthetic demo data,synthetic demo data
REQ-0150,Triage,2026-01-24 12:48:19.685811977,Service Desk,synthetic demo data,synthetic demo data
REQ-0150,Assigned to Team,2026-01-24 18:07:59.838460638,Service Desk,synthetic demo data,synthetic demo data
REQ-0150,Manager Approval,2026-01-26 18:00:39.672403419,Engineering Manager,synthetic demo data,synthetic demo data
REQ-0150,Security Review,2026-01-27 04:59:57.829982106,Security Team,synthetic demo data,synthetic demo data
REQ-0150,Implementation,2026-01-27 19:44:01.471399453,Dev Team,synthetic demo data,synthetic demo data
REQ-0150,QA Verification,2026-01-28 00:08:26.925150251,QA Team,synthetic demo data,synthetic demo data
REQ-0150,Closed - Completed,2026-01-28 03:11:08.467275086,Service Desk,synthetic demo data,synthetic demo data
REQ-0151,Request Submitted,2026-04-24 08:12:16.080714520,Requester,synthetic demo data,synthetic demo data
REQ-0151,Triage,2026-04-24 08:24:16.080714520,Service Desk,synthetic demo data,synthetic demo data
REQ-0151,Assigned to Team,2026-04-24 11:08:49.632359351,Service Desk,synthetic demo data,synthetic demo data
REQ-0151,Manager Approval,2026-04-24 19:18:56.717299948,Engineering Manager,synthetic demo data,synthetic demo data
REQ-0151,Security Review,2026-04-26 00:01:17.212541253,Security Team,synthetic demo data,synthetic demo data
REQ-0151,Implementation,2026-04-26 14:05:19.026804058,Dev Team,synthetic demo data,synthetic demo data
REQ-0151,QA Verification,2026-04-26 17:41:52.388119653,QA Team,synthetic demo data,synthetic demo data
REQ-0151,Closed - Completed,2026-04-26 19:59:59.482792722,Service Desk,synthetic demo data,synthetic demo data
REQ-0152,Request Submitted,2026-04-10 04:00:13.611602083,Requester,synthetic demo data,synthetic demo data
REQ-0152,Triage,2026-04-10 06:46:41.792535998,Service Desk,synthetic demo data,synthetic demo data
REQ-0152,Assigned to Team,2026-04-10 09:43:13.685922043,Service Desk,synthetic demo data,synthetic demo data
REQ-0152,Manager Approval,2026-04-12 16:04:31.947235365,Engineering Manager,synthetic demo data,synthetic demo data
REQ-0152,Security Review,2026-04-13 07:44:07.614925390,Security Team,synthetic demo data,synthetic demo data
REQ-0152,Implementation,2026-04-13 19:43:58.058113022,Dev Team,synthetic demo data,synthetic demo data
REQ-0152,QA Verification,2026-04-14 02:01:30.122972966,QA Team,synthetic demo data,synthetic demo data
REQ-0152,Closed - Completed,2026-04-14 04:49:14.923808045,Service Desk,synthetic demo data,synthetic demo data
REQ-0153,Request Submitted,2026-04-11 15:44:41.329260182,Requester,synthetic demo data,synthetic demo data
REQ-0153,Triage,2026-04-11 17:37:45.533294705,Service Desk,synthetic demo data,synthetic demo data
REQ-0153,Assigned to Team,2026-04-11 19:22:30.824874537,Service Desk,synthetic demo data,synthetic demo data
REQ-0153,Manager Approval,2026-04-13 10:38:39.734217457,Engineering Manager,synthetic demo data,synthetic demo data
REQ-0153,Security Review,2026-04-14 12:29:47.801998196,Security Team,synthetic demo data,synthetic demo data
REQ-0153,Implementation,2026-04-14 22:52:14.989604836,Dev Team,synthetic demo data,synthetic demo data
REQ-0153,QA Verification,2026-04-15 09:28:54.218667146,QA Team,synthetic demo data,synthetic demo data
REQ-0153,Closed - Completed,2026-04-15 12:55:51.859951596,Service Desk,synthetic demo data,synthetic demo data
REQ-0154,Request Submitted,2026-03-12 00:32:02.587288406,Requester,synthetic demo data,synthetic demo data
REQ-0154,Triage,2026-03-12 01:54:37.624807076,Service Desk,synthetic demo data,synthetic demo data
REQ-0154,Assigned to Team,2026-03-12 04:56:43.743514094,Service Desk,synthetic demo data,synthetic demo data
REQ-0154,Manager Approval,2026-03-13 02:32:56.371278503,Engineering Manager,synthetic demo data,synthetic demo data
REQ-0154,Security Review,2026-03-14 13:07:46.649294511,Security Team,synthetic demo data,synthetic demo data
REQ-0154,Implementation,2026-03-14 22:35:03.902659449,Dev Team,synthetic demo data,synthetic demo data
REQ-0154,QA Verification,2026-03-15 03:55:49.188075921,QA Team,synthetic demo data,synthetic demo data
REQ-0154,Closed - Completed,2026-03-15 07:07:26.214934603,Service Desk,synthetic demo data,synthetic demo data
REQ-0155,Request Submitted,2026-06-02 18:16:04.282099916,Requester,synthetic demo data,synthetic demo data
REQ-0155,Triage,2026-06-02 21:03:49.301258707,Service Desk,synthetic demo data,synthetic demo data
REQ-0155,Assigned to Team,2026-06-03 00:09:15.830878540,Service Desk,synthetic demo data,synthetic demo data
REQ-0155,Manager Approval,2026-06-04 09:39:38.324411682,Engineering Manager,synthetic demo data,synthetic demo data
REQ-0155,Security Review,2026-06-04 17:43:23.090664161,Security Team,synthetic demo data,synthetic demo data
REQ-0155,Implementation,2026-06-05 01:37:48.525227915,Dev Team,synthetic demo data,synthetic demo data
REQ-0155,QA Verification,2026-06-05 13:38:26.426860249,QA Team,synthetic demo data,synthetic demo data
REQ-0155,Closed - Completed,2026-06-05 16:27:53.545491514,Service Desk,synthetic demo data,synthetic demo data
REQ-0156,Request Submitted,2026-02-19 00:52:35.490075942,Requester,synthetic demo data,synthetic demo data
REQ-0156,Triage,2026-02-19 02:28:55.027809212,Service Desk,synthetic demo data,synthetic demo data
REQ-0156,Assigned to Team,2026-02-19 02:40:55.027809212,Service Desk,synthetic demo data,synthetic demo data
REQ-0156,Manager Approval,2026-02-20 12:17:20.105023638,Engineering Manager,synthetic demo data,synthetic demo data
REQ-0156,Security Review,2026-02-21 15:53:53.757738450,Security Team,synthetic demo data,synthetic demo data
REQ-0156,Closed - Cancelled,2026-02-21 16:53:53.757738450,Service Desk,synthetic demo data,synthetic demo data
REQ-0157,Request Submitted,2026-06-22 19:39:54.794878934,Requester,synthetic demo data,synthetic demo data
REQ-0157,Triage,2026-06-22 20:30:27.922202893,Service Desk,synthetic demo data,synthetic demo data
REQ-0157,Assigned to Team,2026-06-22 22:03:35.025750925,Service Desk,synthetic demo data,synthetic demo data
REQ-0157,Manager Approval,2026-06-24 04:48:30.499742748,Engineering Manager,synthetic demo data,synthetic demo data
REQ-0157,Security Review,2026-06-24 06:02:55.869921121,Security Team,synthetic demo data,synthetic demo data
REQ-0157,Implementation,2026-06-24 16:30:21.364233462,Dev Team,synthetic demo data,synthetic demo data
REQ-0157,QA Verification,2026-06-25 00:46:02.998988745,QA Team,synthetic demo data,synthetic demo data
REQ-0157,Closed - Completed,2026-06-25 02:30:59.029671812,Service Desk,synthetic demo data,synthetic demo data
REQ-0158,Request Submitted,2026-06-26 03:51:48.096335116,Requester,synthetic demo data,synthetic demo data
REQ-0158,Triage,2026-06-26 07:05:46.543297885,Service Desk,synthetic demo data,synthetic demo data
REQ-0158,Assigned to Team,2026-06-26 07:17:46.543297885,Service Desk,synthetic demo data,synthetic demo data
REQ-0158,Manager Approval,2026-06-27 08:25:51.363323331,Engineering Manager,synthetic demo data,synthetic demo data
REQ-0158,Security Review,2026-06-27 17:48:39.338100991,Security Team,synthetic demo data,synthetic demo data
REQ-0158,Implementation,2026-06-28 05:01:45.150443812,Dev Team,synthetic demo data,synthetic demo data
REQ-0158,QA Verification,2026-06-28 09:00:13.919760662,QA Team,synthetic demo data,synthetic demo data
REQ-0158,Closed - Completed,2026-06-28 11:24:28.154235310,Service Desk,synthetic demo data,synthetic demo data
REQ-0159,Request Submitted,2026-02-25 01:24:05.009511451,Requester,synthetic demo data,synthetic demo data
REQ-0159,Triage,2026-02-25 03:11:54.418514219,Service Desk,synthetic demo data,synthetic demo data
REQ-0159,Assigned to Team,2026-02-25 06:45:45.058110181,Service Desk,synthetic demo data,synthetic demo data
REQ-0159,Manager Approval,2026-02-25 15:58:18.261962158,Engineering Manager,synthetic demo data,synthetic demo data
REQ-0159,Security Review,2026-02-26 22:41:07.661412875,Security Team,synthetic demo data,synthetic demo data
REQ-0159,Implementation,2026-02-27 03:38:36.334000647,Dev Team,synthetic demo data,synthetic demo data
REQ-0159,QA Verification,2026-02-27 07:57:40.189028499,QA Team,synthetic demo data,synthetic demo data
REQ-0159,Closed - Completed,2026-02-27 09:56:20.096967041,Service Desk,synthetic demo data,synthetic demo data
REQ-0160,Request Submitted,2026-04-21 17:50:52.230094272,Requester,synthetic demo data,synthetic demo data
REQ-0160,Triage,2026-04-21 20:48:55.108676802,Service Desk,synthetic demo data,synthetic demo data
REQ-0160,Assigned to Team,2026-04-22 00:15:16.951323687,Service Desk,synthetic demo data,synthetic demo data
REQ-0160,Manager Approval,2026-04-22 08:00:36.514089079,Engineering Manager,synthetic demo data,synthetic demo data
REQ-0160,Closed - Rejected,2026-04-22 09:00:36.514089079,Service Desk,synthetic demo data,synthetic demo data
REQ-0161,Request Submitted,2026-01-26 12:10:27.069793685,Requester,synthetic demo data,synthetic demo data
REQ-0161,Triage,2026-01-26 12:22:27.069793685,Service Desk,synthetic demo data,synthetic demo data
REQ-0161,Assigned to Team,2026-01-26 13:45:43.333319069,Service Desk,synthetic demo data,synthetic demo data
REQ-0161,Manager Approval,2026-01-28 08:02:01.130964777,Engineering Manager,synthetic demo data,synthetic demo data
REQ-0161,Security Review,2026-01-29 06:27:52.223032769,Security Team,synthetic demo data,synthetic demo data
REQ-0161,Implementation,2026-01-29 16:06:44.613815394,Dev Team,synthetic demo data,synthetic demo data
REQ-0161,QA Verification,2026-01-30 03:41:27.157737725,QA Team,synthetic demo data,synthetic demo data
REQ-0161,Closed - Completed,2026-01-30 06:09:33.947740347,Service Desk,synthetic demo data,synthetic demo data
REQ-0162,Request Submitted,2026-04-27 16:12:43.565325028,Requester,synthetic demo data,synthetic demo data
REQ-0162,Triage,2026-04-27 17:59:53.868915902,Service Desk,synthetic demo data,synthetic demo data
REQ-0162,Assigned to Team,2026-04-27 19:48:05.301992362,Service Desk,synthetic demo data,synthetic demo data
REQ-0162,Manager Approval,2026-04-29 07:47:26.240464017,Engineering Manager,synthetic demo data,synthetic demo data
REQ-0162,Security Review,2026-04-30 07:44:29.549816217,Security Team,synthetic demo data,synthetic demo data
REQ-0162,Implementation,2026-04-30 13:38:04.848172191,Dev Team,synthetic demo data,synthetic demo data
REQ-0162,QA Verification,2026-04-30 16:32:14.960360998,QA Team,synthetic demo data,synthetic demo data
REQ-0162,Closed - Completed,2026-04-30 20:50:50.400280522,Service Desk,synthetic demo data,synthetic demo data
REQ-0163,Request Submitted,2026-01-08 15:31:28.806953321,Requester,synthetic demo data,synthetic demo data
REQ-0163,Triage,2026-01-08 18:26:26.156041527,Service Desk,synthetic demo data,synthetic demo data
REQ-0163,Assigned to Team,2026-01-08 21:16:36.772223095,Service Desk,synthetic demo data,synthetic demo data
REQ-0163,Manager Approval,2026-01-09 23:44:11.547328676,Engineering Manager,synthetic demo data,synthetic demo data
REQ-0163,Security Review,2026-01-11 00:47:49.188378705,Security Team,synthetic demo data,synthetic demo data
REQ-0163,Implementation,2026-01-11 03:37:46.083716168,Dev Team,synthetic demo data,synthetic demo data
REQ-0163,QA Verification,2026-01-11 10:41:14.457518473,QA Team,synthetic demo data,synthetic demo data
REQ-0163,Closed - Completed,2026-01-11 14:36:01.094826307,Service Desk,synthetic demo data,synthetic demo data
REQ-0164,Request Submitted,2026-01-29 09:52:23.298996658,Requester,synthetic demo data,synthetic demo data
REQ-0164,Triage,2026-01-29 11:21:57.719987116,Service Desk,synthetic demo data,synthetic demo data
REQ-0164,Assigned to Team,2026-01-29 13:45:01.884131052,Service Desk,synthetic demo data,synthetic demo data
REQ-0164,Manager Approval,2026-01-30 16:11:42.165157443,Engineering Manager,synthetic demo data,synthetic demo data
REQ-0164,Security Review,2026-01-31 08:47:41.233496074,Security Team,synthetic demo data,synthetic demo data
REQ-0164,Implementation,2026-01-31 20:27:36.118247547,Dev Team,synthetic demo data,synthetic demo data
REQ-0164,QA Verification,2026-01-31 21:15:37.459932889,QA Team,synthetic demo data,synthetic demo data
REQ-0164,Closed - Completed,2026-02-01 00:07:20.660114372,Service Desk,synthetic demo data,synthetic demo data
REQ-0165,Request Submitted,2026-02-04 11:03:01.022496223,Requester,synthetic demo data,synthetic demo data
REQ-0165,Triage,2026-02-04 11:55:23.866019499,Service Desk,synthetic demo data,synthetic demo data
REQ-0165,Assigned to Team,2026-02-04 16:54:58.473780485,Service Desk,synthetic demo data,synthetic demo data
REQ-0165,Manager Approval,2026-02-06 16:21:18.475773147,Engineering Manager,synthetic demo data,synthetic demo data
REQ-0165,Security Review,2026-02-07 20:59:29.208807449,Security Team,synthetic demo data,synthetic demo data
REQ-0165,Implementation,2026-02-07 22:55:56.740036022,Dev Team,synthetic demo data,synthetic demo data
REQ-0165,QA Verification,2026-02-08 07:25:11.247603535,QA Team,synthetic demo data,synthetic demo data
REQ-0165,Closed - Completed,2026-02-08 09:49:28.725919023,Service Desk,synthetic demo data,synthetic demo data
REQ-0166,Request Submitted,2026-06-19 04:24:42.327073166,Requester,synthetic demo data,synthetic demo data
REQ-0166,Triage,2026-06-19 06:58:04.198058929,Service Desk,synthetic demo data,synthetic demo data
REQ-0166,Assigned to Team,2026-06-19 10:14:01.409440452,Service Desk,synthetic demo data,synthetic demo data
REQ-0166,Manager Approval,2026-06-20 20:18:39.472849559,Engineering Manager,synthetic demo data,synthetic demo data
REQ-0166,Security Review,2026-06-22 05:34:24.481958559,Security Team,synthetic demo data,synthetic demo data
REQ-0166,Closed - Cancelled,2026-06-22 06:34:24.481958559,Service Desk,synthetic demo data,synthetic demo data
REQ-0167,Request Submitted,2026-05-07 05:54:05.599967550,Requester,synthetic demo data,synthetic demo data
REQ-0167,Triage,2026-05-07 07:35:02.821170134,Service Desk,synthetic demo data,synthetic demo data
REQ-0167,Assigned to Team,2026-05-07 10:20:13.705621396,Service Desk,synthetic demo data,synthetic demo data
REQ-0167,Manager Approval,2026-05-07 15:48:27.937555956,Engineering Manager,synthetic demo data,synthetic demo data
REQ-0167,Security Review,2026-05-08 12:39:19.468642682,Security Team,synthetic demo data,synthetic demo data
REQ-0167,Implementation,2026-05-09 01:39:01.580565393,Dev Team,synthetic demo data,synthetic demo data
REQ-0167,QA Verification,2026-05-09 04:23:26.647681814,QA Team,synthetic demo data,synthetic demo data
REQ-0167,Closed - Completed,2026-05-09 06:43:37.691061097,Service Desk,synthetic demo data,synthetic demo data
REQ-0168,Request Submitted,2026-03-21 16:02:05.630695357,Requester,synthetic demo data,synthetic demo data
REQ-0168,Triage,2026-03-21 19:30:44.247778369,Service Desk,synthetic demo data,synthetic demo data
REQ-0168,Assigned to Team,2026-03-21 21:41:54.435549765,Service Desk,synthetic demo data,synthetic demo data
REQ-0168,Manager Approval,2026-03-23 10:10:09.944995900,Engineering Manager,synthetic demo data,synthetic demo data
REQ-0168,Security Review,2026-03-23 13:19:42.478035524,Security Team,synthetic demo data,synthetic demo data
REQ-0168,Implementation,2026-03-24 04:46:39.850919610,Dev Team,synthetic demo data,synthetic demo data
REQ-0168,QA Verification,2026-03-24 12:35:08.497339720,QA Team,synthetic demo data,synthetic demo data
REQ-0168,Closed - Completed,2026-03-24 14:24:11.497906179,Service Desk,synthetic demo data,synthetic demo data
REQ-0169,Request Submitted,2026-06-17 21:17:03.640868330,Requester,synthetic demo data,synthetic demo data
REQ-0169,Triage,2026-06-18 00:28:00.751538639,Service Desk,synthetic demo data,synthetic demo data
REQ-0169,Assigned to Team,2026-06-18 02:58:51.233750958,Service Desk,synthetic demo data,synthetic demo data
REQ-0169,Manager Approval,2026-06-19 06:07:26.130192516,Engineering Manager,synthetic demo data,synthetic demo data
REQ-0169,Security Review,2026-06-19 21:41:56.488267634,Security Team,synthetic demo data,synthetic demo data
REQ-0169,Implementation,2026-06-20 03:22:35.108068097,Dev Team,synthetic demo data,synthetic demo data
REQ-0169,QA Verification,2026-06-20 11:27:37.550673683,QA Team,synthetic demo data,synthetic demo data
REQ-0169,Closed - Completed,2026-06-20 13:42:58.815334058,Service Desk,synthetic demo data,synthetic demo data
REQ-0170,Request Submitted,2026-04-07 01:47:08.079214376,Requester,synthetic demo data,synthetic demo data
REQ-0170,Triage,2026-04-07 04:17:55.598534253,Service Desk,synthetic demo data,synthetic demo data
REQ-0170,Assigned to Team,2026-04-07 06:40:13.815317057,Service Desk,synthetic demo data,synthetic demo data
REQ-0170,Manager Approval,2026-04-09 19:53:12.300124098,Engineering Manager,synthetic demo data,synthetic demo data
REQ-0170,Security Review,2026-04-10 01:46:31.354631749,Security Team,synthetic demo data,synthetic demo data
REQ-0170,Implementation,2026-04-10 14:49:08.852091055,Dev Team,synthetic demo data,synthetic demo data
REQ-0170,QA Verification,2026-04-11 00:55:22.252558841,QA Team,synthetic demo data,synthetic demo data
REQ-0170,Closed - Completed,2026-04-11 02:04:14.480857364,Service Desk,synthetic demo data,synthetic demo data
REQ-0171,Request Submitted,2026-02-11 01:00:47.153521801,Requester,synthetic demo data,synthetic demo data
REQ-0171,Triage,2026-02-11 03:59:03.253946363,Service Desk,synthetic demo data,synthetic demo data
REQ-0171,Assigned to Team,2026-02-11 07:01:34.573756302,Service Desk,synthetic demo data,synthetic demo data
REQ-0171,Manager Approval,2026-02-12 09:59:06.375382080,Engineering Manager,synthetic demo data,synthetic demo data
REQ-0171,Security Review,2026-02-13 04:06:01.529385996,Security Team,synthetic demo data,synthetic demo data
REQ-0171,Implementation,2026-02-13 13:39:45.169972997,Dev Team,synthetic demo data,synthetic demo data
REQ-0171,QA Verification,2026-02-13 23:51:57.981743363,QA Team,synthetic demo data,synthetic demo data
REQ-0171,Closed - Completed,2026-02-14 02:02:50.712927664,Service Desk,synthetic demo data,synthetic demo data
REQ-0172,Request Submitted,2026-05-01 11:43:35.994139464,Requester,synthetic demo data,synthetic demo data
REQ-0172,Triage,2026-05-01 14:38:52.136826485,Service Desk,synthetic demo data,synthetic demo data
REQ-0172,Assigned to Team,2026-05-01 18:37:47.298280103,Service Desk,synthetic demo data,synthetic demo data
REQ-0172,Manager Approval,2026-05-03 11:04:00.443168962,Engineering Manager,synthetic demo data,synthetic demo data
REQ-0172,Security Review,2026-05-04 04:37:42.371751849,Security Team,synthetic demo data,synthetic demo data
REQ-0172,Implementation,2026-05-04 08:54:44.927745168,Dev Team,synthetic demo data,synthetic demo data
REQ-0172,QA Verification,2026-05-04 12:18:28.438694247,QA Team,synthetic demo data,synthetic demo data
REQ-0172,Closed - Completed,2026-05-04 12:40:20.770999798,Service Desk,synthetic demo data,synthetic demo data
REQ-0173,Request Submitted,2026-04-03 21:27:15.349801962,Requester,synthetic demo data,synthetic demo data
REQ-0173,Triage,2026-04-03 23:00:51.394065655,Service Desk,synthetic demo data,synthetic demo data
REQ-0173,Assigned to Team,2026-04-03 23:12:51.394065655,Service Desk,synthetic demo data,synthetic demo data
REQ-0173,Manager Approval,2026-04-04 11:45:06.593593068,Engineering Manager,synthetic demo data,synthetic demo data
REQ-0173,Security Review,2026-04-05 17:50:21.830698530,Security Team,synthetic demo data,synthetic demo data
REQ-0173,Implementation,2026-04-05 23:10:51.216297620,Dev Team,synthetic demo data,synthetic demo data
REQ-0173,QA Verification,2026-04-06 06:15:45.606416313,QA Team,synthetic demo data,synthetic demo data
REQ-0173,Closed - Completed,2026-04-06 06:52:19.138868402,Service Desk,synthetic demo data,synthetic demo data
REQ-0174,Request Submitted,2026-02-11 09:49:14.793614933,Requester,synthetic demo data,synthetic demo data
REQ-0174,Triage,2026-02-11 12:06:38.939042273,Service Desk,synthetic demo data,synthetic demo data
REQ-0174,Assigned to Team,2026-02-11 18:35:58.149918434,Service Desk,synthetic demo data,synthetic demo data
REQ-0174,Manager Approval,2026-02-13 21:49:46.730988139,Engineering Manager,synthetic demo data,synthetic demo data
REQ-0174,Security Review,2026-02-14 15:04:14.004858438,Security Team,synthetic demo data,synthetic demo data
REQ-0174,Implementation,2026-02-14 20:41:51.634196304,Dev Team,synthetic demo data,synthetic demo data
REQ-0174,QA Verification,2026-02-15 01:43:15.748071893,QA Team,synthetic demo data,synthetic demo data
REQ-0174,Closed - Completed,2026-02-15 04:13:51.381766408,Service Desk,synthetic demo data,synthetic demo data
REQ-0175,Request Submitted,2026-04-27 01:09:13.363783274,Requester,synthetic demo data,synthetic demo data
REQ-0175,Triage,2026-04-27 04:37:15.216285826,Service Desk,synthetic demo data,synthetic demo data
REQ-0175,Assigned to Team,2026-04-27 07:26:58.482870225,Service Desk,synthetic demo data,synthetic demo data
REQ-0175,Manager Approval,2026-04-29 21:38:37.773159305,Engineering Manager,synthetic demo data,synthetic demo data
REQ-0175,Security Review,2026-04-30 18:27:37.832224875,Security Team,synthetic demo data,synthetic demo data
REQ-0175,Implementation,2026-05-01 09:36:06.417101711,Dev Team,synthetic demo data,synthetic demo data
REQ-0175,QA Verification,2026-05-01 16:40:25.466866985,QA Team,synthetic demo data,synthetic demo data
REQ-0175,Closed - Completed,2026-05-01 19:38:12.124930683,Service Desk,synthetic demo data,synthetic demo data
REQ-0176,Request Submitted,2026-06-22 06:44:08.440903032,Requester,synthetic demo data,synthetic demo data
REQ-0176,Triage,2026-06-22 09:11:43.382341085,Service Desk,synthetic demo data,synthetic demo data
REQ-0176,Assigned to Team,2026-06-22 13:40:41.569850397,Service Desk,synthetic demo data,synthetic demo data
REQ-0176,Manager Approval,2026-06-23 20:14:30.497551220,Engineering Manager,synthetic demo data,synthetic demo data
REQ-0176,Security Review,2026-06-24 04:39:51.353494508,Security Team,synthetic demo data,synthetic demo data
REQ-0176,Implementation,2026-06-24 07:13:23.633019941,Dev Team,synthetic demo data,synthetic demo data
REQ-0176,QA Verification,2026-06-24 08:56:30.559876329,QA Team,synthetic demo data,synthetic demo data
REQ-0176,Closed - Completed,2026-06-24 09:10:27.120269747,Service Desk,synthetic demo data,synthetic demo data
REQ-0177,Request Submitted,2026-01-24 23:35:25.191160609,Requester,synthetic demo data,synthetic demo data
REQ-0177,Triage,2026-01-25 01:34:36.894327679,Service Desk,synthetic demo data,synthetic demo data
REQ-0177,Assigned to Team,2026-01-25 01:46:36.894327679,Service Desk,synthetic demo data,synthetic demo data
REQ-0177,Manager Approval,2026-01-26 05:06:22.567126817,Engineering Manager,synthetic demo data,synthetic demo data
REQ-0177,Security Review,2026-01-26 23:38:27.879635920,Security Team,synthetic demo data,synthetic demo data
REQ-0177,Implementation,2026-01-27 16:01:30.261639166,Dev Team,synthetic demo data,synthetic demo data
REQ-0177,QA Verification,2026-01-27 17:39:13.172179634,QA Team,synthetic demo data,synthetic demo data
REQ-0177,Closed - Completed,2026-01-27 19:15:46.732810276,Service Desk,synthetic demo data,synthetic demo data
REQ-0178,Request Submitted,2026-02-05 22:55:16.908024153,Requester,synthetic demo data,synthetic demo data
REQ-0178,Triage,2026-02-06 01:29:04.835088812,Service Desk,synthetic demo data,synthetic demo data
REQ-0178,Assigned to Team,2026-02-06 04:39:23.591048740,Service Desk,synthetic demo data,synthetic demo data
REQ-0178,Manager Approval,2026-02-07 15:16:32.745397066,Engineering Manager,synthetic demo data,synthetic demo data
REQ-0178,Security Review,2026-02-08 18:16:27.294178090,Security Team,synthetic demo data,synthetic demo data
REQ-0178,Implementation,2026-02-08 23:02:10.691186034,Dev Team,synthetic demo data,synthetic demo data
REQ-0178,QA Verification,2026-02-09 07:40:13.723838242,QA Team,synthetic demo data,synthetic demo data
REQ-0178,Closed - Completed,2026-02-09 08:17:50.912977454,Service Desk,synthetic demo data,synthetic demo data
REQ-0179,Request Submitted,2026-01-27 21:52:48.428607831,Requester,synthetic demo data,synthetic demo data
REQ-0179,Triage,2026-01-27 23:15:49.773490339,Service Desk,synthetic demo data,synthetic demo data
REQ-0179,Assigned to Team,2026-01-28 02:13:47.273003580,Service Desk,synthetic demo data,synthetic demo data
REQ-0179,Manager Approval,2026-01-28 23:30:51.249309236,Engineering Manager,synthetic demo data,synthetic demo data
REQ-0179,Security Review,2026-01-29 09:52:08.126318915,Security Team,synthetic demo data,synthetic demo data
REQ-0179,Implementation,2026-01-29 16:27:16.074039678,Dev Team,synthetic demo data,synthetic demo data
REQ-0179,QA Verification,2026-01-29 19:08:32.996777664,QA Team,synthetic demo data,synthetic demo data
REQ-0179,Closed - Completed,2026-01-29 21:27:55.067648399,Service Desk,synthetic demo data,synthetic demo data
REQ-0180,Request Submitted,2026-05-15 00:19:02.485468454,Requester,synthetic demo data,synthetic demo data
REQ-0180,Triage,2026-05-15 01:08:09.160823910,Service Desk,synthetic demo data,synthetic demo data
REQ-0180,Assigned to Team,2026-05-15 03:17:11.168279772,Service Desk,synthetic demo data,synthetic demo data
REQ-0180,Manager Approval,2026-05-16 00:32:31.156505726,Engineering Manager,synthetic demo data,synthetic demo data
REQ-0180,Security Review,2026-05-17 08:28:05.910521270,Security Team,synthetic demo data,synthetic demo data
REQ-0180,Implementation,2026-05-17 17:47:22.085738148,Dev Team,synthetic demo data,synthetic demo data
REQ-0180,QA Verification,2026-05-17 23:09:15.360670668,QA Team,synthetic demo data,synthetic demo data
REQ-0180,Closed - Completed,2026-05-18 01:39:10.750658519,Service Desk,synthetic demo data,synthetic demo data
REQ-0181,Request Submitted,2026-02-13 17:48:18.514475383,Requester,synthetic demo data,synthetic demo data
REQ-0181,Triage,2026-02-13 21:48:09.565515480,Service Desk,synthetic demo data,synthetic demo data
REQ-0181,Assigned to Team,2026-02-14 01:00:04.236650054,Service Desk,synthetic demo data,synthetic demo data
REQ-0181,Manager Approval,2026-02-15 07:57:07.060376188,Engineering Manager,synthetic demo data,synthetic demo data
REQ-0181,Security Review,2026-02-16 08:53:06.419876595,Security Team,synthetic demo data,synthetic demo data
REQ-0181,Implementation,2026-02-16 20:28:03.135380321,Dev Team,synthetic demo data,synthetic demo data
REQ-0181,QA Verification,2026-02-16 20:40:03.135380321,QA Team,synthetic demo data,synthetic demo data
REQ-0181,Closed - Completed,2026-02-16 20:59:06.760045873,Service Desk,synthetic demo data,synthetic demo data
REQ-0182,Request Submitted,2026-05-17 17:49:54.177679090,Requester,synthetic demo data,synthetic demo data
REQ-0182,Triage,2026-05-17 21:08:37.468623081,Service Desk,synthetic demo data,synthetic demo data
REQ-0182,Assigned to Team,2026-05-17 23:40:15.526917700,Service Desk,synthetic demo data,synthetic demo data
REQ-0182,Manager Approval,2026-05-18 02:35:15.177837758,Engineering Manager,synthetic demo data,synthetic demo data
REQ-0182,Security Review,2026-05-18 11:10:31.526932012,Security Team,synthetic demo data,synthetic demo data
REQ-0182,Implementation,2026-05-18 11:22:31.526932012,Dev Team,synthetic demo data,synthetic demo data
REQ-0182,QA Verification,2026-05-18 16:40:22.971129356,QA Team,synthetic demo data,synthetic demo data
REQ-0182,Closed - Completed,2026-05-18 18:29:04.788271204,Service Desk,synthetic demo data,synthetic demo data
REQ-0183,Request Submitted,2026-05-22 20:04:13.538384142,Requester,synthetic demo data,synthetic demo data
REQ-0183,Triage,2026-05-22 23:16:08.209795602,Service Desk,synthetic demo data,synthetic demo data
REQ-0183,Assigned to Team,2026-05-23 02:00:48.112309479,Service Desk,synthetic demo data,synthetic demo data
REQ-0183,Manager Approval,2026-05-23 02:12:48.112309479,Engineering Manager,synthetic demo data,synthetic demo data
REQ-0183,Security Review,2026-05-24 03:46:08.035517428,Security Team,synthetic demo data,synthetic demo data
REQ-0183,Implementation,2026-05-24 13:59:25.222807951,Dev Team,synthetic demo data,synthetic demo data
REQ-0183,QA Verification,2026-05-24 20:55:06.651765646,QA Team,synthetic demo data,synthetic demo data
REQ-0183,Closed - Completed,2026-05-24 23:53:59.978863155,Service Desk,synthetic demo data,synthetic demo data
REQ-0184,Request Submitted,2026-05-30 23:10:06.014140442,Requester,synthetic demo data,synthetic demo data
REQ-0184,Triage,2026-05-31 00:12:32.074229131,Service Desk,synthetic demo data,synthetic demo data
REQ-0184,Assigned to Team,2026-05-31 04:19:57.878036015,Service Desk,synthetic demo data,synthetic demo data
REQ-0184,Manager Approval,2026-05-31 10:42:35.554237582,Engineering Manager,synthetic demo data,synthetic demo data
REQ-0184,Closed - Rejected,2026-05-31 11:42:35.554237582,Service Desk,synthetic demo data,synthetic demo data
REQ-0185,Request Submitted,2026-06-28 10:38:26.170231736,Requester,synthetic demo data,synthetic demo data
REQ-0185,Triage,2026-06-28 12:22:46.930868932,Service Desk,synthetic demo data,synthetic demo data
REQ-0185,Assigned to Team,2026-06-28 16:38:22.512936649,Service Desk,synthetic demo data,synthetic demo data
REQ-0185,Manager Approval,2026-06-30 01:57:25.064528099,Engineering Manager,synthetic demo data,synthetic demo data
REQ-0185,Security Review,2026-06-30 21:00:44.420273693,Security Team,synthetic demo data,synthetic demo data
REQ-0185,Implementation,2026-07-01 10:28:03.864952723,Dev Team,synthetic demo data,synthetic demo data
REQ-0185,QA Verification,2026-07-01 15:45:27.949646482,QA Team,synthetic demo data,synthetic demo data
REQ-0185,Closed - Completed,2026-07-01 15:58:37.292459253,Service Desk,synthetic demo data,synthetic demo data
REQ-0186,Request Submitted,2026-04-10 15:14:51.711820314,Requester,synthetic demo data,synthetic demo data
REQ-0186,Triage,2026-04-10 17:38:35.544603219,Service Desk,synthetic demo data,synthetic demo data
REQ-0186,Assigned to Team,2026-04-10 18:17:33.430051947,Service Desk,synthetic demo data,synthetic demo data
REQ-0186,Manager Approval,2026-04-11 14:09:06.567073773,Engineering Manager,synthetic demo data,synthetic demo data
REQ-0186,Security Review,2026-04-12 04:54:58.795359620,Security Team,synthetic demo data,synthetic demo data
REQ-0186,Implementation,2026-04-12 11:27:16.033204375,Dev Team,synthetic demo data,synthetic demo data
REQ-0186,QA Verification,2026-04-12 13:19:36.166447478,QA Team,synthetic demo data,synthetic demo data
REQ-0186,Closed - Completed,2026-04-12 14:41:54.030458247,Service Desk,synthetic demo data,synthetic demo data
REQ-0187,Request Submitted,2026-02-04 22:05:57.902265200,Requester,synthetic demo data,synthetic demo data
REQ-0187,Triage,2026-02-05 00:54:30.738984764,Service Desk,synthetic demo data,synthetic demo data
REQ-0187,Assigned to Team,2026-02-05 03:41:23.362511084,Service Desk,synthetic demo data,synthetic demo data
REQ-0187,Manager Approval,2026-02-06 04:12:04.556799199,Engineering Manager,synthetic demo data,synthetic demo data
REQ-0187,Security Review,2026-02-07 01:27:38.104509266,Security Team,synthetic demo data,synthetic demo data
REQ-0187,Closed - Cancelled,2026-02-07 02:27:38.104509266,Service Desk,synthetic demo data,synthetic demo data
REQ-0188,Request Submitted,2026-05-02 08:42:04.371995910,Requester,synthetic demo data,synthetic demo data
REQ-0188,Triage,2026-05-02 09:45:39.575643777,Service Desk,synthetic demo data,synthetic demo data
REQ-0188,Assigned to Team,2026-05-02 11:48:31.584558331,Service Desk,synthetic demo data,synthetic demo data
REQ-0188,Manager Approval,2026-05-03 01:31:12.505048800,Engineering Manager,synthetic demo data,synthetic demo data
REQ-0188,Security Review,2026-05-03 22:58:43.234762437,Security Team,synthetic demo data,synthetic demo data
REQ-0188,Implementation,2026-05-04 09:53:51.140464922,Dev Team,synthetic demo data,synthetic demo data
REQ-0188,QA Verification,2026-05-04 11:08:10.478816300,QA Team,synthetic demo data,synthetic demo data
REQ-0188,Closed - Completed,2026-05-04 13:09:40.942176677,Service Desk,synthetic demo data,synthetic demo data
REQ-0189,Request Submitted,2026-05-20 00:25:02.976269632,Requester,synthetic demo data,synthetic demo data
REQ-0189,Triage,2026-05-20 02:24:16.396704459,Service Desk,synthetic demo data,synthetic demo data
REQ-0189,Assigned to Team,2026-05-20 03:13:26.960592828,Service Desk,synthetic demo data,synthetic demo data
REQ-0189,Manager Approval,2026-05-20 15:33:02.539930426,Engineering Manager,synthetic demo data,synthetic demo data
REQ-0189,Security Review,2026-05-21 11:48:55.863779379,Security Team,synthetic demo data,synthetic demo data
REQ-0189,Implementation,2026-05-21 23:55:50.309023714,Dev Team,synthetic demo data,synthetic demo data
REQ-0189,QA Verification,2026-05-22 00:07:50.309023714,QA Team,synthetic demo data,synthetic demo data
REQ-0189,Closed - Completed,2026-05-22 02:28:34.924710999,Service Desk,synthetic demo data,synthetic demo data
REQ-0190,Request Submitted,2026-02-07 19:33:06.042313978,Requester,synthetic demo data,synthetic demo data
REQ-0190,Triage,2026-02-07 22:06:06.771299673,Service Desk,synthetic demo data,synthetic demo data
REQ-0190,Assigned to Team,2026-02-08 00:02:50.198262824,Service Desk,synthetic demo data,synthetic demo data
REQ-0190,Manager Approval,2026-02-09 04:22:34.141819269,Engineering Manager,synthetic demo data,synthetic demo data
REQ-0190,Security Review,2026-02-09 09:47:16.543826084,Security Team,synthetic demo data,synthetic demo data
REQ-0190,Implementation,2026-02-09 09:59:16.543826084,Dev Team,synthetic demo data,synthetic demo data
REQ-0190,QA Verification,2026-02-09 18:48:58.414479316,QA Team,synthetic demo data,synthetic demo data
REQ-0190,Closed - Completed,2026-02-09 19:49:52.432739508,Service Desk,synthetic demo data,synthetic demo data
REQ-0191,Request Submitted,2026-03-15 04:24:38.734101991,Requester,synthetic demo data,synthetic demo data
REQ-0191,Triage,2026-03-15 05:00:02.843170889,Service Desk,synthetic demo data,synthetic demo data
REQ-0191,Assigned to Team,2026-03-15 07:44:24.119590378,Service Desk,synthetic demo data,synthetic demo data
REQ-0191,Manager Approval,2026-03-16 03:31:33.429005941,Engineering Manager,synthetic demo data,synthetic demo data
REQ-0191,Security Review,2026-03-17 02:55:39.689340969,Security Team,synthetic demo data,synthetic demo data
REQ-0191,Implementation,2026-03-17 12:44:16.242574275,Dev Team,synthetic demo data,synthetic demo data
REQ-0191,QA Verification,2026-03-17 19:42:01.418754580,QA Team,synthetic demo data,synthetic demo data
REQ-0191,Closed - Completed,2026-03-17 21:56:20.381601922,Service Desk,synthetic demo data,synthetic demo data
REQ-0192,Request Submitted,2026-02-14 15:10:57.129102672,Requester,synthetic demo data,synthetic demo data
REQ-0192,Triage,2026-02-14 17:07:39.363584341,Service Desk,synthetic demo data,synthetic demo data
REQ-0192,Assigned to Team,2026-02-14 21:49:35.888615146,Service Desk,synthetic demo data,synthetic demo data
REQ-0192,Manager Approval,2026-02-16 21:31:48.695005783,Engineering Manager,synthetic demo data,synthetic demo data
REQ-0192,Security Review,2026-02-17 04:44:03.552767018,Security Team,synthetic demo data,synthetic demo data
REQ-0192,Implementation,2026-02-17 11:29:05.634407173,Dev Team,synthetic demo data,synthetic demo data
REQ-0192,QA Verification,2026-02-17 21:33:33.342242539,QA Team,synthetic demo data,synthetic demo data
REQ-0192,Closed - Completed,2026-02-18 00:04:02.427021255,Service Desk,synthetic demo data,synthetic demo data
REQ-0193,Request Submitted,2026-05-23 15:58:52.081477544,Requester,synthetic demo data,synthetic demo data
REQ-0193,Triage,2026-05-23 17:35:50.398144996,Service Desk,synthetic demo data,synthetic demo data
REQ-0193,Assigned to Team,2026-05-23 21:01:46.781085683,Service Desk,synthetic demo data,synthetic demo data
REQ-0193,Manager Approval,2026-05-24 23:29:47.125186465,Engineering Manager,synthetic demo data,synthetic demo data
REQ-0193,Security Review,2026-05-25 19:06:47.577864625,Security Team,synthetic demo data,synthetic demo data
REQ-0193,Implementation,2026-05-26 03:25:39.399232681,Dev Team,synthetic demo data,synthetic demo data
REQ-0193,QA Verification,2026-05-26 07:23:36.226724951,QA Team,synthetic demo data,synthetic demo data
REQ-0193,Closed - Completed,2026-05-26 09:55:31.892470924,Service Desk,synthetic demo data,synthetic demo data
REQ-0194,Request Submitted,2026-02-10 19:39:30.708137428,Requester,synthetic demo data,synthetic demo data
REQ-0194,Triage,2026-02-10 21:58:57.153224511,Service Desk,synthetic demo data,synthetic demo data
REQ-0194,Assigned to Team,2026-02-10 23:50:32.126745968,Service Desk,synthetic demo data,synthetic demo data
REQ-0194,Manager Approval,2026-02-12 13:55:33.216652938,Engineering Manager,synthetic demo data,synthetic demo data
REQ-0194,Security Review,2026-02-13 10:20:41.678788760,Security Team,synthetic demo data,synthetic demo data
REQ-0194,Implementation,2026-02-13 21:23:32.387534971,Dev Team,synthetic demo data,synthetic demo data
REQ-0194,QA Verification,2026-02-14 06:55:07.858561265,QA Team,synthetic demo data,synthetic demo data
REQ-0194,Closed - Completed,2026-02-14 09:06:40.574585230,Service Desk,synthetic demo data,synthetic demo data
REQ-0195,Request Submitted,2026-06-02 13:18:27.211051262,Requester,synthetic demo data,synthetic demo data
REQ-0195,Triage,2026-06-02 16:53:52.839323759,Service Desk,synthetic demo data,synthetic demo data
REQ-0195,Assigned to Team,2026-06-02 20:27:38.174943977,Service Desk,synthetic demo data,synthetic demo data
REQ-0195,Manager Approval,2026-06-04 17:33:01.480073534,Engineering Manager,synthetic demo data,synthetic demo data
REQ-0195,Security Review,2026-06-05 02:34:17.505940668,Security Team,synthetic demo data,synthetic demo data
REQ-0195,Implementation,2026-06-05 07:14:54.419645551,Dev Team,synthetic demo data,synthetic demo data
REQ-0195,QA Verification,2026-06-05 13:41:10.553222314,QA Team,synthetic demo data,synthetic demo data
REQ-0195,Closed - Completed,2026-06-05 15:40:09.216820699,Service Desk,synthetic demo data,synthetic demo data
REQ-0196,Request Submitted,2026-05-20 22:13:18.089480234,Requester,synthetic demo data,synthetic demo data
REQ-0196,Triage,2026-05-20 22:27:23.296345143,Service Desk,synthetic demo data,synthetic demo data
REQ-0196,Assigned to Team,2026-05-21 02:55:01.919332416,Service Desk,synthetic demo data,synthetic demo data
REQ-0196,Manager Approval,2026-05-22 09:01:59.327594295,Engineering Manager,synthetic demo data,synthetic demo data
REQ-0196,Security Review,2026-05-23 03:11:56.795293859,Security Team,synthetic demo data,synthetic demo data
REQ-0196,Implementation,2026-05-23 05:18:52.735918716,Dev Team,synthetic demo data,synthetic demo data
REQ-0196,QA Verification,2026-05-23 12:49:25.661537186,QA Team,synthetic demo data,synthetic demo data
REQ-0196,Closed - Completed,2026-05-23 13:01:25.661537186,Service Desk,synthetic demo data,synthetic demo data
REQ-0197,Request Submitted,2026-01-22 14:05:08.346887485,Requester,synthetic demo data,synthetic demo data
REQ-0197,Triage,2026-01-22 16:08:20.795372907,Service Desk,synthetic demo data,synthetic demo data
REQ-0197,Assigned to Team,2026-01-22 18:57:37.283651336,Service Desk,synthetic demo data,synthetic demo data
REQ-0197,Manager Approval,2026-01-24 17:20:02.006274947,Engineering Manager,synthetic demo data,synthetic demo data
REQ-0197,Security Review,2026-01-25 11:43:33.578798896,Security Team,synthetic demo data,synthetic demo data
REQ-0197,Implementation,2026-01-25 16:56:57.983518398,Dev Team,synthetic demo data,synthetic demo data
REQ-0197,QA Verification,2026-01-25 21:25:46.674401909,QA Team,synthetic demo data,synthetic demo data
REQ-0197,Closed - Completed,2026-01-26 00:42:09.052369425,Service Desk,synthetic demo data,synthetic demo data
REQ-0198,Request Submitted,2026-05-12 22:46:49.081699762,Requester,synthetic demo data,synthetic demo data
REQ-0198,Triage,2026-05-13 00:32:37.874587889,Service Desk,synthetic demo data,synthetic demo data
REQ-0198,Assigned to Team,2026-05-13 01:11:35.118298727,Service Desk,synthetic demo data,synthetic demo data
REQ-0198,Manager Approval,2026-05-14 12:37:54.218021644,Engineering Manager,synthetic demo data,synthetic demo data
REQ-0198,Security Review,2026-05-14 16:47:36.189092310,Security Team,synthetic demo data,synthetic demo data
REQ-0198,Implementation,2026-05-15 03:48:02.058200340,Dev Team,synthetic demo data,synthetic demo data
REQ-0198,QA Verification,2026-05-15 10:11:11.171399245,QA Team,synthetic demo data,synthetic demo data
REQ-0198,Closed - Completed,2026-05-15 14:34:24.197877711,Service Desk,synthetic demo data,synthetic demo data
REQ-0199,Request Submitted,2026-03-04 17:51:32.085768633,Requester,synthetic demo data,synthetic demo data
REQ-0199,Triage,2026-03-04 21:39:25.921491956,Service Desk,synthetic demo data,synthetic demo data
REQ-0199,Assigned to Team,2026-03-05 02:26:39.425549529,Service Desk,synthetic demo data,synthetic demo data
REQ-0199,Manager Approval,2026-03-05 22:41:50.338149902,Engineering Manager,synthetic demo data,synthetic demo data
REQ-0199,Security Review,2026-03-06 20:42:46.882829201,Security Team,synthetic demo data,synthetic demo data
REQ-0199,Implementation,2026-03-07 04:43:15.673561578,Dev Team,synthetic demo data,synthetic demo data
REQ-0199,QA Verification,2026-03-07 11:34:00.796929434,QA Team,synthetic demo data,synthetic demo data
REQ-0199,Closed - Completed,2026-03-07 12:52:05.547359888,Service Desk,synthetic demo data,synthetic demo data
REQ-0200,Request Submitted,2026-03-10 06:37:23.747558536,Requester,synthetic demo data,synthetic demo data
REQ-0200,Triage,2026-03-10 08:45:30.191985261,Service Desk,synthetic demo data,synthetic demo data
REQ-0200,Assigned to Team,2026-03-10 12:26:00.303621738,Service Desk,synthetic demo data,synthetic demo data
REQ-0200,Manager Approval,2026-03-11 15:14:58.365224486,Engineering Manager,synthetic demo data,synthetic demo data
REQ-0200,Security Review,2026-03-11 20:42:50.716369538,Security Team,synthetic demo data,synthetic demo data
REQ-0200,Implementation,2026-03-12 08:40:05.575194599,Dev Team,synthetic demo data,synthetic demo data
REQ-0200,QA Verification,2026-03-12 15:45:42.445604921,QA Team,synthetic demo data,synthetic demo data
REQ-0200,Closed - Completed,2026-03-12 17:02:08.791253197,Service Desk,synthetic demo data,synthetic demo data
REQ-0201,Request Submitted,2026-01-05 18:37:39.477397095,Requester,synthetic demo data,synthetic demo data
REQ-0201,Triage,2026-01-05 19:36:08.000937094,Service Desk,synthetic demo data,synthetic demo data
REQ-0201,Assigned to Team,2026-01-05 21:47:43.819666765,Service Desk,synthetic demo data,synthetic demo data
REQ-0201,Manager Approval,2026-01-07 20:59:36.228605684,Engineering Manager,synthetic demo data,synthetic demo data
REQ-0201,Security Review,2026-01-08 11:14:16.318740929,Security Team,synthetic demo data,synthetic demo data
REQ-0201,Implementation,2026-01-08 21:47:55.395435263,Dev Team,synthetic demo data,synthetic demo data
REQ-0201,QA Verification,2026-01-09 02:11:01.580444357,QA Team,synthetic demo data,synthetic demo data
REQ-0201,Closed - Completed,2026-01-09 04:25:54.191663423,Service Desk,synthetic demo data,synthetic demo data
REQ-0202,Request Submitted,2026-03-12 17:36:16.332393558,Requester,synthetic demo data,synthetic demo data
REQ-0202,Triage,2026-03-12 19:04:11.011575971,Service Desk,synthetic demo data,synthetic demo data
REQ-0202,Assigned to Team,2026-03-12 19:42:39.359025957,Service Desk,synthetic demo data,synthetic demo data
REQ-0202,Manager Approval,2026-03-13 06:21:49.127845229,Engineering Manager,synthetic demo data,synthetic demo data
REQ-0202,Security Review,2026-03-13 21:34:36.297041483,Security Team,synthetic demo data,synthetic demo data
REQ-0202,Implementation,2026-03-14 00:34:49.833463719,Dev Team,synthetic demo data,synthetic demo data
REQ-0202,QA Verification,2026-03-14 07:48:40.123233058,QA Team,synthetic demo data,synthetic demo data
REQ-0202,Closed - Completed,2026-03-14 09:20:43.357839568,Service Desk,synthetic demo data,synthetic demo data
REQ-0203,Request Submitted,2026-02-14 14:25:22.403057944,Requester,synthetic demo data,synthetic demo data
REQ-0203,Triage,2026-02-14 16:37:35.482501299,Service Desk,synthetic demo data,synthetic demo data
REQ-0203,Assigned to Team,2026-02-14 17:56:04.536174368,Service Desk,synthetic demo data,synthetic demo data
REQ-0203,Manager Approval,2026-02-15 17:01:37.108619080,Engineering Manager,synthetic demo data,synthetic demo data
REQ-0203,Security Review,2026-02-16 14:17:59.099555313,Security Team,synthetic demo data,synthetic demo data
REQ-0203,Implementation,2026-02-16 14:29:59.099555313,Dev Team,synthetic demo data,synthetic demo data
REQ-0203,QA Verification,2026-02-16 21:12:36.821616623,QA Team,synthetic demo data,synthetic demo data
REQ-0203,Closed - Completed,2026-02-17 01:06:47.288480810,Service Desk,synthetic demo data,synthetic demo data
REQ-0204,Request Submitted,2026-03-22 06:58:45.413952996,Requester,synthetic demo data,synthetic demo data
REQ-0204,Triage,2026-03-22 10:00:15.132048247,Service Desk,synthetic demo data,synthetic demo data
REQ-0204,Assigned to Team,2026-03-22 12:45:29.783148101,Service Desk,synthetic demo data,synthetic demo data
REQ-0204,Manager Approval,2026-03-23 10:37:29.389646114,Engineering Manager,synthetic demo data,synthetic demo data
REQ-0204,Security Review,2026-03-23 10:49:29.389646114,Security Team,synthetic demo data,synthetic demo data
REQ-0204,Implementation,2026-03-23 21:23:19.656005401,Dev Team,synthetic demo data,synthetic demo data
REQ-0204,QA Verification,2026-03-24 03:02:57.437180328,QA Team,synthetic demo data,synthetic demo data
REQ-0204,Closed - Completed,2026-03-24 04:02:11.775315330,Service Desk,synthetic demo data,synthetic demo data
REQ-0205,Request Submitted,2026-06-11 21:29:47.078026168,Requester,synthetic demo data,synthetic demo data
REQ-0205,Triage,2026-06-11 22:58:04.743954152,Service Desk,synthetic demo data,synthetic demo data
REQ-0205,Assigned to Team,2026-06-12 02:52:38.716197139,Service Desk,synthetic demo data,synthetic demo data
REQ-0205,Manager Approval,2026-06-12 14:08:24.242666417,Engineering Manager,synthetic demo data,synthetic demo data
REQ-0205,Security Review,2026-06-13 19:33:57.257935206,Security Team,synthetic demo data,synthetic demo data
REQ-0205,Implementation,2026-06-13 21:58:30.577186300,Dev Team,synthetic demo data,synthetic demo data
REQ-0205,QA Verification,2026-06-14 01:59:13.401976063,QA Team,synthetic demo data,synthetic demo data
REQ-0205,Closed - Completed,2026-06-14 05:54:36.008274702,Service Desk,synthetic demo data,synthetic demo data
REQ-0206,Request Submitted,2026-01-14 16:55:45.091755832,Requester,synthetic demo data,synthetic demo data
REQ-0206,Triage,2026-01-14 18:23:59.711451712,Service Desk,synthetic demo data,synthetic demo data
REQ-0206,Assigned to Team,2026-01-14 21:30:35.398150474,Service Desk,synthetic demo data,synthetic demo data
REQ-0206,Manager Approval,2026-01-16 04:02:06.569060389,Engineering Manager,synthetic demo data,synthetic demo data
REQ-0206,Security Review,2026-01-16 23:13:02.350940507,Security Team,synthetic demo data,synthetic demo data
REQ-0206,Closed - Cancelled,2026-01-17 00:13:02.350940507,Service Desk,synthetic demo data,synthetic demo data
REQ-0207,Request Submitted,2026-04-25 07:10:46.991797244,Requester,synthetic demo data,synthetic demo data
REQ-0207,Triage,2026-04-25 07:44:15.868348939,Service Desk,synthetic demo data,synthetic demo data
REQ-0207,Assigned to Team,2026-04-25 09:57:46.710341270,Service Desk,synthetic demo data,synthetic demo data
REQ-0207,Manager Approval,2026-04-27 04:46:03.762662207,Engineering Manager,synthetic demo data,synthetic demo data
REQ-0207,Security Review,2026-04-27 12:27:09.731421550,Security Team,synthetic demo data,synthetic demo data
REQ-0207,Implementation,2026-04-27 19:41:40.132055384,Dev Team,synthetic demo data,synthetic demo data
REQ-0207,QA Verification,2026-04-27 23:14:06.789624658,QA Team,synthetic demo data,synthetic demo data
REQ-0207,Closed - Completed,2026-04-28 01:20:47.651170491,Service Desk,synthetic demo data,synthetic demo data
REQ-0208,Request Submitted,2026-01-29 00:15:22.608633762,Requester,synthetic demo data,synthetic demo data
REQ-0208,Triage,2026-01-29 02:45:46.307988846,Service Desk,synthetic demo data,synthetic demo data
REQ-0208,Assigned to Team,2026-01-29 03:47:42.570893649,Service Desk,synthetic demo data,synthetic demo data
REQ-0208,Manager Approval,2026-01-30 19:11:32.462678979,Engineering Manager,synthetic demo data,synthetic demo data
REQ-0208,Security Review,2026-01-31 08:13:13.742536088,Security Team,synthetic demo data,synthetic demo data
REQ-0208,Implementation,2026-01-31 13:54:44.994788251,Dev Team,synthetic demo data,synthetic demo data
REQ-0208,QA Verification,2026-01-31 20:51:14.240205407,QA Team,synthetic demo data,synthetic demo data
REQ-0208,Closed - Completed,2026-01-31 22:21:43.949494378,Service Desk,synthetic demo data,synthetic demo data
REQ-0209,Request Submitted,2026-02-09 08:48:31.007790231,Requester,synthetic demo data,synthetic demo data
REQ-0209,Triage,2026-02-09 10:11:22.800200902,Service Desk,synthetic demo data,synthetic demo data
REQ-0209,Assigned to Team,2026-02-09 12:12:18.397375742,Service Desk,synthetic demo data,synthetic demo data
REQ-0209,Manager Approval,2026-02-10 10:17:10.204458648,Engineering Manager,synthetic demo data,synthetic demo data
REQ-0209,Security Review,2026-02-11 16:10:44.010858397,Security Team,synthetic demo data,synthetic demo data
REQ-0209,Implementation,2026-02-12 02:41:38.677486385,Dev Team,synthetic demo data,synthetic demo data
REQ-0209,QA Verification,2026-02-12 13:49:26.072189715,QA Team,synthetic demo data,synthetic demo data
REQ-0209,Closed - Completed,2026-02-12 18:05:29.591323752,Service Desk,synthetic demo data,synthetic demo data
REQ-0210,Request Submitted,2026-04-22 14:43:13.140683982,Requester,synthetic demo data,synthetic demo data
REQ-0210,Triage,2026-04-22 15:32:38.819544065,Service Desk,synthetic demo data,synthetic demo data
REQ-0210,Assigned to Team,2026-04-22 17:22:39.747534224,Service Desk,synthetic demo data,synthetic demo data
REQ-0210,Manager Approval,2026-04-23 14:33:23.589017338,Engineering Manager,synthetic demo data,synthetic demo data
REQ-0210,Security Review,2026-04-24 01:02:31.771095257,Security Team,synthetic demo data,synthetic demo data
REQ-0210,Closed - Cancelled,2026-04-24 02:02:31.771095257,Service Desk,synthetic demo data,synthetic demo data
REQ-0211,Request Submitted,2026-03-21 19:20:37.677224902,Requester,synthetic demo data,synthetic demo data
REQ-0211,Triage,2026-03-21 20:07:37.490918710,Service Desk,synthetic demo data,synthetic demo data
REQ-0211,Assigned to Team,2026-03-22 00:23:24.976498053,Service Desk,synthetic demo data,synthetic demo data
REQ-0211,Manager Approval,2026-03-22 17:32:30.198212210,Engineering Manager,synthetic demo data,synthetic demo data
REQ-0211,Security Review,2026-03-24 14:49:40.232843333,Security Team,synthetic demo data,synthetic demo data
REQ-0211,Implementation,2026-03-24 21:01:20.296749445,Dev Team,synthetic demo data,synthetic demo data
REQ-0211,QA Verification,2026-03-25 03:14:18.087282149,QA Team,synthetic demo data,synthetic demo data
REQ-0211,Closed - Completed,2026-03-25 03:56:34.859018071,Service Desk,synthetic demo data,synthetic demo data
REQ-0212,Request Submitted,2026-03-31 05:31:08.593766417,Requester,synthetic demo data,synthetic demo data
REQ-0212,Triage,2026-03-31 07:48:57.490901067,Service Desk,synthetic demo data,synthetic demo data
REQ-0212,Assigned to Team,2026-03-31 08:47:44.757137657,Service Desk,synthetic demo data,synthetic demo data
REQ-0212,Manager Approval,2026-04-01 17:44:42.367774977,Engineering Manager,synthetic demo data,synthetic demo data
REQ-0212,Security Review,2026-04-02 03:39:08.001884017,Security Team,synthetic demo data,synthetic demo data
REQ-0212,Implementation,2026-04-02 17:30:05.917678033,Dev Team,synthetic demo data,synthetic demo data
REQ-0212,QA Verification,2026-04-03 01:55:45.220782047,QA Team,synthetic demo data,synthetic demo data
REQ-0212,Closed - Completed,2026-04-03 04:01:28.801320602,Service Desk,synthetic demo data,synthetic demo data
REQ-0213,Request Submitted,2026-03-28 01:28:32.395332389,Requester,synthetic demo data,synthetic demo data
REQ-0213,Triage,2026-03-28 04:09:48.335406148,Service Desk,synthetic demo data,synthetic demo data
REQ-0213,Assigned to Team,2026-03-28 08:58:57.907341453,Service Desk,synthetic demo data,synthetic demo data
REQ-0213,Manager Approval,2026-03-30 06:30:40.065840656,Engineering Manager,synthetic demo data,synthetic demo data
REQ-0213,Security Review,2026-03-30 12:10:58.844568032,Security Team,synthetic demo data,synthetic demo data
REQ-0213,Implementation,2026-03-30 21:23:21.197786137,Dev Team,synthetic demo data,synthetic demo data
REQ-0213,QA Verification,2026-03-31 06:26:08.762124152,QA Team,synthetic demo data,synthetic demo data
REQ-0213,Closed - Completed,2026-03-31 06:46:38.754088055,Service Desk,synthetic demo data,synthetic demo data
REQ-0214,Request Submitted,2026-01-01 11:27:15.546235104,Requester,synthetic demo data,synthetic demo data
REQ-0214,Triage,2026-01-01 13:09:12.793729655,Service Desk,synthetic demo data,synthetic demo data
REQ-0214,Assigned to Team,2026-01-01 13:22:31.119710488,Service Desk,synthetic demo data,synthetic demo data
REQ-0214,Manager Approval,2026-01-02 14:48:55.934962772,Engineering Manager,synthetic demo data,synthetic demo data
REQ-0214,Security Review,2026-01-03 07:52:11.239022509,Security Team,synthetic demo data,synthetic demo data
REQ-0214,Implementation,2026-01-03 15:16:38.996397021,Dev Team,synthetic demo data,synthetic demo data
REQ-0214,QA Verification,2026-01-03 19:35:13.505002430,QA Team,synthetic demo data,synthetic demo data
REQ-0214,Closed - Completed,2026-01-03 21:08:38.661250760,Service Desk,synthetic demo data,synthetic demo data
REQ-0215,Request Submitted,2026-04-23 04:04:53.113631234,Requester,synthetic demo data,synthetic demo data
REQ-0215,Triage,2026-04-23 05:46:37.177284949,Service Desk,synthetic demo data,synthetic demo data
REQ-0215,Assigned to Team,2026-04-23 08:09:45.073071761,Service Desk,synthetic demo data,synthetic demo data
REQ-0215,Manager Approval,2026-04-24 15:27:19.716599785,Engineering Manager,synthetic demo data,synthetic demo data
REQ-0215,Security Review,2026-04-24 18:10:02.040600781,Security Team,synthetic demo data,synthetic demo data
REQ-0215,Implementation,2026-04-25 04:04:31.346432842,Dev Team,synthetic demo data,synthetic demo data
REQ-0215,QA Verification,2026-04-25 10:04:25.264983914,QA Team,synthetic demo data,synthetic demo data
REQ-0215,Closed - Completed,2026-04-25 12:06:48.161679665,Service Desk,synthetic demo data,synthetic demo data
REQ-0216,Request Submitted,2026-06-02 07:50:03.936671882,Requester,synthetic demo data,synthetic demo data
REQ-0216,Triage,2026-06-02 08:02:03.936671882,Service Desk,synthetic demo data,synthetic demo data
REQ-0216,Assigned to Team,2026-06-02 11:26:42.477436629,Service Desk,synthetic demo data,synthetic demo data
REQ-0216,Manager Approval,2026-06-03 17:20:43.787938151,Engineering Manager,synthetic demo data,synthetic demo data
REQ-0216,Security Review,2026-06-04 14:52:37.520897569,Security Team,synthetic demo data,synthetic demo data
REQ-0216,Implementation,2026-06-04 21:01:42.891015085,Dev Team,synthetic demo data,synthetic demo data
REQ-0216,QA Verification,2026-06-05 05:01:17.910696876,QA Team,synthetic demo data,synthetic demo data
REQ-0216,Closed - Completed,2026-06-05 07:57:15.410531644,Service Desk,synthetic demo data,synthetic demo data
REQ-0217,Request Submitted,2026-04-05 04:39:37.294146609,Requester,synthetic demo data,synthetic demo data
REQ-0217,Triage,2026-04-05 04:51:37.294146609,Service Desk,synthetic demo data,synthetic demo data
REQ-0217,Assigned to Team,2026-04-05 09:00:51.169670009,Service Desk,synthetic demo data,synthetic demo data
REQ-0217,Manager Approval,2026-04-07 08:07:06.294447375,Engineering Manager,synthetic demo data,synthetic demo data
REQ-0217,Security Review,2026-04-08 09:55:09.986995655,Security Team,synthetic demo data,synthetic demo data
REQ-0217,Implementation,2026-04-08 14:24:03.136041562,Dev Team,synthetic demo data,synthetic demo data
REQ-0217,QA Verification,2026-04-08 22:25:20.115493173,QA Team,synthetic demo data,synthetic demo data
REQ-0217,Closed - Completed,2026-04-09 01:16:58.022441834,Service Desk,synthetic demo data,synthetic demo data
REQ-0218,Request Submitted,2026-06-26 18:52:59.370714750,Requester,synthetic demo data,synthetic demo data
REQ-0218,Triage,2026-06-26 20:39:24.134210391,Service Desk,synthetic demo data,synthetic demo data
REQ-0218,Assigned to Team,2026-06-27 00:46:39.403286565,Service Desk,synthetic demo data,synthetic demo data
REQ-0218,Manager Approval,2026-06-28 07:34:52.870887048,Engineering Manager,synthetic demo data,synthetic demo data
REQ-0218,Security Review,2026-06-28 17:31:31.456580586,Security Team,synthetic demo data,synthetic demo data
REQ-0218,Implementation,2026-06-29 03:11:01.931084970,Dev Team,synthetic demo data,synthetic demo data
REQ-0218,QA Verification,2026-06-29 10:55:11.476730173,QA Team,synthetic demo data,synthetic demo data
REQ-0218,Closed - Completed,2026-06-29 13:00:28.143156964,Service Desk,synthetic demo data,synthetic demo data
REQ-0219,Request Submitted,2026-04-24 23:24:56.193258392,Requester,synthetic demo data,synthetic demo data
REQ-0219,Triage,2026-04-25 02:53:37.997426969,Service Desk,synthetic demo data,synthetic demo data
REQ-0219,Assigned to Team,2026-04-25 04:32:34.259634920,Service Desk,synthetic demo data,synthetic demo data
REQ-0219,Manager Approval,2026-04-26 02:19:13.293191625,Engineering Manager,synthetic demo data,synthetic demo data
REQ-0219,Security Review,2026-04-26 22:25:09.223829916,Security Team,synthetic demo data,synthetic demo data
REQ-0219,Implementation,2026-04-27 09:56:06.161828808,Dev Team,synthetic demo data,synthetic demo data
REQ-0219,QA Verification,2026-04-27 11:26:34.531591787,QA Team,synthetic demo data,synthetic demo data
REQ-0219,Closed - Completed,2026-04-27 12:07:57.463292631,Service Desk,synthetic demo data,synthetic demo data
REQ-0220,Request Submitted,2026-02-11 09:23:19.816469671,Requester,synthetic demo data,synthetic demo data
REQ-0220,Triage,2026-02-11 10:16:13.915527727,Service Desk,synthetic demo data,synthetic demo data
REQ-0220,Assigned to Team,2026-02-11 12:41:37.344933630,Service Desk,synthetic demo data,synthetic demo data
REQ-0220,Manager Approval,2026-02-13 03:57:10.805704172,Engineering Manager,synthetic demo data,synthetic demo data
REQ-0220,Security Review,2026-02-13 18:10:44.821550807,Security Team,synthetic demo data,synthetic demo data
REQ-0220,Implementation,2026-02-14 03:06:15.282678311,Dev Team,synthetic demo data,synthetic demo data
REQ-0220,QA Verification,2026-02-14 08:12:22.433274592,QA Team,synthetic demo data,synthetic demo data
REQ-0220,Closed - Completed,2026-02-14 10:52:42.044808939,Service Desk,synthetic demo data,synthetic demo data
REQ-0221,Request Submitted,2026-01-11 06:19:08.952002152,Requester,synthetic demo data,synthetic demo data
REQ-0221,Triage,2026-01-11 08:09:01.805689910,Service Desk,synthetic demo data,synthetic demo data
REQ-0221,Assigned to Team,2026-01-11 12:42:58.020037600,Service Desk,synthetic demo data,synthetic demo data
REQ-0221,Manager Approval,2026-01-13 00:13:24.214298406,Engineering Manager,synthetic demo data,synthetic demo data
REQ-0221,Security Review,2026-01-13 07:39:02.643627269,Security Team,synthetic demo data,synthetic demo data
REQ-0221,Implementation,2026-01-13 18:16:23.543708136,Dev Team,synthetic demo data,synthetic demo data
REQ-0221,QA Verification,2026-01-13 21:01:09.748985824,QA Team,synthetic demo data,synthetic demo data
REQ-0221,Closed - Completed,2026-01-14 00:25:54.796037683,Service Desk,synthetic demo data,synthetic demo data
REQ-0222,Request Submitted,2026-05-24 20:53:22.995300378,Requester,synthetic demo data,synthetic demo data
REQ-0222,Triage,2026-05-24 23:02:49.033536748,Service Desk,synthetic demo data,synthetic demo data
REQ-0222,Assigned to Team,2026-05-25 01:44:00.259354199,Service Desk,synthetic demo data,synthetic demo data
REQ-0222,Manager Approval,2026-05-26 17:13:57.866504760,Engineering Manager,synthetic demo data,synthetic demo data
REQ-0222,Security Review,2026-05-27 09:53:44.653814189,Security Team,synthetic demo data,synthetic demo data
REQ-0222,Implementation,2026-05-27 18:50:16.859951403,Dev Team,synthetic demo data,synthetic demo data
REQ-0222,QA Verification,2026-05-28 03:27:13.751109813,QA Team,synthetic demo data,synthetic demo data
REQ-0222,Closed - Completed,2026-05-28 04:53:31.247553120,Service Desk,synthetic demo data,synthetic demo data
REQ-0223,Request Submitted,2026-05-10 20:12:31.219583370,Requester,synthetic demo data,synthetic demo data
REQ-0223,Triage,2026-05-10 21:08:39.117697315,Service Desk,synthetic demo data,synthetic demo data
REQ-0223,Assigned to Team,2026-05-10 21:24:05.783015530,Service Desk,synthetic demo data,synthetic demo data
REQ-0223,Manager Approval,2026-05-12 13:37:09.153981912,Engineering Manager,synthetic demo data,synthetic demo data
REQ-0223,Security Review,2026-05-14 01:53:57.985145393,Security Team,synthetic demo data,synthetic demo data
REQ-0223,Implementation,2026-05-14 15:36:02.721931365,Dev Team,synthetic demo data,synthetic demo data
REQ-0223,QA Verification,2026-05-14 16:43:21.009454198,QA Team,synthetic demo data,synthetic demo data
REQ-0223,Closed - Completed,2026-05-14 19:26:50.486271800,Service Desk,synthetic demo data,synthetic demo data
REQ-0224,Request Submitted,2026-03-04 18:33:28.699924812,Requester,synthetic demo data,synthetic demo data
REQ-0224,Triage,2026-03-04 20:39:33.910675152,Service Desk,synthetic demo data,synthetic demo data
REQ-0224,Assigned to Team,2026-03-04 20:51:33.910675152,Service Desk,synthetic demo data,synthetic demo data
REQ-0224,Manager Approval,2026-03-06 06:35:37.413541174,Engineering Manager,synthetic demo data,synthetic demo data
REQ-0224,Security Review,2026-03-06 17:01:18.078307489,Security Team,synthetic demo data,synthetic demo data
REQ-0224,Implementation,2026-03-07 01:49:12.822565414,Dev Team,synthetic demo data,synthetic demo data
REQ-0224,QA Verification,2026-03-07 03:08:11.831005774,QA Team,synthetic demo data,synthetic demo data
REQ-0224,Closed - Completed,2026-03-07 05:40:46.120613893,Service Desk,synthetic demo data,synthetic demo data
REQ-0225,Request Submitted,2026-01-19 21:05:09.770443143,Requester,synthetic demo data,synthetic demo data
REQ-0225,Triage,2026-01-19 21:56:56.849150065,Service Desk,synthetic demo data,synthetic demo data
REQ-0225,Assigned to Team,2026-01-19 22:08:56.849150065,Service Desk,synthetic demo data,synthetic demo data
REQ-0225,Manager Approval,2026-01-21 00:25:09.607032676,Engineering Manager,synthetic demo data,synthetic demo data
REQ-0225,Security Review,2026-01-21 15:11:05.963561951,Security Team,synthetic demo data,synthetic demo data
REQ-0225,Implementation,2026-01-21 16:58:51.284024139,Dev Team,synthetic demo data,synthetic demo data
REQ-0225,QA Verification,2026-01-22 00:20:23.886592310,QA Team,synthetic demo data,synthetic demo data
REQ-0225,Closed - Completed,2026-01-22 01:53:23.993217597,Service Desk,synthetic demo data,synthetic demo data
REQ-0226,Request Submitted,2026-05-28 18:28:30.519813680,Requester,synthetic demo data,synthetic demo data
REQ-0226,Triage,2026-05-28 21:32:47.216153826,Service Desk,synthetic demo data,synthetic demo data
REQ-0226,Assigned to Team,2026-05-29 01:27:03.075650104,Service Desk,synthetic demo data,synthetic demo data
REQ-0226,Manager Approval,2026-05-30 05:37:49.762150580,Engineering Manager,synthetic demo data,synthetic demo data
REQ-0226,Security Review,2026-05-31 07:12:08.764748841,Security Team,synthetic demo data,synthetic demo data
REQ-0226,Implementation,2026-05-31 10:33:31.632576871,Dev Team,synthetic demo data,synthetic demo data
REQ-0226,QA Verification,2026-05-31 16:39:21.229664722,QA Team,synthetic demo data,synthetic demo data
REQ-0226,Closed - Completed,2026-05-31 18:48:11.590054473,Service Desk,synthetic demo data,synthetic demo data
REQ-0227,Request Submitted,2026-06-24 00:16:14.856606204,Requester,synthetic demo data,synthetic demo data
REQ-0227,Triage,2026-06-24 01:29:25.296169483,Service Desk,synthetic demo data,synthetic demo data
REQ-0227,Assigned to Team,2026-06-24 05:15:18.327991474,Service Desk,synthetic demo data,synthetic demo data
REQ-0227,Manager Approval,2026-06-25 18:58:52.010076651,Engineering Manager,synthetic demo data,synthetic demo data
REQ-0227,Security Review,2026-06-25 19:10:52.010076651,Security Team,synthetic demo data,synthetic demo data
REQ-0227,Implementation,2026-06-26 07:56:32.412207196,Dev Team,synthetic demo data,synthetic demo data
REQ-0227,QA Verification,2026-06-26 08:08:32.412207196,QA Team,synthetic demo data,synthetic demo data
REQ-0227,Closed - Completed,2026-06-26 09:31:34.635715193,Service Desk,synthetic demo data,synthetic demo data
REQ-0228,Request Submitted,2026-04-13 07:21:26.418856289,Requester,synthetic demo data,synthetic demo data
REQ-0228,Triage,2026-04-13 08:15:48.965434108,Service Desk,synthetic demo data,synthetic demo data
REQ-0228,Assigned to Team,2026-04-13 12:48:14.256464239,Service Desk,synthetic demo data,synthetic demo data
REQ-0228,Manager Approval,2026-04-13 15:54:10.428124587,Engineering Manager,synthetic demo data,synthetic demo data
REQ-0228,Security Review,2026-04-14 22:03:49.739795756,Security Team,synthetic demo data,synthetic demo data
REQ-0228,Closed - Cancelled,2026-04-14 23:03:49.739795756,Service Desk,synthetic demo data,synthetic demo data
REQ-0229,Request Submitted,2026-04-02 03:28:01.852919231,Requester,synthetic demo data,synthetic demo data
REQ-0229,Triage,2026-04-02 04:53:02.638658941,Service Desk,synthetic demo data,synthetic demo data
REQ-0229,Assigned to Team,2026-04-02 06:21:29.627216992,Service Desk,synthetic demo data,synthetic demo data
REQ-0229,Manager Approval,2026-04-04 00:29:07.377340261,Engineering Manager,synthetic demo data,synthetic demo data
REQ-0229,Security Review,2026-04-05 03:04:38.038376576,Security Team,synthetic demo data,synthetic demo data
REQ-0229,Implementation,2026-04-05 04:12:02.118048760,Dev Team,synthetic demo data,synthetic demo data
REQ-0229,QA Verification,2026-04-05 08:59:23.323168751,QA Team,synthetic demo data,synthetic demo data
REQ-0229,Closed - Completed,2026-04-05 10:07:35.854784311,Service Desk,synthetic demo data,synthetic demo data
REQ-0230,Request Submitted,2026-05-12 12:30:43.969273800,Requester,synthetic demo data,synthetic demo data
REQ-0230,Triage,2026-05-12 16:06:59.194050666,Service Desk,synthetic demo data,synthetic demo data
REQ-0230,Assigned to Team,2026-05-12 19:03:59.402457274,Service Desk,synthetic demo data,synthetic demo data
REQ-0230,Manager Approval,2026-05-13 08:47:57.908375717,Engineering Manager,synthetic demo data,synthetic demo data
REQ-0230,Security Review,2026-05-13 22:42:14.224813816,Security Team,synthetic demo data,synthetic demo data
REQ-0230,Implementation,2026-05-14 03:29:50.913506750,Dev Team,synthetic demo data,synthetic demo data
REQ-0230,QA Verification,2026-05-14 05:40:25.034764982,QA Team,synthetic demo data,synthetic demo data
REQ-0230,Closed - Completed,2026-05-14 07:46:06.411460011,Service Desk,synthetic demo data,synthetic demo data
REQ-0231,Request Submitted,2026-05-05 02:26:34.336791218,Requester,synthetic demo data,synthetic demo data
REQ-0231,Triage,2026-05-05 04:03:47.501496164,Service Desk,synthetic demo data,synthetic demo data
REQ-0231,Assigned to Team,2026-05-05 04:21:32.078035507,Service Desk,synthetic demo data,synthetic demo data
REQ-0231,Manager Approval,2026-05-05 23:49:43.170284903,Engineering Manager,synthetic demo data,synthetic demo data
REQ-0231,Security Review,2026-05-06 11:38:48.236694154,Security Team,synthetic demo data,synthetic demo data
REQ-0231,Implementation,2026-05-06 16:09:42.725256982,Dev Team,synthetic demo data,synthetic demo data
REQ-0231,QA Verification,2026-05-07 04:09:53.126754155,QA Team,synthetic demo data,synthetic demo data
REQ-0231,Closed - Completed,2026-05-07 06:13:16.208395965,Service Desk,synthetic demo data,synthetic demo data
REQ-0232,Request Submitted,2026-02-21 16:43:43.571257015,Requester,synthetic demo data,synthetic demo data
REQ-0232,Triage,2026-02-21 18:04:29.303975922,Service Desk,synthetic demo data,synthetic demo data
REQ-0232,Assigned to Team,2026-02-21 21:23:51.938177606,Service Desk,synthetic demo data,synthetic demo data
REQ-0232,Manager Approval,2026-02-22 13:03:15.680966790,Engineering Manager,synthetic demo data,synthetic demo data
REQ-0232,Security Review,2026-02-23 17:13:36.917096772,Security Team,synthetic demo data,synthetic demo data
REQ-0232,Implementation,2026-02-23 20:24:58.086259797,Dev Team,synthetic demo data,synthetic demo data
REQ-0232,QA Verification,2026-02-24 01:33:25.331992453,QA Team,synthetic demo data,synthetic demo data
REQ-0232,Closed - Completed,2026-02-24 02:58:15.546088540,Service Desk,synthetic demo data,synthetic demo data
REQ-0233,Request Submitted,2026-06-08 16:36:06.152903204,Requester,synthetic demo data,synthetic demo data
REQ-0233,Triage,2026-06-08 18:19:50.935845748,Service Desk,synthetic demo data,synthetic demo data
REQ-0233,Assigned to Team,2026-06-08 20:58:35.833350146,Service Desk,synthetic demo data,synthetic demo data
REQ-0233,Manager Approval,2026-06-09 16:41:42.690377624,Engineering Manager,synthetic demo data,synthetic demo data
REQ-0233,Security Review,2026-06-10 17:03:39.731716930,Security Team,synthetic demo data,synthetic demo data
REQ-0233,Implementation,2026-06-11 02:00:52.524314588,Dev Team,synthetic demo data,synthetic demo data
REQ-0233,QA Verification,2026-06-11 07:44:55.493705853,QA Team,synthetic demo data,synthetic demo data
REQ-0233,Closed - Completed,2026-06-11 09:19:05.843705389,Service Desk,synthetic demo data,synthetic demo data
REQ-0234,Request Submitted,2026-03-15 23:00:29.862056307,Requester,synthetic demo data,synthetic demo data
REQ-0234,Triage,2026-03-16 00:42:05.751820133,Service Desk,synthetic demo data,synthetic demo data
REQ-0234,Assigned to Team,2026-03-16 03:51:31.077981528,Service Desk,synthetic demo data,synthetic demo data
REQ-0234,Manager Approval,2026-03-18 09:36:39.046803258,Engineering Manager,synthetic demo data,synthetic demo data
REQ-0234,Security Review,2026-03-18 17:32:51.505663370,Security Team,synthetic demo data,synthetic demo data
REQ-0234,Implementation,2026-03-19 04:37:37.444923367,Dev Team,synthetic demo data,synthetic demo data
REQ-0234,QA Verification,2026-03-19 04:56:51.196381995,QA Team,synthetic demo data,synthetic demo data
REQ-0234,Closed - Completed,2026-03-19 07:09:53.379751618,Service Desk,synthetic demo data,synthetic demo data
REQ-0235,Request Submitted,2026-02-15 01:37:52.143112072,Requester,synthetic demo data,synthetic demo data
REQ-0235,Triage,2026-02-15 03:48:06.393394815,Service Desk,synthetic demo data,synthetic demo data
REQ-0235,Assigned to Team,2026-02-15 05:57:39.966263278,Service Desk,synthetic demo data,synthetic demo data
REQ-0235,Manager Approval,2026-02-16 12:23:44.745167901,Engineering Manager,synthetic demo data,synthetic demo data
REQ-0235,Security Review,2026-02-17 06:07:37.909948832,Security Team,synthetic demo data,synthetic demo data
REQ-0235,Implementation,2026-02-17 10:58:59.846794620,Dev Team,synthetic demo data,synthetic demo data
REQ-0235,QA Verification,2026-02-17 16:06:49.190147491,QA Team,synthetic demo data,synthetic demo data
REQ-0235,Closed - Completed,2026-02-17 18:18:43.362325746,Service Desk,synthetic demo data,synthetic demo data
REQ-0236,Request Submitted,2026-03-03 10:40:15.746170727,Requester,synthetic demo data,synthetic demo data
REQ-0236,Triage,2026-03-03 11:18:38.869795395,Service Desk,synthetic demo data,synthetic demo data
REQ-0236,Assigned to Team,2026-03-03 14:53:48.784936275,Service Desk,synthetic demo data,synthetic demo data
REQ-0236,Manager Approval,2026-03-05 04:31:53.077339414,Engineering Manager,synthetic demo data,synthetic demo data
REQ-0236,Security Review,2026-03-06 02:36:58.875732677,Security Team,synthetic demo data,synthetic demo data
REQ-0236,Implementation,2026-03-06 14:28:37.330827969,Dev Team,synthetic demo data,synthetic demo data
REQ-0236,QA Verification,2026-03-06 20:44:26.301308440,QA Team,synthetic demo data,synthetic demo data
REQ-0236,Closed - Completed,2026-03-06 23:07:57.540682956,Service Desk,synthetic demo data,synthetic demo data
REQ-0237,Request Submitted,2026-05-22 03:14:24.455792746,Requester,synthetic demo data,synthetic demo data
REQ-0237,Triage,2026-05-22 04:42:33.497211479,Service Desk,synthetic demo data,synthetic demo data
REQ-0237,Assigned to Team,2026-05-22 11:01:49.921336755,Service Desk,synthetic demo data,synthetic demo data
REQ-0237,Manager Approval,2026-05-23 10:42:11.591952138,Engineering Manager,synthetic demo data,synthetic demo data
REQ-0237,Security Review,2026-05-24 00:42:37.154111835,Security Team,synthetic demo data,synthetic demo data
REQ-0237,Implementation,2026-05-24 10:26:46.895569516,Dev Team,synthetic demo data,synthetic demo data
REQ-0237,QA Verification,2026-05-24 17:12:06.923254702,QA Team,synthetic demo data,synthetic demo data
REQ-0237,Closed - Completed,2026-05-24 17:47:49.673683304,Service Desk,synthetic demo data,synthetic demo data
REQ-0238,Request Submitted,2026-06-27 03:38:13.107508490,Requester,synthetic demo data,synthetic demo data
REQ-0238,Triage,2026-06-27 04:31:33.755565713,Service Desk,synthetic demo data,synthetic demo data
REQ-0238,Assigned to Team,2026-06-27 09:18:33.189783223,Service Desk,synthetic demo data,synthetic demo data
REQ-0238,Manager Approval,2026-06-29 00:04:07.238591669,Engineering Manager,synthetic demo data,synthetic demo data
REQ-0238,Closed - Rejected,2026-06-29 01:04:07.238591669,Service Desk,synthetic demo data,synthetic demo data
REQ-0239,Request Submitted,2026-03-27 17:43:46.314848145,Requester,synthetic demo data,synthetic demo data
REQ-0239,Triage,2026-03-27 20:23:17.985374263,Service Desk,synthetic demo data,synthetic demo data
REQ-0239,Assigned to Team,2026-03-27 23:22:22.926349887,Service Desk,synthetic demo data,synthetic demo data
REQ-0239,Manager Approval,2026-03-30 03:38:09.954153224,Engineering Manager,synthetic demo data,synthetic demo data
REQ-0239,Security Review,2026-03-31 01:04:11.202349304,Security Team,synthetic demo data,synthetic demo data
REQ-0239,Implementation,2026-03-31 08:57:26.806067805,Dev Team,synthetic demo data,synthetic demo data
REQ-0239,QA Verification,2026-03-31 12:58:35.564814767,QA Team,synthetic demo data,synthetic demo data
REQ-0239,Closed - Completed,2026-03-31 15:33:30.226396272,Service Desk,synthetic demo data,synthetic demo data
REQ-0240,Request Submitted,2026-06-16 19:03:21.035377928,Requester,synthetic demo data,synthetic demo data
REQ-0240,Triage,2026-06-16 20:15:57.084504004,Service Desk,synthetic demo data,synthetic demo data
REQ-0240,Assigned to Team,2026-06-16 23:27:38.705716500,Service Desk,synthetic demo data,synthetic demo data
REQ-0240,Manager Approval,2026-06-18 04:29:00.846914088,Engineering Manager,synthetic demo data,synthetic demo data
REQ-0240,Security Review,2026-06-18 12:28:56.278987099,Security Team,synthetic demo data,synthetic demo data
REQ-0240,Implementation,2026-06-18 14:35:42.181128030,Dev Team,synthetic demo data,synthetic demo data
REQ-0240,QA Verification,2026-06-18 22:17:25.837619175,QA Team,synthetic demo data,synthetic demo data
REQ-0240,Closed - Completed,2026-06-18 22:29:25.837619175,Service Desk,synthetic demo data,synthetic demo data
REQ-0241,Request Submitted,2026-03-11 13:19:21.019906816,Requester,synthetic demo data,synthetic demo data
REQ-0241,Triage,2026-03-11 16:37:50.707691583,Service Desk,synthetic demo data,synthetic demo data
REQ-0241,Assigned to Team,2026-03-11 18:53:25.979362152,Service Desk,synthetic demo data,synthetic demo data
REQ-0241,Manager Approval,2026-03-13 10:07:23.983760447,Engineering Manager,synthetic demo data,synthetic demo data
REQ-0241,Security Review,2026-03-14 02:33:03.975304342,Security Team,synthetic demo data,synthetic demo data
REQ-0241,Implementation,2026-03-14 11:00:21.948714542,Dev Team,synthetic demo data,synthetic demo data
REQ-0241,QA Verification,2026-03-14 19:12:59.783248478,QA Team,synthetic demo data,synthetic demo data
REQ-0241,Closed - Completed,2026-03-14 20:45:14.582669709,Service Desk,synthetic demo data,synthetic demo data
REQ-0242,Request Submitted,2026-02-03 00:18:31.326726536,Requester,synthetic demo data,synthetic demo data
REQ-0242,Triage,2026-02-03 02:36:11.860959746,Service Desk,synthetic demo data,synthetic demo data
REQ-0242,Assigned to Team,2026-02-03 06:59:14.115462800,Service Desk,synthetic demo data,synthetic demo data
REQ-0242,Manager Approval,2026-02-04 22:13:40.005049032,Engineering Manager,synthetic demo data,synthetic demo data
REQ-0242,Security Review,2026-02-06 11:28:32.819055259,Security Team,synthetic demo data,synthetic demo data
REQ-0242,Implementation,2026-02-06 16:25:19.292885985,Dev Team,synthetic demo data,synthetic demo data
REQ-0242,QA Verification,2026-02-06 18:17:04.480971420,QA Team,synthetic demo data,synthetic demo data
REQ-0242,Closed - Completed,2026-02-06 19:17:24.874580837,Service Desk,synthetic demo data,synthetic demo data
REQ-0243,Request Submitted,2026-04-13 07:49:36.129971985,Requester,synthetic demo data,synthetic demo data
REQ-0243,Triage,2026-04-13 09:55:44.253946715,Service Desk,synthetic demo data,synthetic demo data
REQ-0243,Assigned to Team,2026-04-13 11:14:40.285881536,Service Desk,synthetic demo data,synthetic demo data
REQ-0243,Manager Approval,2026-04-15 03:58:50.397465320,Engineering Manager,synthetic demo data,synthetic demo data
REQ-0243,Security Review,2026-04-15 12:57:29.962669442,Security Team,synthetic demo data,synthetic demo data
REQ-0243,Implementation,2026-04-16 01:35:38.836655669,Dev Team,synthetic demo data,synthetic demo data
REQ-0243,QA Verification,2026-04-16 16:09:59.171625579,QA Team,synthetic demo data,synthetic demo data
REQ-0243,Closed - Completed,2026-04-16 18:31:58.395753236,Service Desk,synthetic demo data,synthetic demo data
REQ-0244,Request Submitted,2026-05-25 14:59:56.577153964,Requester,synthetic demo data,synthetic demo data
REQ-0244,Triage,2026-05-25 15:11:56.577153964,Service Desk,synthetic demo data,synthetic demo data
REQ-0244,Assigned to Team,2026-05-25 17:17:41.892593600,Service Desk,synthetic demo data,synthetic demo data
REQ-0244,Manager Approval,2026-05-26 07:59:39.972442223,Engineering Manager,synthetic demo data,synthetic demo data
REQ-0244,Security Review,2026-05-26 14:58:17.024166376,Security Team,synthetic demo data,synthetic demo data
REQ-0244,Implementation,2026-05-27 05:51:39.007331113,Dev Team,synthetic demo data,synthetic demo data
REQ-0244,QA Verification,2026-05-27 12:40:45.922525791,QA Team,synthetic demo data,synthetic demo data
REQ-0244,Closed - Completed,2026-05-27 15:03:32.797816001,Service Desk,synthetic demo data,synthetic demo data
REQ-0245,Request Submitted,2026-04-06 08:38:21.042502726,Requester,synthetic demo data,synthetic demo data
REQ-0245,Triage,2026-04-06 11:36:13.424958787,Service Desk,synthetic demo data,synthetic demo data
REQ-0245,Assigned to Team,2026-04-06 14:33:18.804517832,Service Desk,synthetic demo data,synthetic demo data
REQ-0245,Manager Approval,2026-04-08 03:59:05.778994278,Engineering Manager,synthetic demo data,synthetic demo data
REQ-0245,Security Review,2026-04-08 22:13:15.239744099,Security Team,synthetic demo data,synthetic demo data
REQ-0245,Closed - Cancelled,2026-04-08 23:13:15.239744099,Service Desk,synthetic demo data,synthetic demo data
REQ-0246,Request Submitted,2026-01-08 11:54:00.360884263,Requester,synthetic demo data,synthetic demo data
REQ-0246,Triage,2026-01-08 12:06:00.360884263,Service Desk,synthetic demo data,synthetic demo data
REQ-0246,Assigned to Team,2026-01-08 14:42:27.926618504,Service Desk,synthetic demo data,synthetic demo data
REQ-0246,Manager Approval,2026-01-09 21:29:55.359894962,Engineering Manager,synthetic demo data,synthetic demo data
REQ-0246,Closed - Rejected,2026-01-09 22:29:55.359894962,Service Desk,synthetic demo data,synthetic demo data
REQ-0247,Request Submitted,2026-02-05 02:30:29.885946634,Requester,synthetic demo data,synthetic demo data
REQ-0247,Triage,2026-02-05 04:33:43.395173399,Service Desk,synthetic demo data,synthetic demo data
REQ-0247,Assigned to Team,2026-02-05 04:45:43.395173399,Service Desk,synthetic demo data,synthetic demo data
REQ-0247,Manager Approval,2026-02-05 21:57:01.112335632,Engineering Manager,synthetic demo data,synthetic demo data
REQ-0247,Security Review,2026-02-06 21:36:56.462492661,Security Team,synthetic demo data,synthetic demo data
REQ-0247,Implementation,2026-02-07 07:09:50.108195959,Dev Team,synthetic demo data,synthetic demo data
REQ-0247,QA Verification,2026-02-07 09:42:10.419098841,QA Team,synthetic demo data,synthetic demo data
REQ-0247,Closed - Completed,2026-02-07 11:51:40.832080640,Service Desk,synthetic demo data,synthetic demo data
REQ-0248,Request Submitted,2026-06-27 17:17:53.473851054,Requester,synthetic demo data,synthetic demo data
REQ-0248,Triage,2026-06-27 19:12:10.445017803,Service Desk,synthetic demo data,synthetic demo data
REQ-0248,Assigned to Team,2026-06-27 21:30:03.372925851,Service Desk,synthetic demo data,synthetic demo data
REQ-0248,Manager Approval,2026-06-28 18:41:24.410915391,Engineering Manager,synthetic demo data,synthetic demo data
REQ-0248,Security Review,2026-06-29 18:54:01.771881663,Security Team,synthetic demo data,synthetic demo data
REQ-0248,Implementation,2026-06-30 03:40:51.269094920,Dev Team,synthetic demo data,synthetic demo data
REQ-0248,QA Verification,2026-06-30 11:34:08.832360823,QA Team,synthetic demo data,synthetic demo data
REQ-0248,Closed - Completed,2026-06-30 13:42:03.578088059,Service Desk,synthetic demo data,synthetic demo data
REQ-0249,Request Submitted,2026-03-19 13:23:19.508399800,Requester,synthetic demo data,synthetic demo data
REQ-0249,Triage,2026-03-19 16:10:24.387777874,Service Desk,synthetic demo data,synthetic demo data
REQ-0249,Assigned to Team,2026-03-19 20:28:46.830737853,Service Desk,synthetic demo data,synthetic demo data
REQ-0249,Manager Approval,2026-03-20 15:12:58.688574522,Engineering Manager,synthetic demo data,synthetic demo data
REQ-0249,Security Review,2026-03-20 18:56:34.821455909,Security Team,synthetic demo data,synthetic demo data
REQ-0249,Implementation,2026-03-21 09:07:01.118582518,Dev Team,synthetic demo data,synthetic demo data
REQ-0249,QA Verification,2026-03-21 15:53:13.032874210,QA Team,synthetic demo data,synthetic demo data
REQ-0249,Closed - Completed,2026-03-21 16:10:20.883650423,Service Desk,synthetic demo data,synthetic demo data
REQ-0250,Request Submitted,2026-04-28 11:54:43.487328970,Requester,synthetic demo data,synthetic demo data
REQ-0250,Triage,2026-04-28 13:37:56.650736891,Service Desk,synthetic demo data,synthetic demo data
REQ-0250,Assigned to Team,2026-04-28 15:51:51.519072567,Service Desk,synthetic demo data,synthetic demo data
REQ-0250,Manager Approval,2026-04-30 17:28:35.964832340,Engineering Manager,synthetic demo data,synthetic demo data
REQ-0250,Closed - Rejected,2026-04-30 18:28:35.964832340,Service Desk,synthetic demo data,synthetic demo data
REQ-0251,Request Submitted,2026-06-03 14:38:12.815086504,Requester,synthetic demo data,synthetic demo data
REQ-0251,Triage,2026-06-03 16:50:53.806396677,Service Desk,synthetic demo data,synthetic demo data
REQ-0251,Assigned to Team,2026-06-03 20:26:02.263029767,Service Desk,synthetic demo data,synthetic demo data
REQ-0251,Manager Approval,2026-06-05 09:22:57.951960539,Engineering Manager,synthetic demo data,synthetic demo data
REQ-0251,Closed - Rejected,2026-06-05 10:22:57.951960539,Service Desk,synthetic demo data,synthetic demo data
REQ-0252,Request Submitted,2026-03-22 01:17:36.593906775,Requester,synthetic demo data,synthetic demo data
REQ-0252,Triage,2026-03-22 03:46:58.376086953,Service Desk,synthetic demo data,synthetic demo data
REQ-0252,Assigned to Team,2026-03-22 06:23:38.646086651,Service Desk,synthetic demo data,synthetic demo data
REQ-0252,Manager Approval,2026-03-23 13:16:18.640569781,Engineering Manager,synthetic demo data,synthetic demo data
REQ-0252,Security Review,2026-03-24 10:14:22.748003518,Security Team,synthetic demo data,synthetic demo data
REQ-0252,Implementation,2026-03-24 19:06:00.161159312,Dev Team,synthetic demo data,synthetic demo data
REQ-0252,QA Verification,2026-03-25 03:25:03.591081205,QA Team,synthetic demo data,synthetic demo data
REQ-0252,Closed - Completed,2026-03-25 05:58:22.115536206,Service Desk,synthetic demo data,synthetic demo data
REQ-0253,Request Submitted,2026-03-31 19:51:07.391260191,Requester,synthetic demo data,synthetic demo data
REQ-0253,Triage,2026-03-31 21:55:11.007789216,Service Desk,synthetic demo data,synthetic demo data
REQ-0253,Assigned to Team,2026-04-01 00:52:39.711750778,Service Desk,synthetic demo data,synthetic demo data
REQ-0253,Manager Approval,2026-04-02 09:34:56.063373363,Engineering Manager,synthetic demo data,synthetic demo data
REQ-0253,Security Review,2026-04-04 01:26:27.483324712,Security Team,synthetic demo data,synthetic demo data
REQ-0253,Implementation,2026-04-04 07:20:45.155313718,Dev Team,synthetic demo data,synthetic demo data
REQ-0253,QA Verification,2026-04-04 14:36:45.876720271,QA Team,synthetic demo data,synthetic demo data
REQ-0253,Closed - Completed,2026-04-04 17:40:52.340162350,Service Desk,synthetic demo data,synthetic demo data
REQ-0254,Request Submitted,2026-02-16 14:02:16.835394905,Requester,synthetic demo data,synthetic demo data
REQ-0254,Triage,2026-02-16 15:39:35.893944671,Service Desk,synthetic demo data,synthetic demo data
REQ-0254,Assigned to Team,2026-02-16 19:08:45.975745199,Service Desk,synthetic demo data,synthetic demo data
REQ-0254,Manager Approval,2026-02-17 13:57:46.166202592,Engineering Manager,synthetic demo data,synthetic demo data
REQ-0254,Security Review,2026-02-18 06:47:56.764783949,Security Team,synthetic demo data,synthetic demo data
REQ-0254,Implementation,2026-02-18 15:47:41.413093660,Dev Team,synthetic demo data,synthetic demo data
REQ-0254,QA Verification,2026-02-19 00:20:01.496966583,QA Team,synthetic demo data,synthetic demo data
REQ-0254,Closed - Completed,2026-02-19 02:39:10.238369067,Service Desk,synthetic demo data,synthetic demo data
REQ-0255,Request Submitted,2026-04-15 12:34:49.744098618,Requester,synthetic demo data,synthetic demo data
REQ-0255,Triage,2026-04-15 14:14:53.937391197,Service Desk,synthetic demo data,synthetic demo data
REQ-0255,Assigned to Team,2026-04-15 21:18:15.456970505,Service Desk,synthetic demo data,synthetic demo data
REQ-0255,Manager Approval,2026-04-17 08:49:25.034502383,Engineering Manager,synthetic demo data,synthetic demo data
REQ-0255,Security Review,2026-04-17 22:20:53.832412678,Security Team,synthetic demo data,synthetic demo data
REQ-0255,Implementation,2026-04-18 03:34:16.434236305,Dev Team,synthetic demo data,synthetic demo data
REQ-0255,QA Verification,2026-04-18 06:44:35.491159366,QA Team,synthetic demo data,synthetic demo data
REQ-0255,Closed - Completed,2026-04-18 09:40:47.140840450,Service Desk,synthetic demo data,synthetic demo data
REQ-0256,Request Submitted,2026-01-13 12:43:04.793829566,Requester,synthetic demo data,synthetic demo data
REQ-0256,Triage,2026-01-13 14:39:16.162601588,Service Desk,synthetic demo data,synthetic demo data
REQ-0256,Assigned to Team,2026-01-13 18:45:06.221604469,Service Desk,synthetic demo data,synthetic demo data
REQ-0256,Manager Approval,2026-01-14 12:53:50.319323114,Engineering Manager,synthetic demo data,synthetic demo data
REQ-0256,Security Review,2026-01-14 23:13:01.777252080,Security Team,synthetic demo data,synthetic demo data
REQ-0256,Implementation,2026-01-15 08:06:51.658475494,Dev Team,synthetic demo data,synthetic demo data
REQ-0256,QA Verification,2026-01-15 15:55:02.018750252,QA Team,synthetic demo data,synthetic demo data
REQ-0256,Closed - Completed,2026-01-15 18:14:59.135077403,Service Desk,synthetic demo data,synthetic demo data
REQ-0257,Request Submitted,2026-04-16 03:34:59.125804126,Requester,synthetic demo data,synthetic demo data
REQ-0257,Triage,2026-04-16 04:50:21.226466581,Service Desk,synthetic demo data,synthetic demo data
REQ-0257,Assigned to Team,2026-04-16 07:03:24.917784734,Service Desk,synthetic demo data,synthetic demo data
REQ-0257,Manager Approval,2026-04-16 23:50:29.660138745,Engineering Manager,synthetic demo data,synthetic demo data
REQ-0257,Security Review,2026-04-18 07:33:07.190635070,Security Team,synthetic demo data,synthetic demo data
REQ-0257,Implementation,2026-04-18 18:05:08.460825863,Dev Team,synthetic demo data,synthetic demo data
REQ-0257,QA Verification,2026-04-19 01:54:02.389283194,QA Team,synthetic demo data,synthetic demo data
REQ-0257,Closed - Completed,2026-04-19 05:08:52.350399306,Service Desk,synthetic demo data,synthetic demo data
REQ-0258,Request Submitted,2026-01-21 21:33:46.463634936,Requester,synthetic demo data,synthetic demo data
REQ-0258,Triage,2026-01-21 22:49:28.307943778,Service Desk,synthetic demo data,synthetic demo data
REQ-0258,Assigned to Team,2026-01-22 00:54:00.962489235,Service Desk,synthetic demo data,synthetic demo data
REQ-0258,Manager Approval,2026-01-22 18:59:19.653521147,Engineering Manager,synthetic demo data,synthetic demo data
REQ-0258,Security Review,2026-01-23 05:17:25.956298786,Security Team,synthetic demo data,synthetic demo data
REQ-0258,Implementation,2026-01-23 12:05:30.952176388,Dev Team,synthetic demo data,synthetic demo data
REQ-0258,QA Verification,2026-01-23 14:26:31.632051262,QA Team,synthetic demo data,synthetic demo data
REQ-0258,Closed - Completed,2026-01-23 16:46:37.784574396,Service Desk,synthetic demo data,synthetic demo data
REQ-0259,Request Submitted,2026-02-15 23:17:19.806174171,Requester,synthetic demo data,synthetic demo data
REQ-0259,Triage,2026-02-16 01:47:47.628600068,Service Desk,synthetic demo data,synthetic demo data
REQ-0259,Assigned to Team,2026-02-16 05:42:03.865608572,Service Desk,synthetic demo data,synthetic demo data
REQ-0259,Manager Approval,2026-02-17 06:28:24.055192648,Engineering Manager,synthetic demo data,synthetic demo data
REQ-0259,Security Review,2026-02-18 21:33:49.101437978,Security Team,synthetic demo data,synthetic demo data
REQ-0259,Implementation,2026-02-19 06:30:04.909515320,Dev Team,synthetic demo data,synthetic demo data
REQ-0259,QA Verification,2026-02-19 06:54:50.074186972,QA Team,synthetic demo data,synthetic demo data
REQ-0259,Closed - Completed,2026-02-19 07:54:41.521502213,Service Desk,synthetic demo data,synthetic demo data
REQ-0260,Request Submitted,2026-05-15 02:34:56.989121418,Requester,synthetic demo data,synthetic demo data
REQ-0260,Triage,2026-05-15 04:27:38.490314825,Service Desk,synthetic demo data,synthetic demo data
REQ-0260,Assigned to Team,2026-05-15 06:45:28.991546167,Service Desk,synthetic demo data,synthetic demo data
REQ-0260,Manager Approval,2026-05-17 16:54:39.667611152,Engineering Manager,synthetic demo data,synthetic demo data
REQ-0260,Security Review,2026-05-18 17:51:06.712731243,Security Team,synthetic demo data,synthetic demo data
REQ-0260,Implementation,2026-05-19 04:45:22.529136070,Dev Team,synthetic demo data,synthetic demo data
REQ-0260,QA Verification,2026-05-19 07:57:46.935466295,QA Team,synthetic demo data,synthetic demo data
REQ-0260,Closed - Completed,2026-05-19 08:57:50.013857503,Service Desk,synthetic demo data,synthetic demo data
REQ-0261,Request Submitted,2026-02-16 04:39:10.941083492,Requester,synthetic demo data,synthetic demo data
REQ-0261,Triage,2026-02-16 04:51:10.941083492,Service Desk,synthetic demo data,synthetic demo data
REQ-0261,Assigned to Team,2026-02-16 07:34:57.283160104,Service Desk,synthetic demo data,synthetic demo data
REQ-0261,Manager Approval,2026-02-17 13:46:46.516136928,Engineering Manager,synthetic demo data,synthetic demo data
REQ-0261,Security Review,2026-02-18 07:50:35.683165943,Security Team,synthetic demo data,synthetic demo data
REQ-0261,Implementation,2026-02-18 12:35:22.861228150,Dev Team,synthetic demo data,synthetic demo data
REQ-0261,QA Verification,2026-02-18 16:58:15.881263401,QA Team,synthetic demo data,synthetic demo data
REQ-0261,Closed - Completed,2026-02-18 18:47:39.188166538,Service Desk,synthetic demo data,synthetic demo data
REQ-0262,Request Submitted,2026-03-09 13:42:34.457123430,Requester,synthetic demo data,synthetic demo data
REQ-0262,Triage,2026-03-09 16:47:25.539461253,Service Desk,synthetic demo data,synthetic demo data
REQ-0262,Assigned to Team,2026-03-09 19:20:56.061754205,Service Desk,synthetic demo data,synthetic demo data
REQ-0262,Manager Approval,2026-03-10 18:57:45.789469990,Engineering Manager,synthetic demo data,synthetic demo data
REQ-0262,Security Review,2026-03-11 18:54:05.833292501,Security Team,synthetic demo data,synthetic demo data
REQ-0262,Implementation,2026-03-12 05:20:42.000088817,Dev Team,synthetic demo data,synthetic demo data
REQ-0262,QA Verification,2026-03-12 10:02:32.635409621,QA Team,synthetic demo data,synthetic demo data
REQ-0262,Closed - Completed,2026-03-12 12:49:58.051926699,Service Desk,synthetic demo data,synthetic demo data
REQ-0263,Request Submitted,2026-06-26 23:35:43.662394404,Requester,synthetic demo data,synthetic demo data
REQ-0263,Triage,2026-06-27 03:22:25.617658595,Service Desk,synthetic demo data,synthetic demo data
REQ-0263,Assigned to Team,2026-06-27 05:04:26.970509834,Service Desk,synthetic demo data,synthetic demo data
REQ-0263,Manager Approval,2026-06-28 11:16:07.440260192,Engineering Manager,synthetic demo data,synthetic demo data
REQ-0263,Security Review,2026-06-29 07:22:12.837630636,Security Team,synthetic demo data,synthetic demo data
REQ-0263,Implementation,2026-06-29 14:58:40.578243767,Dev Team,synthetic demo data,synthetic demo data
REQ-0263,QA Verification,2026-06-29 19:01:48.538711977,QA Team,synthetic demo data,synthetic demo data
REQ-0263,Closed - Completed,2026-06-29 19:32:40.515500345,Service Desk,synthetic demo data,synthetic demo data
REQ-0264,Request Submitted,2026-04-23 14:03:19.562915512,Requester,synthetic demo data,synthetic demo data
REQ-0264,Triage,2026-04-23 16:08:29.139446203,Service Desk,synthetic demo data,synthetic demo data
REQ-0264,Assigned to Team,2026-04-23 17:57:01.304321029,Service Desk,synthetic demo data,synthetic demo data
REQ-0264,Manager Approval,2026-04-24 08:33:18.523690474,Engineering Manager,synthetic demo data,synthetic demo data
REQ-0264,Security Review,2026-04-25 06:39:49.790566685,Security Team,synthetic demo data,synthetic demo data
REQ-0264,Implementation,2026-04-25 15:16:03.060552698,Dev Team,synthetic demo data,synthetic demo data
REQ-0264,QA Verification,2026-04-25 23:00:19.305842964,QA Team,synthetic demo data,synthetic demo data
REQ-0264,Closed - Completed,2026-04-26 03:11:28.415402067,Service Desk,synthetic demo data,synthetic demo data
REQ-0265,Request Submitted,2026-04-27 02:04:40.800282672,Requester,synthetic demo data,synthetic demo data
REQ-0265,Triage,2026-04-27 03:00:01.579498749,Service Desk,synthetic demo data,synthetic demo data
REQ-0265,Assigned to Team,2026-04-27 04:04:12.279319852,Service Desk,synthetic demo data,synthetic demo data
REQ-0265,Manager Approval,2026-04-29 08:13:46.883437228,Engineering Manager,synthetic demo data,synthetic demo data
REQ-0265,Security Review,2026-04-29 19:55:06.138567388,Security Team,synthetic demo data,synthetic demo data
REQ-0265,Implementation,2026-04-29 23:44:33.343938239,Dev Team,synthetic demo data,synthetic demo data
REQ-0265,QA Verification,2026-04-30 05:37:31.075589100,QA Team,synthetic demo data,synthetic demo data
REQ-0265,Closed - Completed,2026-04-30 07:32:06.382900941,Service Desk,synthetic demo data,synthetic demo data
REQ-0266,Request Submitted,2026-02-06 08:06:50.761595278,Requester,synthetic demo data,synthetic demo data
REQ-0266,Triage,2026-02-06 11:20:36.514178818,Service Desk,synthetic demo data,synthetic demo data
REQ-0266,Assigned to Team,2026-02-06 13:08:04.148691126,Service Desk,synthetic demo data,synthetic demo data
REQ-0266,Manager Approval,2026-02-06 23:37:23.055479070,Engineering Manager,synthetic demo data,synthetic demo data
REQ-0266,Security Review,2026-02-08 04:06:23.088796223,Security Team,synthetic demo data,synthetic demo data
REQ-0266,Implementation,2026-02-08 14:04:32.164328130,Dev Team,synthetic demo data,synthetic demo data
REQ-0266,QA Verification,2026-02-08 18:12:50.563225124,QA Team,synthetic demo data,synthetic demo data
REQ-0266,Closed - Completed,2026-02-08 18:37:54.761967067,Service Desk,synthetic demo data,synthetic demo data
REQ-0267,Request Submitted,2026-01-09 03:31:01.100084668,Requester,synthetic demo data,synthetic demo data
REQ-0267,Triage,2026-01-09 06:40:57.519608249,Service Desk,synthetic demo data,synthetic demo data
REQ-0267,Assigned to Team,2026-01-09 08:07:39.976943952,Service Desk,synthetic demo data,synthetic demo data
REQ-0267,Manager Approval,2026-01-10 12:56:40.174915773,Engineering Manager,synthetic demo data,synthetic demo data
REQ-0267,Closed - Rejected,2026-01-10 13:56:40.174915773,Service Desk,synthetic demo data,synthetic demo data
REQ-0268,Request Submitted,2026-03-26 06:29:08.244590337,Requester,synthetic demo data,synthetic demo data
REQ-0268,Triage,2026-03-26 09:31:09.874794917,Service Desk,synthetic demo data,synthetic demo data
REQ-0268,Assigned to Team,2026-03-26 10:44:44.641705002,Service Desk,synthetic demo data,synthetic demo data
REQ-0268,Manager Approval,2026-03-27 21:23:37.214575231,Engineering Manager,synthetic demo data,synthetic demo data
REQ-0268,Security Review,2026-03-28 19:36:49.748622619,Security Team,synthetic demo data,synthetic demo data
REQ-0268,Implementation,2026-03-29 07:57:07.792659698,Dev Team,synthetic demo data,synthetic demo data
REQ-0268,QA Verification,2026-03-29 15:36:17.775973348,QA Team,synthetic demo data,synthetic demo data
REQ-0268,Closed - Completed,2026-03-29 15:48:17.775973348,Service Desk,synthetic demo data,synthetic demo data
REQ-0269,Request Submitted,2026-01-15 13:10:15.644259127,Requester,synthetic demo data,synthetic demo data
REQ-0269,Triage,2026-01-15 14:58:33.716669095,Service Desk,synthetic demo data,synthetic demo data
REQ-0269,Assigned to Team,2026-01-15 18:41:32.814609781,Service Desk,synthetic demo data,synthetic demo data
REQ-0269,Manager Approval,2026-01-17 11:44:36.889015534,Engineering Manager,synthetic demo data,synthetic demo data
REQ-0269,Security Review,2026-01-18 13:13:10.725275855,Security Team,synthetic demo data,synthetic demo data
REQ-0269,Implementation,2026-01-18 20:21:45.166103070,Dev Team,synthetic demo data,synthetic demo data
REQ-0269,QA Verification,2026-01-18 20:49:24.726382968,QA Team,synthetic demo data,synthetic demo data
REQ-0269,Closed - Completed,2026-01-18 22:22:04.993887090,Service Desk,synthetic demo data,synthetic demo data
REQ-0270,Request Submitted,2026-01-07 05:47:57.677377569,Requester,synthetic demo data,synthetic demo data
REQ-0270,Triage,2026-01-07 08:25:50.266406006,Service Desk,synthetic demo data,synthetic demo data
REQ-0270,Assigned to Team,2026-01-07 12:47:35.590211249,Service Desk,synthetic demo data,synthetic demo data
REQ-0270,Manager Approval,2026-01-08 20:34:09.685816559,Engineering Manager,synthetic demo data,synthetic demo data
REQ-0270,Closed - Rejected,2026-01-08 21:34:09.685816559,Service Desk,synthetic demo data,synthetic demo data
REQ-0271,Request Submitted,2026-06-26 20:38:54.564327652,Requester,synthetic demo data,synthetic demo data
REQ-0271,Triage,2026-06-27 00:32:04.845298453,Service Desk,synthetic demo data,synthetic demo data
REQ-0271,Assigned to Team,2026-06-27 02:42:53.541216099,Service Desk,synthetic demo data,synthetic demo data
REQ-0271,Manager Approval,2026-06-27 04:56:12.722770397,Engineering Manager,synthetic demo data,synthetic demo data
REQ-0271,Security Review,2026-06-28 12:03:14.738151649,Security Team,synthetic demo data,synthetic demo data
REQ-0271,Implementation,2026-06-28 20:06:27.058669877,Dev Team,synthetic demo data,synthetic demo data
REQ-0271,QA Verification,2026-06-29 05:25:20.415950620,QA Team,synthetic demo data,synthetic demo data
REQ-0271,Closed - Completed,2026-06-29 07:41:57.467181409,Service Desk,synthetic demo data,synthetic demo data
REQ-0272,Request Submitted,2026-03-18 11:39:22.428126474,Requester,synthetic demo data,synthetic demo data
REQ-0272,Triage,2026-03-18 14:21:13.386049389,Service Desk,synthetic demo data,synthetic demo data
REQ-0272,Assigned to Team,2026-03-18 20:46:11.510471591,Service Desk,synthetic demo data,synthetic demo data
REQ-0272,Manager Approval,2026-03-20 16:21:50.229803934,Engineering Manager,synthetic demo data,synthetic demo data
REQ-0272,Security Review,2026-03-20 22:08:27.235905738,Security Team,synthetic demo data,synthetic demo data
REQ-0272,Implementation,2026-03-21 07:55:39.161725754,Dev Team,synthetic demo data,synthetic demo data
REQ-0272,QA Verification,2026-03-21 17:21:07.154021268,QA Team,synthetic demo data,synthetic demo data
REQ-0272,Closed - Completed,2026-03-21 20:33:16.876924798,Service Desk,synthetic demo data,synthetic demo data
REQ-0273,Request Submitted,2026-02-22 05:25:08.633566731,Requester,synthetic demo data,synthetic demo data
REQ-0273,Triage,2026-02-22 08:20:48.506205115,Service Desk,synthetic demo data,synthetic demo data
REQ-0273,Assigned to Team,2026-02-22 15:12:20.100364751,Service Desk,synthetic demo data,synthetic demo data
REQ-0273,Manager Approval,2026-02-23 10:42:20.012857826,Engineering Manager,synthetic demo data,synthetic demo data
REQ-0273,Security Review,2026-02-24 02:08:20.234182452,Security Team,synthetic demo data,synthetic demo data
REQ-0273,Implementation,2026-02-24 08:54:52.119884628,Dev Team,synthetic demo data,synthetic demo data
REQ-0273,QA Verification,2026-02-24 13:26:37.720664209,QA Team,synthetic demo data,synthetic demo data
REQ-0273,Closed - Completed,2026-02-24 14:33:13.645965060,Service Desk,synthetic demo data,synthetic demo data
REQ-0274,Request Submitted,2026-02-12 14:55:08.661735083,Requester,synthetic demo data,synthetic demo data
REQ-0274,Triage,2026-02-12 17:17:18.350750002,Service Desk,synthetic demo data,synthetic demo data
REQ-0274,Assigned to Team,2026-02-12 19:32:54.952784270,Service Desk,synthetic demo data,synthetic demo data
REQ-0274,Manager Approval,2026-02-15 04:38:38.164434137,Engineering Manager,synthetic demo data,synthetic demo data
REQ-0274,Security Review,2026-02-16 00:45:51.540766130,Security Team,synthetic demo data,synthetic demo data
REQ-0274,Implementation,2026-02-16 13:55:42.359160781,Dev Team,synthetic demo data,synthetic demo data
REQ-0274,QA Verification,2026-02-16 20:42:45.699618264,QA Team,synthetic demo data,synthetic demo data
REQ-0274,Closed - Completed,2026-02-16 23:32:20.765933879,Service Desk,synthetic demo data,synthetic demo data
REQ-0275,Request Submitted,2026-01-10 16:33:32.043631616,Requester,synthetic demo data,synthetic demo data
REQ-0275,Triage,2026-01-10 18:36:53.425292092,Service Desk,synthetic demo data,synthetic demo data
REQ-0275,Assigned to Team,2026-01-10 22:21:32.477115771,Service Desk,synthetic demo data,synthetic demo data
REQ-0275,Manager Approval,2026-01-12 09:29:15.656971733,Engineering Manager,synthetic demo data,synthetic demo data
REQ-0275,Security Review,2026-01-13 02:53:35.208128407,Security Team,synthetic demo data,synthetic demo data
REQ-0275,Implementation,2026-01-13 12:30:46.953520922,Dev Team,synthetic demo data,synthetic demo data
REQ-0275,QA Verification,2026-01-14 01:12:58.324979856,QA Team,synthetic demo data,synthetic demo data
REQ-0275,Closed - Completed,2026-01-14 02:56:44.895988312,Service Desk,synthetic demo data,synthetic demo data
REQ-0276,Request Submitted,2026-03-24 13:49:28.769594326,Requester,synthetic demo data,synthetic demo data
REQ-0276,Triage,2026-03-24 16:57:53.681405725,Service Desk,synthetic demo data,synthetic demo data
REQ-0276,Assigned to Team,2026-03-24 19:58:56.950061409,Service Desk,synthetic demo data,synthetic demo data
REQ-0276,Manager Approval,2026-03-24 20:10:56.950061409,Engineering Manager,synthetic demo data,synthetic demo data
REQ-0276,Security Review,2026-03-25 20:49:58.121385619,Security Team,synthetic demo data,synthetic demo data
REQ-0276,Implementation,2026-03-25 21:01:58.121385619,Dev Team,synthetic demo data,synthetic demo data
REQ-0276,QA Verification,2026-03-26 07:26:33.443479784,QA Team,synthetic demo data,synthetic demo data
REQ-0276,Closed - Completed,2026-03-26 09:36:43.549416079,Service Desk,synthetic demo data,synthetic demo data
REQ-0277,Request Submitted,2026-05-05 06:28:20.365618390,Requester,synthetic demo data,synthetic demo data
REQ-0277,Triage,2026-05-05 06:55:11.338714509,Service Desk,synthetic demo data,synthetic demo data
REQ-0277,Assigned to Team,2026-05-05 10:18:39.412388871,Service Desk,synthetic demo data,synthetic demo data
REQ-0277,Manager Approval,2026-05-06 15:50:25.799015081,Engineering Manager,synthetic demo data,synthetic demo data
REQ-0277,Security Review,2026-05-07 07:24:59.876247588,Security Team,synthetic demo data,synthetic demo data
REQ-0277,Implementation,2026-05-07 15:45:18.998690139,Dev Team,synthetic demo data,synthetic demo data
REQ-0277,QA Verification,2026-05-08 06:03:27.306324087,QA Team,synthetic demo data,synthetic demo data
REQ-0277,Closed - Completed,2026-05-08 08:53:31.598294615,Service Desk,synthetic demo data,synthetic demo data
REQ-0278,Request Submitted,2026-05-15 00:39:59.555610490,Requester,synthetic demo data,synthetic demo data
REQ-0278,Triage,2026-05-15 04:08:45.619328357,Service Desk,synthetic demo data,synthetic demo data
REQ-0278,Assigned to Team,2026-05-15 06:51:39.232294692,Service Desk,synthetic demo data,synthetic demo data
REQ-0278,Manager Approval,2026-05-15 08:05:39.262387857,Engineering Manager,synthetic demo data,synthetic demo data
REQ-0278,Closed - Rejected,2026-05-15 09:05:39.262387857,Service Desk,synthetic demo data,synthetic demo data
REQ-0279,Request Submitted,2026-01-03 08:14:16.782713042,Requester,synthetic demo data,synthetic demo data
REQ-0279,Triage,2026-01-03 09:16:05.501290627,Service Desk,synthetic demo data,synthetic demo data
REQ-0279,Assigned to Team,2026-01-03 12:00:13.125157984,Service Desk,synthetic demo data,synthetic demo data
REQ-0279,Manager Approval,2026-01-04 08:19:07.930110667,Engineering Manager,synthetic demo data,synthetic demo data
REQ-0279,Security Review,2026-01-05 17:50:13.677870384,Security Team,synthetic demo data,synthetic demo data
REQ-0279,Implementation,2026-01-06 04:50:05.858892238,Dev Team,synthetic demo data,synthetic demo data
REQ-0279,QA Verification,2026-01-06 12:47:22.497595192,QA Team,synthetic demo data,synthetic demo data
REQ-0279,Closed - Completed,2026-01-06 15:24:40.262322427,Service Desk,synthetic demo data,synthetic demo data
REQ-0280,Request Submitted,2026-05-15 22:16:35.551346168,Requester,synthetic demo data,synthetic demo data
REQ-0280,Triage,2026-05-15 23:05:28.886856251,Service Desk,synthetic demo data,synthetic demo data
REQ-0280,Assigned to Team,2026-05-15 23:17:28.886856251,Service Desk,synthetic demo data,synthetic demo data
REQ-0280,Manager Approval,2026-05-17 07:23:32.975825640,Engineering Manager,synthetic demo data,synthetic demo data
REQ-0280,Security Review,2026-05-18 06:18:30.260128857,Security Team,synthetic demo data,synthetic demo data
REQ-0280,Implementation,2026-05-18 19:08:43.669914182,Dev Team,synthetic demo data,synthetic demo data
REQ-0280,QA Verification,2026-05-19 05:51:34.096727871,QA Team,synthetic demo data,synthetic demo data
REQ-0280,Closed - Completed,2026-05-19 09:25:46.091273867,Service Desk,synthetic demo data,synthetic demo data
REQ-0281,Request Submitted,2026-06-24 19:13:50.106881198,Requester,synthetic demo data,synthetic demo data
REQ-0281,Triage,2026-06-24 21:42:39.310346370,Service Desk,synthetic demo data,synthetic demo data
REQ-0281,Assigned to Team,2026-06-25 04:30:31.595606177,Service Desk,synthetic demo data,synthetic demo data
REQ-0281,Manager Approval,2026-06-27 07:13:48.595473358,Engineering Manager,synthetic demo data,synthetic demo data
REQ-0281,Security Review,2026-06-28 13:18:17.063522105,Security Team,synthetic demo data,synthetic demo data
REQ-0281,Implementation,2026-06-28 19:45:12.916962195,Dev Team,synthetic demo data,synthetic demo data
REQ-0281,QA Verification,2026-06-28 23:06:14.360945719,QA Team,synthetic demo data,synthetic demo data
REQ-0281,Closed - Completed,2026-06-29 01:53:34.429325898,Service Desk,synthetic demo data,synthetic demo data
REQ-0282,Request Submitted,2026-01-23 16:00:16.941583303,Requester,synthetic demo data,synthetic demo data
REQ-0282,Triage,2026-01-23 17:53:23.740966896,Service Desk,synthetic demo data,synthetic demo data
REQ-0282,Assigned to Team,2026-01-23 23:16:45.466248159,Service Desk,synthetic demo data,synthetic demo data
REQ-0282,Manager Approval,2026-01-25 00:18:48.722178991,Engineering Manager,synthetic demo data,synthetic demo data
REQ-0282,Security Review,2026-01-25 00:30:48.722178991,Security Team,synthetic demo data,synthetic demo data
REQ-0282,Implementation,2026-01-25 10:31:52.725105330,Dev Team,synthetic demo data,synthetic demo data
REQ-0282,QA Verification,2026-01-25 14:26:03.289091807,QA Team,synthetic demo data,synthetic demo data
REQ-0282,Closed - Completed,2026-01-25 16:28:36.760779782,Service Desk,synthetic demo data,synthetic demo data
REQ-0283,Request Submitted,2026-05-16 16:44:58.377971216,Requester,synthetic demo data,synthetic demo data
REQ-0283,Triage,2026-05-16 19:32:23.604065640,Service Desk,synthetic demo data,synthetic demo data
REQ-0283,Assigned to Team,2026-05-16 20:14:26.133722535,Service Desk,synthetic demo data,synthetic demo data
REQ-0283,Manager Approval,2026-05-17 19:00:08.616784835,Engineering Manager,synthetic demo data,synthetic demo data
REQ-0283,Security Review,2026-05-18 21:09:31.445169838,Security Team,synthetic demo data,synthetic demo data
REQ-0283,Implementation,2026-05-19 02:42:08.624404879,Dev Team,synthetic demo data,synthetic demo data
REQ-0283,QA Verification,2026-05-19 03:52:33.511944763,QA Team,synthetic demo data,synthetic demo data
REQ-0283,Closed - Completed,2026-05-19 06:32:40.311180487,Service Desk,synthetic demo data,synthetic demo data
REQ-0284,Request Submitted,2026-03-20 01:23:35.312291301,Requester,synthetic demo data,synthetic demo data
REQ-0284,Triage,2026-03-20 01:35:35.312291301,Service Desk,synthetic demo data,synthetic demo data
REQ-0284,Assigned to Team,2026-03-20 05:39:07.548923474,Service Desk,synthetic demo data,synthetic demo data
REQ-0284,Manager Approval,2026-03-20 12:24:49.199699921,Engineering Manager,synthetic demo data,synthetic demo data
REQ-0284,Security Review,2026-03-21 11:11:34.296269801,Security Team,synthetic demo data,synthetic demo data
REQ-0284,Implementation,2026-03-21 15:38:34.817193513,Dev Team,synthetic demo data,synthetic demo data
REQ-0284,QA Verification,2026-03-21 18:09:48.552907229,QA Team,synthetic demo data,synthetic demo data
REQ-0284,Closed - Completed,2026-03-21 19:43:17.676845742,Service Desk,synthetic demo data,synthetic demo data
REQ-0285,Request Submitted,2026-03-14 03:28:27.448851143,Requester,synthetic demo data,synthetic demo data
REQ-0285,Triage,2026-03-14 06:03:46.780652717,Service Desk,synthetic demo data,synthetic demo data
REQ-0285,Assigned to Team,2026-03-14 08:23:38.006009039,Service Desk,synthetic demo data,synthetic demo data
REQ-0285,Manager Approval,2026-03-16 04:06:59.625941298,Engineering Manager,synthetic demo data,synthetic demo data
REQ-0285,Security Review,2026-03-17 02:38:49.636508146,Security Team,synthetic demo data,synthetic demo data
REQ-0285,Implementation,2026-03-17 07:51:24.812733159,Dev Team,synthetic demo data,synthetic demo data
REQ-0285,QA Verification,2026-03-17 11:15:32.661987770,QA Team,synthetic demo data,synthetic demo data
REQ-0285,Closed - Completed,2026-03-17 11:36:41.675311199,Service Desk,synthetic demo data,synthetic demo data
REQ-0286,Request Submitted,2026-02-19 13:02:10.521363286,Requester,synthetic demo data,synthetic demo data
REQ-0286,Triage,2026-02-19 13:14:10.521363286,Service Desk,synthetic demo data,synthetic demo data
REQ-0286,Assigned to Team,2026-02-19 15:25:57.661050331,Service Desk,synthetic demo data,synthetic demo data
REQ-0286,Manager Approval,2026-02-20 08:49:05.545975881,Engineering Manager,synthetic demo data,synthetic demo data
REQ-0286,Security Review,2026-02-21 18:59:57.499962210,Security Team,synthetic demo data,synthetic demo data
REQ-0286,Implementation,2026-02-21 20:11:17.487950946,Dev Team,synthetic demo data,synthetic demo data
REQ-0286,QA Verification,2026-02-21 21:51:50.899313818,QA Team,synthetic demo data,synthetic demo data
REQ-0286,Closed - Completed,2026-02-22 00:58:26.790028998,Service Desk,synthetic demo data,synthetic demo data
REQ-0287,Request Submitted,2026-04-17 04:43:51.951319266,Requester,synthetic demo data,synthetic demo data
REQ-0287,Triage,2026-04-17 06:05:56.442357153,Service Desk,synthetic demo data,synthetic demo data
REQ-0287,Assigned to Team,2026-04-17 10:01:24.113498540,Service Desk,synthetic demo data,synthetic demo data
REQ-0287,Manager Approval,2026-04-17 10:13:24.113498540,Engineering Manager,synthetic demo data,synthetic demo data
REQ-0287,Security Review,2026-04-17 13:28:21.438120559,Security Team,synthetic demo data,synthetic demo data
REQ-0287,Implementation,2026-04-17 20:20:58.877148308,Dev Team,synthetic demo data,synthetic demo data
REQ-0287,QA Verification,2026-04-18 06:59:57.695262502,QA Team,synthetic demo data,synthetic demo data
REQ-0287,Closed - Completed,2026-04-18 08:33:49.066945101,Service Desk,synthetic demo data,synthetic demo data
REQ-0288,Request Submitted,2026-01-27 02:47:31.105427941,Requester,synthetic demo data,synthetic demo data
REQ-0288,Triage,2026-01-27 06:53:55.890467742,Service Desk,synthetic demo data,synthetic demo data
REQ-0288,Assigned to Team,2026-01-27 09:02:00.908712741,Service Desk,synthetic demo data,synthetic demo data
REQ-0288,Manager Approval,2026-01-28 14:47:52.337836576,Engineering Manager,synthetic demo data,synthetic demo data
REQ-0288,Security Review,2026-01-30 03:11:46.927008084,Security Team,synthetic demo data,synthetic demo data
REQ-0288,Implementation,2026-01-30 05:06:27.257445327,Dev Team,synthetic demo data,synthetic demo data
REQ-0288,QA Verification,2026-01-30 14:11:25.133007308,QA Team,synthetic demo data,synthetic demo data
REQ-0288,Closed - Completed,2026-01-30 15:10:19.197090807,Service Desk,synthetic demo data,synthetic demo data
REQ-0289,Request Submitted,2026-03-10 09:02:27.123120219,Requester,synthetic demo data,synthetic demo data
REQ-0289,Triage,2026-03-10 10:04:58.281357694,Service Desk,synthetic demo data,synthetic demo data
REQ-0289,Assigned to Team,2026-03-10 11:36:29.530948339,Service Desk,synthetic demo data,synthetic demo data
REQ-0289,Manager Approval,2026-03-11 21:28:40.814906728,Engineering Manager,synthetic demo data,synthetic demo data
REQ-0289,Security Review,2026-03-13 02:26:16.289139198,Security Team,synthetic demo data,synthetic demo data
REQ-0289,Implementation,2026-03-13 09:55:08.087813283,Dev Team,synthetic demo data,synthetic demo data
REQ-0289,QA Verification,2026-03-13 16:07:45.309927601,QA Team,synthetic demo data,synthetic demo data
REQ-0289,Closed - Completed,2026-03-13 18:42:01.536566248,Service Desk,synthetic demo data,synthetic demo data
REQ-0290,Request Submitted,2026-04-09 18:44:00.527590038,Requester,synthetic demo data,synthetic demo data
REQ-0290,Triage,2026-04-09 21:33:10.162739453,Service Desk,synthetic demo data,synthetic demo data
REQ-0290,Assigned to Team,2026-04-10 04:27:29.744752705,Service Desk,synthetic demo data,synthetic demo data
REQ-0290,Manager Approval,2026-04-11 05:11:34.093548502,Engineering Manager,synthetic demo data,synthetic demo data
REQ-0290,Security Review,2026-04-11 21:04:12.243174454,Security Team,synthetic demo data,synthetic demo data
REQ-0290,Implementation,2026-04-12 08:08:45.351725115,Dev Team,synthetic demo data,synthetic demo data
REQ-0290,QA Verification,2026-04-12 16:36:11.676749366,QA Team,synthetic demo data,synthetic demo data
REQ-0290,Closed - Completed,2026-04-12 18:04:05.362997209,Service Desk,synthetic demo data,synthetic demo data
REQ-0291,Request Submitted,2026-01-10 23:21:51.720883313,Requester,synthetic demo data,synthetic demo data
REQ-0291,Triage,2026-01-11 00:32:12.417616668,Service Desk,synthetic demo data,synthetic demo data
REQ-0291,Assigned to Team,2026-01-11 02:55:15.534081386,Service Desk,synthetic demo data,synthetic demo data
REQ-0291,Manager Approval,2026-01-12 10:10:31.009556755,Engineering Manager,synthetic demo data,synthetic demo data
REQ-0291,Security Review,2026-01-13 15:08:19.422944996,Security Team,synthetic demo data,synthetic demo data
REQ-0291,Implementation,2026-01-13 20:43:13.202872010,Dev Team,synthetic demo data,synthetic demo data
REQ-0291,QA Verification,2026-01-13 21:11:35.450682078,QA Team,synthetic demo data,synthetic demo data
REQ-0291,Closed - Completed,2026-01-13 21:23:35.450682078,Service Desk,synthetic demo data,synthetic demo data
REQ-0292,Request Submitted,2026-02-12 06:24:10.345108067,Requester,synthetic demo data,synthetic demo data
REQ-0292,Triage,2026-02-12 08:14:53.746377035,Service Desk,synthetic demo data,synthetic demo data
REQ-0292,Assigned to Team,2026-02-12 09:27:53.793547607,Service Desk,synthetic demo data,synthetic demo data
REQ-0292,Manager Approval,2026-02-13 05:37:34.943572618,Engineering Manager,synthetic demo data,synthetic demo data
REQ-0292,Security Review,2026-02-13 18:39:34.560899199,Security Team,synthetic demo data,synthetic demo data
REQ-0292,Implementation,2026-02-14 00:53:51.247702987,Dev Team,synthetic demo data,synthetic demo data
REQ-0292,QA Verification,2026-02-14 10:51:54.294483436,QA Team,synthetic demo data,synthetic demo data
REQ-0292,Closed - Completed,2026-02-14 13:31:37.305805385,Service Desk,synthetic demo data,synthetic demo data
REQ-0293,Request Submitted,2026-04-23 02:00:29.213390978,Requester,synthetic demo data,synthetic demo data
REQ-0293,Triage,2026-04-23 03:34:29.575827135,Service Desk,synthetic demo data,synthetic demo data
REQ-0293,Assigned to Team,2026-04-23 07:03:59.406764875,Service Desk,synthetic demo data,synthetic demo data
REQ-0293,Manager Approval,2026-04-24 21:14:41.528061830,Engineering Manager,synthetic demo data,synthetic demo data
REQ-0293,Security Review,2026-04-25 09:04:34.720864170,Security Team,synthetic demo data,synthetic demo data
REQ-0293,Implementation,2026-04-25 17:13:20.043745014,Dev Team,synthetic demo data,synthetic demo data
REQ-0293,QA Verification,2026-04-25 17:25:20.043745014,QA Team,synthetic demo data,synthetic demo data
REQ-0293,Closed - Completed,2026-04-25 19:38:02.213368028,Service Desk,synthetic demo data,synthetic demo data
REQ-0294,Request Submitted,2026-05-04 15:56:26.812539430,Requester,synthetic demo data,synthetic demo data
REQ-0294,Triage,2026-05-04 19:45:26.309725534,Service Desk,synthetic demo data,synthetic demo data
REQ-0294,Assigned to Team,2026-05-04 21:26:07.622109379,Service Desk,synthetic demo data,synthetic demo data
REQ-0294,Manager Approval,2026-05-06 06:28:46.619040663,Engineering Manager,synthetic demo data,synthetic demo data
REQ-0294,Closed - Rejected,2026-05-06 07:28:46.619040663,Service Desk,synthetic demo data,synthetic demo data
REQ-0295,Request Submitted,2026-03-09 06:51:27.161082320,Requester,synthetic demo data,synthetic demo data
REQ-0295,Triage,2026-03-09 08:44:35.601277502,Service Desk,synthetic demo data,synthetic demo data
REQ-0295,Assigned to Team,2026-03-09 11:54:13.968439553,Service Desk,synthetic demo data,synthetic demo data
REQ-0295,Manager Approval,2026-03-11 05:46:31.089110123,Engineering Manager,synthetic demo data,synthetic demo data
REQ-0295,Closed - Rejected,2026-03-11 06:46:31.089110123,Service Desk,synthetic demo data,synthetic demo data
REQ-0296,Request Submitted,2026-03-02 12:34:39.626328618,Requester,synthetic demo data,synthetic demo data
REQ-0296,Triage,2026-03-02 14:48:26.906781516,Service Desk,synthetic demo data,synthetic demo data
REQ-0296,Assigned to Team,2026-03-02 17:48:14.755461193,Service Desk,synthetic demo data,synthetic demo data
REQ-0296,Manager Approval,2026-03-04 11:13:06.685498643,Engineering Manager,synthetic demo data,synthetic demo data
REQ-0296,Security Review,2026-03-05 00:54:09.436439599,Security Team,synthetic demo data,synthetic demo data
REQ-0296,Implementation,2026-03-05 11:57:59.194958856,Dev Team,synthetic demo data,synthetic demo data
REQ-0296,QA Verification,2026-03-05 15:40:49.686501524,QA Team,synthetic demo data,synthetic demo data
REQ-0296,Closed - Completed,2026-03-05 18:46:16.062271441,Service Desk,synthetic demo data,synthetic demo data
REQ-0297,Request Submitted,2026-03-31 05:53:26.556461948,Requester,synthetic demo data,synthetic demo data
REQ-0297,Triage,2026-03-31 06:05:26.556461948,Service Desk,synthetic demo data,synthetic demo data
REQ-0297,Assigned to Team,2026-03-31 08:16:06.962622425,Service Desk,synthetic demo data,synthetic demo data
REQ-0297,Manager Approval,2026-04-02 07:30:53.469390605,Engineering Manager,synthetic demo data,synthetic demo data
REQ-0297,Security Review,2026-04-03 08:29:33.157290222,Security Team,synthetic demo data,synthetic demo data
REQ-0297,Implementation,2026-04-03 17:29:17.513111142,Dev Team,synthetic demo data,synthetic demo data
REQ-0297,QA Verification,2026-04-04 02:30:51.131355454,QA Team,synthetic demo data,synthetic demo data
REQ-0297,Closed - Completed,2026-04-04 04:59:55.163736748,Service Desk,synthetic demo data,synthetic demo data
REQ-0298,Request Submitted,2026-04-21 13:19:55.450530192,Requester,synthetic demo data,synthetic demo data
REQ-0298,Triage,2026-04-21 16:51:13.572160045,Service Desk,synthetic demo data,synthetic demo data
REQ-0298,Assigned to Team,2026-04-21 20:23:31.071013138,Service Desk,synthetic demo data,synthetic demo data
REQ-0298,Manager Approval,2026-04-23 15:03:56.144848433,Engineering Manager,synthetic demo data,synthetic demo data
REQ-0298,Security Review,2026-04-24 08:18:05.227680453,Security Team,synthetic demo data,synthetic demo data
REQ-0298,Implementation,2026-04-24 13:53:44.191994003,Dev Team,synthetic demo data,synthetic demo data
REQ-0298,QA Verification,2026-04-25 01:00:57.282510527,QA Team,synthetic demo data,synthetic demo data
REQ-0298,Closed - Completed,2026-04-25 03:13:55.619345288,Service Desk,synthetic demo data,synthetic demo data
REQ-0299,Request Submitted,2026-06-28 13:47:56.019157990,Requester,synthetic demo data,synthetic demo data
REQ-0299,Triage,2026-06-28 15:12:44.562814678,Service Desk,synthetic demo data,synthetic demo data
REQ-0299,Assigned to Team,2026-06-28 18:13:43.870434622,Service Desk,synthetic demo data,synthetic demo data
REQ-0299,Manager Approval,2026-06-30 20:19:57.968930114,Engineering Manager,synthetic demo data,synthetic demo data
REQ-0299,Closed - Rejected,2026-06-30 21:19:57.968930114,Service Desk,synthetic demo data,synthetic demo data
REQ-0300,Request Submitted,2026-04-08 12:17:06.623814499,Requester,synthetic demo data,synthetic demo data
REQ-0300,Triage,2026-04-08 14:04:11.743770824,Service Desk,synthetic demo data,synthetic demo data
REQ-0300,Assigned to Team,2026-04-08 19:44:36.130251429,Service Desk,synthetic demo data,synthetic demo data
REQ-0300,Manager Approval,2026-04-09 22:45:00.768414191,Engineering Manager,synthetic demo data,synthetic demo data
REQ-0300,Security Review,2026-04-10 02:32:45.258802003,Security Team,synthetic demo data,synthetic demo data
REQ-0300,Implementation,2026-04-10 18:07:05.162752087,Dev Team,synthetic demo data,synthetic demo data
REQ-0300,QA Verification,2026-04-11 02:09:55.001858065,QA Team,synthetic demo data,synthetic demo data
REQ-0300,Closed - Completed,2026-04-11 04:05:42.955566338,Service Desk,synthetic demo data,synthetic demo data
REQ-0301,Request Submitted,2026-03-21 12:30:32.284496505,Requester,synthetic demo data,synthetic demo data
REQ-0301,Triage,2026-03-21 13:58:01.144255690,Service Desk,synthetic demo data,synthetic demo data
REQ-0301,Assigned to Team,2026-03-21 18:41:21.728948076,Service Desk,synthetic demo data,synthetic demo data
REQ-0301,Manager Approval,2026-03-23 08:16:48.371348578,Engineering Manager,synthetic demo data,synthetic demo data
REQ-0301,Security Review,2026-03-24 06:28:56.065734368,Security Team,synthetic demo data,synthetic demo data
REQ-0301,Implementation,2026-03-24 15:03:51.478931200,Dev Team,synthetic demo data,synthetic demo data
REQ-0301,QA Verification,2026-03-24 20:32:21.824134686,QA Team,synthetic demo data,synthetic demo data
REQ-0301,Closed - Completed,2026-03-24 23:35:06.128567439,Service Desk,synthetic demo data,synthetic demo data
REQ-0302,Request Submitted,2026-06-13 18:32:06.152335616,Requester,synthetic demo data,synthetic demo data
REQ-0302,Triage,2026-06-13 21:08:58.136778028,Service Desk,synthetic demo data,synthetic demo data
REQ-0302,Assigned to Team,2026-06-14 01:05:46.823749590,Service Desk,synthetic demo data,synthetic demo data
REQ-0302,Manager Approval,2026-06-15 13:49:10.977836183,Engineering Manager,synthetic demo data,synthetic demo data
REQ-0302,Closed - Rejected,2026-06-15 14:49:10.977836183,Service Desk,synthetic demo data,synthetic demo data
REQ-0303,Request Submitted,2026-03-15 09:23:51.809464375,Requester,synthetic demo data,synthetic demo data
REQ-0303,Triage,2026-03-15 12:11:06.747200162,Service Desk,synthetic demo data,synthetic demo data
REQ-0303,Assigned to Team,2026-03-15 15:07:00.733315687,Service Desk,synthetic demo data,synthetic demo data
REQ-0303,Manager Approval,2026-03-16 14:17:50.209850602,Engineering Manager,synthetic demo data,synthetic demo data
REQ-0303,Security Review,2026-03-17 07:29:24.931333527,Security Team,synthetic demo data,synthetic demo data
REQ-0303,Implementation,2026-03-17 23:34:22.142995898,Dev Team,synthetic demo data,synthetic demo data
REQ-0303,QA Verification,2026-03-18 00:22:04.401309807,QA Team,synthetic demo data,synthetic demo data
REQ-0303,Closed - Completed,2026-03-18 02:52:03.638485271,Service Desk,synthetic demo data,synthetic demo data
REQ-0304,Request Submitted,2026-03-04 14:16:58.967878113,Requester,synthetic demo data,synthetic demo data
REQ-0304,Triage,2026-03-04 15:50:57.908931557,Service Desk,synthetic demo data,synthetic demo data
REQ-0304,Assigned to Team,2026-03-04 16:02:57.908931557,Service Desk,synthetic demo data,synthetic demo data
REQ-0304,Manager Approval,2026-03-06 03:29:45.403489418,Engineering Manager,synthetic demo data,synthetic demo data
REQ-0304,Security Review,2026-03-06 20:04:32.170274390,Security Team,synthetic demo data,synthetic demo data
REQ-0304,Implementation,2026-03-06 20:16:32.170274390,Dev Team,synthetic demo data,synthetic demo data
REQ-0304,QA Verification,2026-03-07 04:47:39.505654751,QA Team,synthetic demo data,synthetic demo data
REQ-0304,Closed - Completed,2026-03-07 08:13:45.527895511,Service Desk,synthetic demo data,synthetic demo data
REQ-0305,Request Submitted,2026-05-28 12:39:07.572871988,Requester,synthetic demo data,synthetic demo data
REQ-0305,Triage,2026-05-28 14:41:53.382170865,Service Desk,synthetic demo data,synthetic demo data
REQ-0305,Assigned to Team,2026-05-28 19:41:25.427923702,Service Desk,synthetic demo data,synthetic demo data
REQ-0305,Manager Approval,2026-05-31 01:14:37.560624842,Engineering Manager,synthetic demo data,synthetic demo data
REQ-0305,Security Review,2026-06-01 07:26:45.186598012,Security Team,synthetic demo data,synthetic demo data
REQ-0305,Implementation,2026-06-01 11:40:47.045125902,Dev Team,synthetic demo data,synthetic demo data
REQ-0305,QA Verification,2026-06-01 18:17:01.569540623,QA Team,synthetic demo data,synthetic demo data
REQ-0305,Closed - Completed,2026-06-01 20:43:23.827660072,Service Desk,synthetic demo data,synthetic demo data
REQ-0306,Request Submitted,2026-03-03 01:02:31.850625121,Requester,synthetic demo data,synthetic demo data
REQ-0306,Triage,2026-03-03 05:18:54.621198646,Service Desk,synthetic demo data,synthetic demo data
REQ-0306,Assigned to Team,2026-03-03 09:16:30.276493970,Service Desk,synthetic demo data,synthetic demo data
REQ-0306,Manager Approval,2026-03-05 11:54:10.295798634,Engineering Manager,synthetic demo data,synthetic demo data
REQ-0306,Security Review,2026-03-06 09:32:56.733054804,Security Team,synthetic demo data,synthetic demo data
REQ-0306,Implementation,2026-03-06 17:15:22.389189436,Dev Team,synthetic demo data,synthetic demo data
REQ-0306,QA Verification,2026-03-07 00:24:00.120202310,QA Team,synthetic demo data,synthetic demo data
REQ-0306,Closed - Completed,2026-03-07 01:35:03.144269566,Service Desk,synthetic demo data,synthetic demo data
REQ-0307,Request Submitted,2026-03-24 23:12:54.092484969,Requester,synthetic demo data,synthetic demo data
REQ-0307,Triage,2026-03-25 02:35:14.524919288,Service Desk,synthetic demo data,synthetic demo data
REQ-0307,Assigned to Team,2026-03-25 04:06:02.550815116,Service Desk,synthetic demo data,synthetic demo data
REQ-0307,Manager Approval,2026-03-26 23:39:09.690564630,Engineering Manager,synthetic demo data,synthetic demo data
REQ-0307,Security Review,2026-03-27 18:52:12.187354994,Security Team,synthetic demo data,synthetic demo data
REQ-0307,Implementation,2026-03-28 04:13:45.430827656,Dev Team,synthetic demo data,synthetic demo data
REQ-0307,QA Verification,2026-03-28 11:36:35.792133554,QA Team,synthetic demo data,synthetic demo data
REQ-0307,Closed - Completed,2026-03-28 14:36:15.453818801,Service Desk,synthetic demo data,synthetic demo data
REQ-0308,Request Submitted,2026-06-08 01:35:11.024769008,Requester,synthetic demo data,synthetic demo data
REQ-0308,Triage,2026-06-08 03:53:44.910992143,Service Desk,synthetic demo data,synthetic demo data
REQ-0308,Assigned to Team,2026-06-08 07:49:55.506063478,Service Desk,synthetic demo data,synthetic demo data
REQ-0308,Manager Approval,2026-06-09 02:09:59.071450000,Engineering Manager,synthetic demo data,synthetic demo data
REQ-0308,Security Review,2026-06-10 17:35:39.623396836,Security Team,synthetic demo data,synthetic demo data
REQ-0308,Implementation,2026-06-11 03:28:25.102290987,Dev Team,synthetic demo data,synthetic demo data
REQ-0308,QA Verification,2026-06-11 11:36:45.474484714,QA Team,synthetic demo data,synthetic demo data
REQ-0308,Closed - Completed,2026-06-11 12:00:16.005564352,Service Desk,synthetic demo data,synthetic demo data
REQ-0309,Request Submitted,2026-03-22 21:23:56.817153304,Requester,synthetic demo data,synthetic demo data
REQ-0309,Triage,2026-03-22 23:41:09.625179157,Service Desk,synthetic demo data,synthetic demo data
REQ-0309,Assigned to Team,2026-03-22 23:53:09.625179157,Service Desk,synthetic demo data,synthetic demo data
REQ-0309,Manager Approval,2026-03-24 20:25:19.437599941,Engineering Manager,synthetic demo data,synthetic demo data
REQ-0309,Security Review,2026-03-25 11:31:40.874738912,Security Team,synthetic demo data,synthetic demo data
REQ-0309,Implementation,2026-03-26 01:10:23.839335536,Dev Team,synthetic demo data,synthetic demo data
REQ-0309,QA Verification,2026-03-26 06:54:35.214006616,QA Team,synthetic demo data,synthetic demo data
REQ-0309,Closed - Completed,2026-03-26 09:06:52.158076289,Service Desk,synthetic demo data,synthetic demo data
REQ-0310,Request Submitted,2026-02-14 15:38:16.794900526,Requester,synthetic demo data,synthetic demo data
REQ-0310,Triage,2026-02-14 16:38:42.546392323,Service Desk,synthetic demo data,synthetic demo data
REQ-0310,Assigned to Team,2026-02-14 19:21:01.454922173,Service Desk,synthetic demo data,synthetic demo data
REQ-0310,Manager Approval,2026-02-16 12:55:50.964023082,Engineering Manager,synthetic demo data,synthetic demo data
REQ-0310,Security Review,2026-02-16 20:57:10.541038404,Security Team,synthetic demo data,synthetic demo data
REQ-0310,Implementation,2026-02-16 22:16:50.842800001,Dev Team,synthetic demo data,synthetic demo data
REQ-0310,QA Verification,2026-02-17 06:45:07.028812073,QA Team,synthetic demo data,synthetic demo data
REQ-0310,Closed - Completed,2026-02-17 08:08:56.306886831,Service Desk,synthetic demo data,synthetic demo data
REQ-0311,Request Submitted,2026-03-13 03:08:44.253912313,Requester,synthetic demo data,synthetic demo data
REQ-0311,Triage,2026-03-13 04:27:59.928380645,Service Desk,synthetic demo data,synthetic demo data
REQ-0311,Assigned to Team,2026-03-13 07:27:19.064978836,Service Desk,synthetic demo data,synthetic demo data
REQ-0311,Manager Approval,2026-03-15 02:28:50.109003029,Engineering Manager,synthetic demo data,synthetic demo data
REQ-0311,Security Review,2026-03-15 15:32:22.251617026,Security Team,synthetic demo data,synthetic demo data
REQ-0311,Implementation,2026-03-16 06:10:08.467748373,Dev Team,synthetic demo data,synthetic demo data
REQ-0311,QA Verification,2026-03-16 10:06:55.262687231,QA Team,synthetic demo data,synthetic demo data
REQ-0311,Closed - Completed,2026-03-16 11:25:56.132201524,Service Desk,synthetic demo data,synthetic demo data
REQ-0312,Request Submitted,2026-06-03 00:46:15.204357988,Requester,synthetic demo data,synthetic demo data
REQ-0312,Triage,2026-06-03 02:36:56.725085737,Service Desk,synthetic demo data,synthetic demo data
REQ-0312,Closed - Cancelled,2026-06-03 03:36:56.725085737,Service Desk,synthetic demo data,synthetic demo data
REQ-0313,Request Submitted,2026-05-13 10:13:27.950604388,Requester,synthetic demo data,synthetic demo data
REQ-0313,Triage,2026-05-13 11:24:27.495159015,Service Desk,synthetic demo data,synthetic demo data
REQ-0313,Assigned to Team,2026-05-13 14:20:38.352584587,Service Desk,synthetic demo data,synthetic demo data
REQ-0313,Manager Approval,2026-05-14 21:36:22.256699032,Engineering Manager,synthetic demo data,synthetic demo data
REQ-0313,Security Review,2026-05-15 08:43:48.077118294,Security Team,synthetic demo data,synthetic demo data
REQ-0313,Implementation,2026-05-15 16:30:26.212360134,Dev Team,synthetic demo data,synthetic demo data
REQ-0313,QA Verification,2026-05-15 22:31:23.699253012,QA Team,synthetic demo data,synthetic demo data
REQ-0313,Closed - Completed,2026-05-16 01:39:48.453377184,Service Desk,synthetic demo data,synthetic demo data
REQ-0314,Request Submitted,2026-06-06 20:21:20.400617900,Requester,synthetic demo data,synthetic demo data
REQ-0314,Triage,2026-06-06 23:33:47.130719820,Service Desk,synthetic demo data,synthetic demo data
REQ-0314,Assigned to Team,2026-06-07 02:04:09.399968681,Service Desk,synthetic demo data,synthetic demo data
REQ-0314,Manager Approval,2026-06-08 05:04:26.161518096,Engineering Manager,synthetic demo data,synthetic demo data
REQ-0314,Security Review,2026-06-09 07:03:09.232104698,Security Team,synthetic demo data,synthetic demo data
REQ-0314,Closed - Cancelled,2026-06-09 08:03:09.232104698,Service Desk,synthetic demo data,synthetic demo data
REQ-0315,Request Submitted,2026-05-04 08:24:34.412842274,Requester,synthetic demo data,synthetic demo data
REQ-0315,Triage,2026-05-04 10:19:17.949487744,Service Desk,synthetic demo data,synthetic demo data
REQ-0315,Assigned to Team,2026-05-04 11:52:03.197167955,Service Desk,synthetic demo data,synthetic demo data
REQ-0315,Manager Approval,2026-05-05 04:28:18.626838820,Engineering Manager,synthetic demo data,synthetic demo data
REQ-0315,Security Review,2026-05-06 13:29:43.328590227,Security Team,synthetic demo data,synthetic demo data
REQ-0315,Implementation,2026-05-06 20:52:10.859290563,Dev Team,synthetic demo data,synthetic demo data
REQ-0315,QA Verification,2026-05-07 07:47:26.683504664,QA Team,synthetic demo data,synthetic demo data
REQ-0315,Closed - Completed,2026-05-07 09:16:37.592966090,Service Desk,synthetic demo data,synthetic demo data
REQ-0316,Request Submitted,2026-04-26 01:54:44.142915860,Requester,synthetic demo data,synthetic demo data
REQ-0316,Triage,2026-04-26 02:51:17.550635072,Service Desk,synthetic demo data,synthetic demo data
REQ-0316,Assigned to Team,2026-04-26 03:03:17.550635072,Service Desk,synthetic demo data,synthetic demo data
REQ-0316,Manager Approval,2026-04-28 03:04:01.693251948,Engineering Manager,synthetic demo data,synthetic demo data
REQ-0316,Security Review,2026-04-28 15:37:33.078237212,Security Team,synthetic demo data,synthetic demo data
REQ-0316,Implementation,2026-04-28 23:32:34.906594082,Dev Team,synthetic demo data,synthetic demo data
REQ-0316,QA Verification,2026-04-29 03:47:06.989921204,QA Team,synthetic demo data,synthetic demo data
REQ-0316,Closed - Completed,2026-04-29 06:03:12.375932643,Service Desk,synthetic demo data,synthetic demo data
REQ-0317,Request Submitted,2026-04-10 13:01:11.679623870,Requester,synthetic demo data,synthetic demo data
REQ-0317,Triage,2026-04-10 15:28:11.014799473,Service Desk,synthetic demo data,synthetic demo data
REQ-0317,Assigned to Team,2026-04-10 16:57:26.146813591,Service Desk,synthetic demo data,synthetic demo data
REQ-0317,Manager Approval,2026-04-11 13:09:21.911719438,Engineering Manager,synthetic demo data,synthetic demo data
REQ-0317,Security Review,2026-04-12 06:01:46.707910845,Security Team,synthetic demo data,synthetic demo data
REQ-0317,Implementation,2026-04-12 08:18:51.765657986,Dev Team,synthetic demo data,synthetic demo data
REQ-0317,QA Verification,2026-04-12 13:02:48.107043759,QA Team,synthetic demo data,synthetic demo data
REQ-0317,Closed - Completed,2026-04-12 15:09:55.774587409,Service Desk,synthetic demo data,synthetic demo data
REQ-0318,Request Submitted,2026-03-12 04:44:04.414666380,Requester,synthetic demo data,synthetic demo data
REQ-0318,Triage,2026-03-12 06:42:52.768651116,Service Desk,synthetic demo data,synthetic demo data
REQ-0318,Assigned to Team,2026-03-12 08:43:51.753953981,Service Desk,synthetic demo data,synthetic demo data
REQ-0318,Manager Approval,2026-03-14 00:24:21.307273671,Engineering Manager,synthetic demo data,synthetic demo data
REQ-0318,Security Review,2026-03-15 09:19:46.998517248,Security Team,synthetic demo data,synthetic demo data
REQ-0318,Implementation,2026-03-15 15:28:19.920869633,Dev Team,synthetic demo data,synthetic demo data
REQ-0318,QA Verification,2026-03-15 22:55:40.061769592,QA Team,synthetic demo data,synthetic demo data
REQ-0318,Closed - Completed,2026-03-16 00:41:17.440010027,Service Desk,synthetic demo data,synthetic demo data
REQ-0319,Request Submitted,2026-04-05 16:58:51.747401892,Requester,synthetic demo data,synthetic demo data
REQ-0319,Triage,2026-04-05 19:29:22.921756757,Service Desk,synthetic demo data,synthetic demo data
REQ-0319,Assigned to Team,2026-04-05 19:49:46.483247184,Service Desk,synthetic demo data,synthetic demo data
REQ-0319,Manager Approval,2026-04-07 08:11:07.863072110,Engineering Manager,synthetic demo data,synthetic demo data
REQ-0319,Security Review,2026-04-08 15:16:52.648355321,Security Team,synthetic demo data,synthetic demo data
REQ-0319,Implementation,2026-04-08 22:23:41.663507348,Dev Team,synthetic demo data,synthetic demo data
REQ-0319,QA Verification,2026-04-09 07:22:54.519413420,QA Team,synthetic demo data,synthetic demo data
REQ-0319,Closed - Completed,2026-04-09 08:41:30.103465272,Service Desk,synthetic demo data,synthetic demo data
REQ-0320,Request Submitted,2026-02-07 12:05:56.193759937,Requester,synthetic demo data,synthetic demo data
REQ-0320,Triage,2026-02-07 12:20:32.877565250,Service Desk,synthetic demo data,synthetic demo data
REQ-0320,Assigned to Team,2026-02-07 14:58:58.114095624,Service Desk,synthetic demo data,synthetic demo data
REQ-0320,Manager Approval,2026-02-09 14:59:54.964132957,Engineering Manager,synthetic demo data,synthetic demo data
REQ-0320,Security Review,2026-02-09 17:48:38.645986777,Security Team,synthetic demo data,synthetic demo data
REQ-0320,Implementation,2026-02-09 20:41:33.892125616,Dev Team,synthetic demo data,synthetic demo data
REQ-0320,QA Verification,2026-02-09 23:35:47.943877870,QA Team,synthetic demo data,synthetic demo data
REQ-0320,Closed - Completed,2026-02-10 01:31:59.992382910,Service Desk,synthetic demo data,synthetic demo data
REQ-0321,Request Submitted,2026-05-23 22:16:27.557435042,Requester,synthetic demo data,synthetic demo data
REQ-0321,Triage,2026-05-24 01:13:43.211419772,Service Desk,synthetic demo data,synthetic demo data
REQ-0321,Assigned to Team,2026-05-24 04:58:17.685328542,Service Desk,synthetic demo data,synthetic demo data
REQ-0321,Manager Approval,2026-05-25 13:00:37.453171473,Engineering Manager,synthetic demo data,synthetic demo data
REQ-0321,Security Review,2026-05-26 12:32:58.097945781,Security Team,synthetic demo data,synthetic demo data
REQ-0321,Implementation,2026-05-26 17:06:05.552029268,Dev Team,synthetic demo data,synthetic demo data
REQ-0321,QA Verification,2026-05-27 01:40:23.423847679,QA Team,synthetic demo data,synthetic demo data
REQ-0321,Closed - Completed,2026-05-27 02:33:40.064531985,Service Desk,synthetic demo data,synthetic demo data
REQ-0322,Request Submitted,2026-01-14 10:00:19.749362998,Requester,synthetic demo data,synthetic demo data
REQ-0322,Triage,2026-01-14 12:12:58.861930515,Service Desk,synthetic demo data,synthetic demo data
REQ-0322,Assigned to Team,2026-01-14 14:57:07.311412120,Service Desk,synthetic demo data,synthetic demo data
REQ-0322,Manager Approval,2026-01-16 02:33:22.930790927,Engineering Manager,synthetic demo data,synthetic demo data
REQ-0322,Security Review,2026-01-16 02:45:22.930790927,Security Team,synthetic demo data,synthetic demo data
REQ-0322,Implementation,2026-01-16 11:57:55.449137117,Dev Team,synthetic demo data,synthetic demo data
REQ-0322,QA Verification,2026-01-16 17:37:31.225960447,QA Team,synthetic demo data,synthetic demo data
REQ-0322,Closed - Completed,2026-01-16 19:34:28.964753441,Service Desk,synthetic demo data,synthetic demo data
REQ-0323,Request Submitted,2026-01-10 04:08:29.860784817,Requester,synthetic demo data,synthetic demo data
REQ-0323,Triage,2026-01-10 05:00:05.116100872,Service Desk,synthetic demo data,synthetic demo data
REQ-0323,Assigned to Team,2026-01-10 07:47:21.541678414,Service Desk,synthetic demo data,synthetic demo data
REQ-0323,Manager Approval,2026-01-11 14:44:06.338076087,Engineering Manager,synthetic demo data,synthetic demo data
REQ-0323,Security Review,2026-01-12 11:46:10.196811311,Security Team,synthetic demo data,synthetic demo data
REQ-0323,Implementation,2026-01-12 20:25:01.835700215,Dev Team,synthetic demo data,synthetic demo data
REQ-0323,QA Verification,2026-01-13 05:32:07.021385335,QA Team,synthetic demo data,synthetic demo data
REQ-0323,Closed - Completed,2026-01-13 06:26:57.296994412,Service Desk,synthetic demo data,synthetic demo data
REQ-0324,Request Submitted,2026-04-25 04:15:10.704172952,Requester,synthetic demo data,synthetic demo data
REQ-0324,Triage,2026-04-25 04:31:06.102783978,Service Desk,synthetic demo data,synthetic demo data
REQ-0324,Assigned to Team,2026-04-25 07:47:16.194860190,Service Desk,synthetic demo data,synthetic demo data
REQ-0324,Manager Approval,2026-04-26 05:35:33.118360748,Engineering Manager,synthetic demo data,synthetic demo data
REQ-0324,Security Review,2026-04-26 22:15:22.101903819,Security Team,synthetic demo data,synthetic demo data
REQ-0324,Implementation,2026-04-27 02:38:12.873857531,Dev Team,synthetic demo data,synthetic demo data
REQ-0324,QA Verification,2026-04-27 08:07:41.726127966,QA Team,synthetic demo data,synthetic demo data
REQ-0324,Closed - Completed,2026-04-27 11:58:10.246339902,Service Desk,synthetic demo data,synthetic demo data
REQ-0325,Request Submitted,2026-01-14 21:36:08.072161517,Requester,synthetic demo data,synthetic demo data
REQ-0325,Triage,2026-01-14 22:18:01.107708928,Service Desk,synthetic demo data,synthetic demo data
REQ-0325,Assigned to Team,2026-01-15 03:53:29.166456719,Service Desk,synthetic demo data,synthetic demo data
REQ-0325,Manager Approval,2026-01-16 03:25:07.245298446,Engineering Manager,synthetic demo data,synthetic demo data
REQ-0325,Security Review,2026-01-16 23:11:16.539743181,Security Team,synthetic demo data,synthetic demo data
REQ-0325,Implementation,2026-01-17 05:34:36.465391251,Dev Team,synthetic demo data,synthetic demo data
REQ-0325,QA Verification,2026-01-17 08:44:36.698304497,QA Team,synthetic demo data,synthetic demo data
REQ-0325,Closed - Completed,2026-01-17 10:30:30.155976685,Service Desk,synthetic demo data,synthetic demo data
REQ-0326,Request Submitted,2026-06-29 01:20:49.338344862,Requester,synthetic demo data,synthetic demo data
REQ-0326,Triage,2026-06-29 02:29:38.762200809,Service Desk,synthetic demo data,synthetic demo data
REQ-0326,Assigned to Team,2026-06-29 06:27:55.662357342,Service Desk,synthetic demo data,synthetic demo data
REQ-0326,Manager Approval,2026-06-30 00:49:26.914614956,Engineering Manager,synthetic demo data,synthetic demo data
REQ-0326,Security Review,2026-06-30 04:50:12.603116338,Security Team,synthetic demo data,synthetic demo data
REQ-0326,Implementation,2026-06-30 16:54:53.560330708,Dev Team,synthetic demo data,synthetic demo data
REQ-0326,QA Verification,2026-07-01 02:23:42.563074458,QA Team,synthetic demo data,synthetic demo data
REQ-0326,Closed - Completed,2026-07-01 05:26:28.351178230,Service Desk,synthetic demo data,synthetic demo data
REQ-0327,Request Submitted,2026-01-31 05:03:09.829292266,Requester,synthetic demo data,synthetic demo data
REQ-0327,Triage,2026-01-31 07:48:08.985285435,Service Desk,synthetic demo data,synthetic demo data
REQ-0327,Assigned to Team,2026-01-31 11:23:23.063887114,Service Desk,synthetic demo data,synthetic demo data
REQ-0327,Manager Approval,2026-02-01 11:52:43.735333742,Engineering Manager,synthetic demo data,synthetic demo data
REQ-0327,Closed - Rejected,2026-02-01 12:52:43.735333742,Service Desk,synthetic demo data,synthetic demo data
REQ-0328,Request Submitted,2026-04-10 22:28:22.658780072,Requester,synthetic demo data,synthetic demo data
REQ-0328,Triage,2026-04-11 01:33:07.093481322,Service Desk,synthetic demo data,synthetic demo data
REQ-0328,Assigned to Team,2026-04-11 02:45:20.116720537,Service Desk,synthetic demo data,synthetic demo data
REQ-0328,Manager Approval,2026-04-12 17:41:53.589557006,Engineering Manager,synthetic demo data,synthetic demo data
REQ-0328,Security Review,2026-04-13 16:40:55.540479337,Security Team,synthetic demo data,synthetic demo data
REQ-0328,Implementation,2026-04-14 03:40:57.675469882,Dev Team,synthetic demo data,synthetic demo data
REQ-0328,QA Verification,2026-04-14 12:17:55.010866847,QA Team,synthetic demo data,synthetic demo data
REQ-0328,Closed - Completed,2026-04-14 13:36:14.935995915,Service Desk,synthetic demo data,synthetic demo data
REQ-0329,Request Submitted,2026-06-25 21:52:20.140910692,Requester,synthetic demo data,synthetic demo data
REQ-0329,Triage,2026-06-26 00:45:40.999253789,Service Desk,synthetic demo data,synthetic demo data
REQ-0329,Assigned to Team,2026-06-26 02:56:54.178174748,Service Desk,synthetic demo data,synthetic demo data
REQ-0329,Manager Approval,2026-06-26 23:13:54.394652322,Engineering Manager,synthetic demo data,synthetic demo data
REQ-0329,Security Review,2026-06-27 02:50:22.643573963,Security Team,synthetic demo data,synthetic demo data
REQ-0329,Implementation,2026-06-27 17:51:00.768359496,Dev Team,synthetic demo data,synthetic demo data
REQ-0329,QA Verification,2026-06-28 02:19:38.475686889,QA Team,synthetic demo data,synthetic demo data
REQ-0329,Closed - Completed,2026-06-28 05:05:50.101219478,Service Desk,synthetic demo data,synthetic demo data
REQ-0330,Request Submitted,2026-05-29 03:05:36.873175572,Requester,synthetic demo data,synthetic demo data
REQ-0330,Triage,2026-05-29 04:50:57.289296925,Service Desk,synthetic demo data,synthetic demo data
REQ-0330,Assigned to Team,2026-05-29 07:36:12.963134665,Service Desk,synthetic demo data,synthetic demo data
REQ-0330,Manager Approval,2026-05-30 07:37:03.719159221,Engineering Manager,synthetic demo data,synthetic demo data
REQ-0330,Security Review,2026-06-01 03:19:49.319602267,Security Team,synthetic demo data,synthetic demo data
REQ-0330,Implementation,2026-06-01 13:33:14.452852978,Dev Team,synthetic demo data,synthetic demo data
REQ-0330,QA Verification,2026-06-01 18:09:45.408086382,QA Team,synthetic demo data,synthetic demo data
REQ-0330,Closed - Completed,2026-06-01 20:37:41.196473380,Service Desk,synthetic demo data,synthetic demo data
REQ-0331,Request Submitted,2026-03-20 06:11:22.929425945,Requester,synthetic demo data,synthetic demo data
REQ-0331,Triage,2026-03-20 07:31:43.080681039,Service Desk,synthetic demo data,synthetic demo data
REQ-0331,Assigned to Team,2026-03-20 11:16:48.942017200,Service Desk,synthetic demo data,synthetic demo data
REQ-0331,Manager Approval,2026-03-22 08:12:14.214556254,Engineering Manager,synthetic demo data,synthetic demo data
REQ-0331,Security Review,2026-03-23 07:40:00.715388495,Security Team,synthetic demo data,synthetic demo data
REQ-0331,Implementation,2026-03-23 16:02:41.083270697,Dev Team,synthetic demo data,synthetic demo data
REQ-0331,QA Verification,2026-03-23 22:04:37.745787141,QA Team,synthetic demo data,synthetic demo data
REQ-0331,Closed - Completed,2026-03-24 00:01:14.557838347,Service Desk,synthetic demo data,synthetic demo data
REQ-0332,Request Submitted,2026-03-19 00:17:41.914133587,Requester,synthetic demo data,synthetic demo data
REQ-0332,Triage,2026-03-19 03:46:28.439478730,Service Desk,synthetic demo data,synthetic demo data
REQ-0332,Assigned to Team,2026-03-19 06:36:42.341662230,Service Desk,synthetic demo data,synthetic demo data
REQ-0332,Manager Approval,2026-03-20 01:36:38.209685338,Engineering Manager,synthetic demo data,synthetic demo data
REQ-0332,Security Review,2026-03-20 16:57:50.167547025,Security Team,synthetic demo data,synthetic demo data
REQ-0332,Implementation,2026-03-21 05:21:55.505349065,Dev Team,synthetic demo data,synthetic demo data
REQ-0332,QA Verification,2026-03-21 13:23:32.056987241,QA Team,synthetic demo data,synthetic demo data
REQ-0332,Closed - Completed,2026-03-21 15:57:09.242028877,Service Desk,synthetic demo data,synthetic demo data
REQ-0333,Request Submitted,2026-04-04 22:13:23.759882369,Requester,synthetic demo data,synthetic demo data
REQ-0333,Triage,2026-04-04 23:34:46.939832546,Service Desk,synthetic demo data,synthetic demo data
REQ-0333,Assigned to Team,2026-04-05 02:11:25.024063278,Service Desk,synthetic demo data,synthetic demo data
REQ-0333,Manager Approval,2026-04-06 21:46:03.170227821,Engineering Manager,synthetic demo data,synthetic demo data
REQ-0333,Security Review,2026-04-08 01:38:09.767024798,Security Team,synthetic demo data,synthetic demo data
REQ-0333,Implementation,2026-04-08 05:42:30.265243106,Dev Team,synthetic demo data,synthetic demo data
REQ-0333,QA Verification,2026-04-08 09:08:30.579551693,QA Team,synthetic demo data,synthetic demo data
REQ-0333,Closed - Completed,2026-04-08 11:15:01.907301821,Service Desk,synthetic demo data,synthetic demo data
REQ-0334,Request Submitted,2026-04-22 05:42:01.137918236,Requester,synthetic demo data,synthetic demo data
REQ-0334,Triage,2026-04-22 07:58:43.136500689,Service Desk,synthetic demo data,synthetic demo data
REQ-0334,Assigned to Team,2026-04-22 08:54:52.502510194,Service Desk,synthetic demo data,synthetic demo data
REQ-0334,Manager Approval,2026-04-23 06:02:02.220436506,Engineering Manager,synthetic demo data,synthetic demo data
REQ-0334,Security Review,2026-04-23 22:45:14.739691224,Security Team,synthetic demo data,synthetic demo data
REQ-0334,Implementation,2026-04-24 05:04:19.419545732,Dev Team,synthetic demo data,synthetic demo data
REQ-0334,QA Verification,2026-04-24 09:28:14.423397412,QA Team,synthetic demo data,synthetic demo data
REQ-0334,Closed - Completed,2026-04-24 11:28:40.368814766,Service Desk,synthetic demo data,synthetic demo data
REQ-0335,Request Submitted,2026-01-30 12:16:32.296498176,Requester,synthetic demo data,synthetic demo data
REQ-0335,Triage,2026-01-30 15:03:19.827103257,Service Desk,synthetic demo data,synthetic demo data
REQ-0335,Assigned to Team,2026-01-30 19:11:05.336805860,Service Desk,synthetic demo data,synthetic demo data
REQ-0335,Manager Approval,2026-02-01 12:59:21.322031002,Engineering Manager,synthetic demo data,synthetic demo data
REQ-0335,Closed - Rejected,2026-02-01 13:59:21.322031002,Service Desk,synthetic demo data,synthetic demo data
REQ-0336,Request Submitted,2026-02-10 07:16:35.995420589,Requester,synthetic demo data,synthetic demo data
REQ-0336,Triage,2026-02-10 09:57:09.519301493,Service Desk,synthetic demo data,synthetic demo data
REQ-0336,Assigned to Team,2026-02-10 11:24:21.028131919,Service Desk,synthetic demo data,synthetic demo data
REQ-0336,Manager Approval,2026-02-11 17:32:03.359840298,Engineering Manager,synthetic demo data,synthetic demo data
REQ-0336,Closed - Rejected,2026-02-11 18:32:03.359840298,Service Desk,synthetic demo data,synthetic demo data
REQ-0337,Request Submitted,2026-01-27 18:04:56.245885705,Requester,synthetic demo data,synthetic demo data
REQ-0337,Triage,2026-01-27 22:00:24.431618950,Service Desk,synthetic demo data,synthetic demo data
REQ-0337,Assigned to Team,2026-01-27 22:30:36.907094966,Service Desk,synthetic demo data,synthetic demo data
REQ-0337,Manager Approval,2026-01-30 15:25:30.828183656,Engineering Manager,synthetic demo data,synthetic demo data
REQ-0337,Security Review,2026-01-31 03:11:17.514818288,Security Team,synthetic demo data,synthetic demo data
REQ-0337,Implementation,2026-01-31 15:06:39.210256602,Dev Team,synthetic demo data,synthetic demo data
REQ-0337,QA Verification,2026-02-01 00:01:20.588449930,QA Team,synthetic demo data,synthetic demo data
REQ-0337,Closed - Completed,2026-02-01 01:01:36.103633299,Service Desk,synthetic demo data,synthetic demo data
REQ-0338,Request Submitted,2026-03-16 23:45:39.607589016,Requester,synthetic demo data,synthetic demo data
REQ-0338,Triage,2026-03-17 02:18:55.195605692,Service Desk,synthetic demo data,synthetic demo data
REQ-0338,Assigned to Team,2026-03-17 05:39:40.826038547,Service Desk,synthetic demo data,synthetic demo data
REQ-0338,Manager Approval,2026-03-19 04:24:36.336101207,Engineering Manager,synthetic demo data,synthetic demo data
REQ-0338,Security Review,2026-03-20 01:05:19.281299139,Security Team,synthetic demo data,synthetic demo data
REQ-0338,Implementation,2026-03-20 08:25:01.894699400,Dev Team,synthetic demo data,synthetic demo data
REQ-0338,QA Verification,2026-03-20 17:42:19.388416417,QA Team,synthetic demo data,synthetic demo data
REQ-0338,Closed - Completed,2026-03-20 20:17:08.813889907,Service Desk,synthetic demo data,synthetic demo data
REQ-0339,Request Submitted,2026-06-15 11:46:26.572212564,Requester,synthetic demo data,synthetic demo data
REQ-0339,Triage,2026-06-15 12:43:43.626199529,Service Desk,synthetic demo data,synthetic demo data
REQ-0339,Assigned to Team,2026-06-15 14:52:37.926625964,Service Desk,synthetic demo data,synthetic demo data
REQ-0339,Manager Approval,2026-06-16 12:11:08.528787662,Engineering Manager,synthetic demo data,synthetic demo data
REQ-0339,Security Review,2026-06-17 15:15:41.385092016,Security Team,synthetic demo data,synthetic demo data
REQ-0339,Implementation,2026-06-18 03:09:55.555416250,Dev Team,synthetic demo data,synthetic demo data
REQ-0339,QA Verification,2026-06-18 08:42:00.148289300,QA Team,synthetic demo data,synthetic demo data
REQ-0339,Closed - Completed,2026-06-18 12:07:51.456757067,Service Desk,synthetic demo data,synthetic demo data
REQ-0340,Request Submitted,2026-06-03 03:58:36.685530890,Requester,synthetic demo data,synthetic demo data
REQ-0340,Triage,2026-06-03 05:09:17.875153335,Service Desk,synthetic demo data,synthetic demo data
REQ-0340,Assigned to Team,2026-06-03 10:31:04.909060286,Service Desk,synthetic demo data,synthetic demo data
REQ-0340,Manager Approval,2026-06-04 15:39:49.634568454,Engineering Manager,synthetic demo data,synthetic demo data
REQ-0340,Closed - Rejected,2026-06-04 16:39:49.634568454,Service Desk,synthetic demo data,synthetic demo data
REQ-0341,Request Submitted,2026-01-30 08:43:02.459215705,Requester,synthetic demo data,synthetic demo data
REQ-0341,Triage,2026-01-30 09:49:39.214041035,Service Desk,synthetic demo data,synthetic demo data
REQ-0341,Assigned to Team,2026-01-30 10:37:28.561117332,Service Desk,synthetic demo data,synthetic demo data
REQ-0341,Manager Approval,2026-02-01 01:29:05.124624619,Engineering Manager,synthetic demo data,synthetic demo data
REQ-0341,Security Review,2026-02-01 14:26:02.930478368,Security Team,synthetic demo data,synthetic demo data
REQ-0341,Implementation,2026-02-02 10:40:20.180175922,Dev Team,synthetic demo data,synthetic demo data
REQ-0341,QA Verification,2026-02-02 13:24:50.585483707,QA Team,synthetic demo data,synthetic demo data
REQ-0341,Closed - Completed,2026-02-02 14:09:24.008573774,Service Desk,synthetic demo data,synthetic demo data
REQ-0342,Request Submitted,2026-02-07 17:59:33.300404640,Requester,synthetic demo data,synthetic demo data
REQ-0342,Triage,2026-02-07 20:03:25.823169635,Service Desk,synthetic demo data,synthetic demo data
REQ-0342,Assigned to Team,2026-02-07 23:54:55.932238646,Service Desk,synthetic demo data,synthetic demo data
REQ-0342,Manager Approval,2026-02-08 04:06:21.142398727,Engineering Manager,synthetic demo data,synthetic demo data
REQ-0342,Security Review,2026-02-08 18:00:29.768318313,Security Team,synthetic demo data,synthetic demo data
REQ-0342,Implementation,2026-02-08 21:42:49.701818732,Dev Team,synthetic demo data,synthetic demo data
REQ-0342,QA Verification,2026-02-08 22:01:43.206639294,QA Team,synthetic demo data,synthetic demo data
REQ-0342,Closed - Completed,2026-02-09 00:08:44.335481779,Service Desk,synthetic demo data,synthetic demo data
REQ-0343,Request Submitted,2026-06-26 23:13:26.269348246,Requester,synthetic demo data,synthetic demo data
REQ-0343,Triage,2026-06-27 00:41:12.371689797,Service Desk,synthetic demo data,synthetic demo data
REQ-0343,Assigned to Team,2026-06-27 02:26:23.428175661,Service Desk,synthetic demo data,synthetic demo data
REQ-0343,Manager Approval,2026-06-28 13:59:22.416686897,Engineering Manager,synthetic demo data,synthetic demo data
REQ-0343,Security Review,2026-06-29 12:44:23.214904537,Security Team,synthetic demo data,synthetic demo data
REQ-0343,Implementation,2026-06-30 00:18:53.916846007,Dev Team,synthetic demo data,synthetic demo data
REQ-0343,QA Verification,2026-06-30 08:34:19.661159303,QA Team,synthetic demo data,synthetic demo data
REQ-0343,Closed - Completed,2026-06-30 11:42:46.587201003,Service Desk,synthetic demo data,synthetic demo data
REQ-0344,Request Submitted,2026-06-06 22:16:19.809737998,Requester,synthetic demo data,synthetic demo data
REQ-0344,Triage,2026-06-07 00:24:49.773848605,Service Desk,synthetic demo data,synthetic demo data
REQ-0344,Closed - Cancelled,2026-06-07 01:24:49.773848605,Service Desk,synthetic demo data,synthetic demo data
REQ-0345,Request Submitted,2026-06-13 18:48:22.969253798,Requester,synthetic demo data,synthetic demo data
REQ-0345,Triage,2026-06-13 19:59:19.759019810,Service Desk,synthetic demo data,synthetic demo data
REQ-0345,Assigned to Team,2026-06-13 23:37:16.489901323,Service Desk,synthetic demo data,synthetic demo data
REQ-0345,Manager Approval,2026-06-15 04:18:18.125127431,Engineering Manager,synthetic demo data,synthetic demo data
REQ-0345,Security Review,2026-06-15 18:20:11.295606799,Security Team,synthetic demo data,synthetic demo data
REQ-0345,Implementation,2026-06-15 23:41:14.970208524,Dev Team,synthetic demo data,synthetic demo data
REQ-0345,QA Verification,2026-06-16 02:03:22.663948469,QA Team,synthetic demo data,synthetic demo data
REQ-0345,Closed - Completed,2026-06-16 05:02:06.492776922,Service Desk,synthetic demo data,synthetic demo data
REQ-0346,Request Submitted,2026-02-16 15:53:24.172126638,Requester,synthetic demo data,synthetic demo data
REQ-0346,Triage,2026-02-16 18:41:54.944025205,Service Desk,synthetic demo data,synthetic demo data
REQ-0346,Assigned to Team,2026-02-16 20:51:28.520452315,Service Desk,synthetic demo data,synthetic demo data
REQ-0346,Manager Approval,2026-02-17 07:10:00.888850898,Engineering Manager,synthetic demo data,synthetic demo data
REQ-0346,Security Review,2026-02-18 12:21:28.491021597,Security Team,synthetic demo data,synthetic demo data
REQ-0346,Implementation,2026-02-18 18:12:34.294371844,Dev Team,synthetic demo data,synthetic demo data
REQ-0346,QA Verification,2026-02-18 22:58:58.184197589,QA Team,synthetic demo data,synthetic demo data
REQ-0346,Closed - Completed,2026-02-19 01:01:26.432270846,Service Desk,synthetic demo data,synthetic demo data
REQ-0347,Request Submitted,2026-06-16 21:10:02.100677614,Requester,synthetic demo data,synthetic demo data
REQ-0347,Triage,2026-06-16 21:58:05.279023491,Service Desk,synthetic demo data,synthetic demo data
REQ-0347,Assigned to Team,2026-06-17 01:47:02.214845696,Service Desk,synthetic demo data,synthetic demo data
REQ-0347,Manager Approval,2026-06-18 00:59:38.732742905,Engineering Manager,synthetic demo data,synthetic demo data
REQ-0347,Security Review,2026-06-19 13:59:07.469420459,Security Team,synthetic demo data,synthetic demo data
REQ-0347,Implementation,2026-06-19 21:58:51.345423689,Dev Team,synthetic demo data,synthetic demo data
REQ-0347,QA Verification,2026-06-19 22:10:51.345423689,QA Team,synthetic demo data,synthetic demo data
REQ-0347,Closed - Completed,2026-06-20 00:32:17.859323449,Service Desk,synthetic demo data,synthetic demo data
REQ-0348,Request Submitted,2026-01-19 06:52:53.965843589,Requester,synthetic demo data,synthetic demo data
REQ-0348,Triage,2026-01-19 10:42:45.401283112,Service Desk,synthetic demo data,synthetic demo data
REQ-0348,Assigned to Team,2026-01-19 12:10:58.696282052,Service Desk,synthetic demo data,synthetic demo data
REQ-0348,Manager Approval,2026-01-21 06:57:11.177039281,Engineering Manager,synthetic demo data,synthetic demo data
REQ-0348,Security Review,2026-01-21 20:27:18.553951811,Security Team,synthetic demo data,synthetic demo data
REQ-0348,Implementation,2026-01-22 05:21:08.321303414,Dev Team,synthetic demo data,synthetic demo data
REQ-0348,QA Verification,2026-01-22 07:32:00.435073024,QA Team,synthetic demo data,synthetic demo data
REQ-0348,Closed - Completed,2026-01-22 08:53:20.394319446,Service Desk,synthetic demo data,synthetic demo data
REQ-0349,Request Submitted,2026-05-28 07:31:28.969444002,Requester,synthetic demo data,synthetic demo data
REQ-0349,Triage,2026-05-28 10:19:31.558282012,Service Desk,synthetic demo data,synthetic demo data
REQ-0349,Assigned to Team,2026-05-28 13:44:26.384820398,Service Desk,synthetic demo data,synthetic demo data
REQ-0349,Manager Approval,2026-05-29 00:50:05.145350406,Engineering Manager,synthetic demo data,synthetic demo data
REQ-0349,Security Review,2026-05-29 18:01:48.027690435,Security Team,synthetic demo data,synthetic demo data
REQ-0349,Implementation,2026-05-29 23:02:43.950336059,Dev Team,synthetic demo data,synthetic demo data
REQ-0349,QA Verification,2026-05-30 07:39:16.448508359,QA Team,synthetic demo data,synthetic demo data
REQ-0349,Closed - Completed,2026-05-30 10:49:57.913978500,Service Desk,synthetic demo data,synthetic demo data
REQ-0350,Request Submitted,2026-05-29 15:14:07.187990910,Requester,synthetic demo data,synthetic demo data
REQ-0350,Triage,2026-05-29 15:26:07.187990910,Service Desk,synthetic demo data,synthetic demo data
REQ-0350,Assigned to Team,2026-05-29 15:47:05.593741007,Service Desk,synthetic demo data,synthetic demo data
REQ-0350,Manager Approval,2026-05-31 17:41:15.593436350,Engineering Manager,synthetic demo data,synthetic demo data
REQ-0350,Security Review,2026-06-01 10:04:34.933402387,Security Team,synthetic demo data,synthetic demo data
REQ-0350,Implementation,2026-06-01 15:04:24.498899369,Dev Team,synthetic demo data,synthetic demo data
REQ-0350,QA Verification,2026-06-02 02:00:05.230068480,QA Team,synthetic demo data,synthetic demo data
REQ-0350,Closed - Completed,2026-06-02 05:15:59.805872237,Service Desk,synthetic demo data,synthetic demo data
REQ-0351,Request Submitted,2026-05-15 12:36:46.657603866,Requester,synthetic demo data,synthetic demo data
REQ-0351,Triage,2026-05-15 14:28:51.093237738,Service Desk,synthetic demo data,synthetic demo data
REQ-0351,Assigned to Team,2026-05-15 17:49:17.772349030,Service Desk,synthetic demo data,synthetic demo data
REQ-0351,Manager Approval,2026-05-17 22:13:20.155327538,Engineering Manager,synthetic demo data,synthetic demo data
REQ-0351,Security Review,2026-05-18 22:01:28.099872824,Security Team,synthetic demo data,synthetic demo data
REQ-0351,Implementation,2026-05-19 08:55:42.917948587,Dev Team,synthetic demo data,synthetic demo data
REQ-0351,QA Verification,2026-05-19 18:26:11.035126544,QA Team,synthetic demo data,synthetic demo data
REQ-0351,Closed - Completed,2026-05-19 19:16:00.201522856,Service Desk,synthetic demo data,synthetic demo data
REQ-0352,Request Submitted,2026-02-28 02:01:21.408439459,Requester,synthetic demo data,synthetic demo data
REQ-0352,Triage,2026-02-28 03:41:40.179423139,Service Desk,synthetic demo data,synthetic demo data
REQ-0352,Assigned to Team,2026-02-28 03:53:40.179423139,Service Desk,synthetic demo data,synthetic demo data
REQ-0352,Manager Approval,2026-02-28 04:06:00.434507054,Engineering Manager,synthetic demo data,synthetic demo data
REQ-0352,Security Review,2026-02-28 14:56:13.423893848,Security Team,synthetic demo data,synthetic demo data
REQ-0352,Implementation,2026-03-01 01:03:43.038385581,Dev Team,synthetic demo data,synthetic demo data
REQ-0352,QA Verification,2026-03-01 07:24:12.073691256,QA Team,synthetic demo data,synthetic demo data
REQ-0352,Closed - Completed,2026-03-01 09:35:15.793837088,Service Desk,synthetic demo data,synthetic demo data
REQ-0353,Request Submitted,2026-06-04 02:49:08.044915384,Requester,synthetic demo data,synthetic demo data
REQ-0353,Triage,2026-06-04 04:47:29.284840322,Service Desk,synthetic demo data,synthetic demo data
REQ-0353,Assigned to Team,2026-06-04 08:14:53.236663516,Service Desk,synthetic demo data,synthetic demo data
REQ-0353,Manager Approval,2026-06-05 03:56:25.071589983,Engineering Manager,synthetic demo data,synthetic demo data
REQ-0353,Security Review,2026-06-06 00:11:42.858130670,Security Team,synthetic demo data,synthetic demo data
REQ-0353,Implementation,2026-06-06 01:47:43.587719855,Dev Team,synthetic demo data,synthetic demo data
REQ-0353,QA Verification,2026-06-06 12:01:30.574866425,QA Team,synthetic demo data,synthetic demo data
REQ-0353,Closed - Completed,2026-06-06 13:20:36.762477315,Service Desk,synthetic demo data,synthetic demo data
REQ-0354,Request Submitted,2026-04-21 13:50:06.882714794,Requester,synthetic demo data,synthetic demo data
REQ-0354,Triage,2026-04-21 16:51:47.875550231,Service Desk,synthetic demo data,synthetic demo data
REQ-0354,Assigned to Team,2026-04-21 19:47:00.040057678,Service Desk,synthetic demo data,synthetic demo data
REQ-0354,Manager Approval,2026-04-23 01:21:10.550911747,Engineering Manager,synthetic demo data,synthetic demo data
REQ-0354,Closed - Rejected,2026-04-23 02:21:10.550911747,Service Desk,synthetic demo data,synthetic demo data
REQ-0355,Request Submitted,2026-06-15 17:53:28.526976754,Requester,synthetic demo data,synthetic demo data
REQ-0355,Triage,2026-06-15 20:12:33.322276644,Service Desk,synthetic demo data,synthetic demo data
REQ-0355,Assigned to Team,2026-06-15 22:01:58.326328502,Service Desk,synthetic demo data,synthetic demo data
REQ-0355,Manager Approval,2026-06-17 02:16:56.087769163,Engineering Manager,synthetic demo data,synthetic demo data
REQ-0355,Security Review,2026-06-17 16:47:28.884508912,Security Team,synthetic demo data,synthetic demo data
REQ-0355,Implementation,2026-06-18 09:59:24.047111365,Dev Team,synthetic demo data,synthetic demo data
REQ-0355,QA Verification,2026-06-18 15:43:14.954796319,QA Team,synthetic demo data,synthetic demo data
REQ-0355,Closed - Completed,2026-06-18 19:15:57.790542426,Service Desk,synthetic demo data,synthetic demo data
REQ-0356,Request Submitted,2026-04-27 02:17:45.948979080,Requester,synthetic demo data,synthetic demo data
REQ-0356,Triage,2026-04-27 02:58:29.038321157,Service Desk,synthetic demo data,synthetic demo data
REQ-0356,Assigned to Team,2026-04-27 05:18:14.846325070,Service Desk,synthetic demo data,synthetic demo data
REQ-0356,Manager Approval,2026-04-28 14:15:05.793732848,Engineering Manager,synthetic demo data,synthetic demo data
REQ-0356,Security Review,2026-04-30 00:31:32.317855947,Security Team,synthetic demo data,synthetic demo data
REQ-0356,Implementation,2026-04-30 09:24:48.869854485,Dev Team,synthetic demo data,synthetic demo data
REQ-0356,QA Verification,2026-04-30 19:33:53.049755369,QA Team,synthetic demo data,synthetic demo data
REQ-0356,Closed - Completed,2026-04-30 22:12:19.674552099,Service Desk,synthetic demo data,synthetic demo data
REQ-0357,Request Submitted,2026-02-14 09:08:08.302339776,Requester,synthetic demo data,synthetic demo data
REQ-0357,Triage,2026-02-14 13:31:33.104098122,Service Desk,synthetic demo data,synthetic demo data
REQ-0357,Assigned to Team,2026-02-14 15:47:51.964602385,Service Desk,synthetic demo data,synthetic demo data
REQ-0357,Manager Approval,2026-02-15 11:04:02.288158822,Engineering Manager,synthetic demo data,synthetic demo data
REQ-0357,Security Review,2026-02-15 20:10:36.575828897,Security Team,synthetic demo data,synthetic demo data
REQ-0357,Implementation,2026-02-16 13:30:03.331099333,Dev Team,synthetic demo data,synthetic demo data
REQ-0357,QA Verification,2026-02-16 21:57:33.364883606,QA Team,synthetic demo data,synthetic demo data
REQ-0357,Closed - Completed,2026-02-16 23:37:30.530243436,Service Desk,synthetic demo data,synthetic demo data
REQ-0358,Request Submitted,2026-06-22 21:32:21.099099562,Requester,synthetic demo data,synthetic demo data
REQ-0358,Triage,2026-06-23 01:30:19.157996514,Service Desk,synthetic demo data,synthetic demo data
REQ-0358,Assigned to Team,2026-06-23 02:11:00.860699718,Service Desk,synthetic demo data,synthetic demo data
REQ-0358,Manager Approval,2026-06-24 04:28:06.711240679,Engineering Manager,synthetic demo data,synthetic demo data
REQ-0358,Security Review,2026-06-24 20:18:21.018400931,Security Team,synthetic demo data,synthetic demo data
REQ-0358,Implementation,2026-06-24 20:30:21.018400931,Dev Team,synthetic demo data,synthetic demo data
REQ-0358,QA Verification,2026-06-25 05:41:12.552212551,QA Team,synthetic demo data,synthetic demo data
REQ-0358,Closed - Completed,2026-06-25 07:24:59.124611658,Service Desk,synthetic demo data,synthetic demo data
REQ-0359,Request Submitted,2026-02-10 07:50:01.414504789,Requester,synthetic demo data,synthetic demo data
REQ-0359,Triage,2026-02-10 09:28:49.737214209,Service Desk,synthetic demo data,synthetic demo data
REQ-0359,Assigned to Team,2026-02-10 11:50:55.511107860,Service Desk,synthetic demo data,synthetic demo data
REQ-0359,Manager Approval,2026-02-11 19:30:36.185261949,Engineering Manager,synthetic demo data,synthetic demo data
REQ-0359,Closed - Rejected,2026-02-11 20:30:36.185261949,Service Desk,synthetic demo data,synthetic demo data
REQ-0360,Request Submitted,2026-02-27 07:18:34.665980721,Requester,synthetic demo data,synthetic demo data
REQ-0360,Triage,2026-02-27 08:40:43.204231045,Service Desk,synthetic demo data,synthetic demo data
REQ-0360,Assigned to Team,2026-02-27 13:15:52.026290348,Service Desk,synthetic demo data,synthetic demo data
REQ-0360,Manager Approval,2026-02-28 00:33:55.448211785,Engineering Manager,synthetic demo data,synthetic demo data
REQ-0360,Security Review,2026-02-28 02:09:46.252490428,Security Team,synthetic demo data,synthetic demo data
REQ-0360,Implementation,2026-02-28 05:15:40.610578072,Dev Team,synthetic demo data,synthetic demo data
REQ-0360,QA Verification,2026-02-28 15:45:53.957907405,QA Team,synthetic demo data,synthetic demo data
REQ-0360,Closed - Completed,2026-02-28 18:10:00.899726488,Service Desk,synthetic demo data,synthetic demo data
REQ-0361,Request Submitted,2026-01-16 09:59:16.723973133,Requester,synthetic demo data,synthetic demo data
REQ-0361,Triage,2026-01-16 12:00:04.375995219,Service Desk,synthetic demo data,synthetic demo data
REQ-0361,Assigned to Team,2026-01-16 16:06:17.336140731,Service Desk,synthetic demo data,synthetic demo data
REQ-0361,Manager Approval,2026-01-17 03:05:20.861039848,Engineering Manager,synthetic demo data,synthetic demo data
REQ-0361,Security Review,2026-01-17 15:31:14.108946925,Security Team,synthetic demo data,synthetic demo data
REQ-0361,Implementation,2026-01-18 00:36:44.671816957,Dev Team,synthetic demo data,synthetic demo data
REQ-0361,QA Verification,2026-01-18 06:18:46.458347606,QA Team,synthetic demo data,synthetic demo data
REQ-0361,Closed - Completed,2026-01-18 08:53:05.151405098,Service Desk,synthetic demo data,synthetic demo data
REQ-0362,Request Submitted,2026-03-01 00:58:08.681546696,Requester,synthetic demo data,synthetic demo data
REQ-0362,Triage,2026-03-01 04:03:38.382576454,Service Desk,synthetic demo data,synthetic demo data
REQ-0362,Assigned to Team,2026-03-01 07:47:27.202731060,Service Desk,synthetic demo data,synthetic demo data
REQ-0362,Manager Approval,2026-03-02 15:44:18.434415044,Engineering Manager,synthetic demo data,synthetic demo data
REQ-0362,Security Review,2026-03-03 10:52:31.805691906,Security Team,synthetic demo data,synthetic demo data
REQ-0362,Implementation,2026-03-03 15:32:09.949091996,Dev Team,synthetic demo data,synthetic demo data
REQ-0362,QA Verification,2026-03-03 21:19:12.364293646,QA Team,synthetic demo data,synthetic demo data
REQ-0362,Closed - Completed,2026-03-04 00:34:47.305364015,Service Desk,synthetic demo data,synthetic demo data
REQ-0363,Request Submitted,2026-04-24 05:10:03.841911108,Requester,synthetic demo data,synthetic demo data
REQ-0363,Triage,2026-04-24 06:40:31.752391552,Service Desk,synthetic demo data,synthetic demo data
REQ-0363,Assigned to Team,2026-04-24 09:58:36.343996842,Service Desk,synthetic demo data,synthetic demo data
REQ-0363,Manager Approval,2026-04-25 10:44:51.238538927,Engineering Manager,synthetic demo data,synthetic demo data
REQ-0363,Security Review,2026-04-26 11:06:55.064910172,Security Team,synthetic demo data,synthetic demo data
REQ-0363,Closed - Cancelled,2026-04-26 12:06:55.064910172,Service Desk,synthetic demo data,synthetic demo data
REQ-0364,Request Submitted,2026-03-01 04:52:09.204082431,Requester,synthetic demo data,synthetic demo data
REQ-0364,Triage,2026-03-01 08:17:34.018182585,Service Desk,synthetic demo data,synthetic demo data
REQ-0364,Assigned to Team,2026-03-01 12:47:11.655294195,Service Desk,synthetic demo data,synthetic demo data
REQ-0364,Manager Approval,2026-03-02 05:42:26.006461137,Engineering Manager,synthetic demo data,synthetic demo data
REQ-0364,Security Review,2026-03-02 17:34:31.490392065,Security Team,synthetic demo data,synthetic demo data
REQ-0364,Implementation,2026-03-03 01:16:20.381131043,Dev Team,synthetic demo data,synthetic demo data
REQ-0364,QA Verification,2026-03-03 05:55:07.687272857,QA Team,synthetic demo data,synthetic demo data
REQ-0364,Closed - Completed,2026-03-03 06:46:49.711055797,Service Desk,synthetic demo data,synthetic demo data
REQ-0365,Request Submitted,2026-03-18 04:45:25.508124410,Requester,synthetic demo data,synthetic demo data
REQ-0365,Triage,2026-03-18 06:05:06.856261269,Service Desk,synthetic demo data,synthetic demo data
REQ-0365,Assigned to Team,2026-03-18 08:36:41.593036031,Service Desk,synthetic demo data,synthetic demo data
REQ-0365,Manager Approval,2026-03-20 07:06:35.515892074,Engineering Manager,synthetic demo data,synthetic demo data
REQ-0365,Security Review,2026-03-21 04:54:10.828428549,Security Team,synthetic demo data,synthetic demo data
REQ-0365,Implementation,2026-03-21 22:47:24.879123747,Dev Team,synthetic demo data,synthetic demo data
REQ-0365,QA Verification,2026-03-22 05:18:06.367532759,QA Team,synthetic demo data,synthetic demo data
REQ-0365,Closed - Completed,2026-03-22 07:00:42.130746584,Service Desk,synthetic demo data,synthetic demo data
REQ-0366,Request Submitted,2026-03-09 03:38:50.372452440,Requester,synthetic demo data,synthetic demo data
REQ-0366,Triage,2026-03-09 06:04:57.286698255,Service Desk,synthetic demo data,synthetic demo data
REQ-0366,Assigned to Team,2026-03-09 12:11:51.527857893,Service Desk,synthetic demo data,synthetic demo data
REQ-0366,Manager Approval,2026-03-10 06:21:47.376423023,Engineering Manager,synthetic demo data,synthetic demo data
REQ-0366,Security Review,2026-03-11 10:05:40.468707981,Security Team,synthetic demo data,synthetic demo data
REQ-0366,Implementation,2026-03-11 18:55:32.077313624,Dev Team,synthetic demo data,synthetic demo data
REQ-0366,QA Verification,2026-03-11 20:12:44.221693861,QA Team,synthetic demo data,synthetic demo data
REQ-0366,Closed - Completed,2026-03-11 22:58:58.737309402,Service Desk,synthetic demo data,synthetic demo data
REQ-0367,Request Submitted,2026-06-03 21:26:13.111858136,Requester,synthetic demo data,synthetic demo data
REQ-0367,Triage,2026-06-03 23:25:40.949933724,Service Desk,synthetic demo data,synthetic demo data
REQ-0367,Assigned to Team,2026-06-03 23:50:24.036918882,Service Desk,synthetic demo data,synthetic demo data
REQ-0367,Manager Approval,2026-06-04 12:13:00.191350791,Engineering Manager,synthetic demo data,synthetic demo data
REQ-0367,Security Review,2026-06-05 17:38:56.349665589,Security Team,synthetic demo data,synthetic demo data
REQ-0367,Implementation,2026-06-05 23:46:59.951979081,Dev Team,synthetic demo data,synthetic demo data
REQ-0367,QA Verification,2026-06-06 02:27:24.879849750,QA Team,synthetic demo data,synthetic demo data
REQ-0367,Closed - Completed,2026-06-06 04:41:10.937161800,Service Desk,synthetic demo data,synthetic demo data
REQ-0368,Request Submitted,2026-01-11 14:51:54.119501667,Requester,synthetic demo data,synthetic demo data
REQ-0368,Triage,2026-01-11 17:36:15.693194096,Service Desk,synthetic demo data,synthetic demo data
REQ-0368,Assigned to Team,2026-01-11 18:51:42.333055850,Service Desk,synthetic demo data,synthetic demo data
REQ-0368,Manager Approval,2026-01-12 12:11:11.926336685,Engineering Manager,synthetic demo data,synthetic demo data
REQ-0368,Security Review,2026-01-13 09:34:24.118082308,Security Team,synthetic demo data,synthetic demo data
REQ-0368,Implementation,2026-01-13 21:27:03.619069082,Dev Team,synthetic demo data,synthetic demo data
REQ-0368,QA Verification,2026-01-14 07:09:55.750325172,QA Team,synthetic demo data,synthetic demo data
REQ-0368,Closed - Completed,2026-01-14 08:30:01.528131870,Service Desk,synthetic demo data,synthetic demo data
REQ-0369,Request Submitted,2026-01-18 16:32:42.432225111,Requester,synthetic demo data,synthetic demo data
REQ-0369,Triage,2026-01-18 20:22:16.785873975,Service Desk,synthetic demo data,synthetic demo data
REQ-0369,Assigned to Team,2026-01-18 21:40:14.422336708,Service Desk,synthetic demo data,synthetic demo data
REQ-0369,Manager Approval,2026-01-20 22:16:09.754400611,Engineering Manager,synthetic demo data,synthetic demo data
REQ-0369,Security Review,2026-01-21 12:21:39.604539684,Security Team,synthetic demo data,synthetic demo data
REQ-0369,Implementation,2026-01-22 04:24:50.353488726,Dev Team,synthetic demo data,synthetic demo data
REQ-0369,QA Verification,2026-01-22 12:11:16.617360332,QA Team,synthetic demo data,synthetic demo data
REQ-0369,Closed - Completed,2026-01-22 13:10:18.957854462,Service Desk,synthetic demo data,synthetic demo data
REQ-0370,Request Submitted,2026-01-08 14:35:03.817517970,Requester,synthetic demo data,synthetic demo data
REQ-0370,Triage,2026-01-08 17:38:13.337421386,Service Desk,synthetic demo data,synthetic demo data
REQ-0370,Assigned to Team,2026-01-08 20:31:51.473226073,Service Desk,synthetic demo data,synthetic demo data
REQ-0370,Manager Approval,2026-01-10 03:09:22.250586631,Engineering Manager,synthetic demo data,synthetic demo data
REQ-0370,Security Review,2026-01-11 05:58:52.888844298,Security Team,synthetic demo data,synthetic demo data
REQ-0370,Implementation,2026-01-11 14:30:30.786193253,Dev Team,synthetic demo data,synthetic demo data
REQ-0370,QA Verification,2026-01-11 16:37:40.933712398,QA Team,synthetic demo data,synthetic demo data
REQ-0370,Closed - Completed,2026-01-11 17:48:54.227223693,Service Desk,synthetic demo data,synthetic demo data
REQ-0371,Request Submitted,2026-01-11 18:13:56.429756476,Requester,synthetic demo data,synthetic demo data
REQ-0371,Triage,2026-01-11 21:50:53.966483459,Service Desk,synthetic demo data,synthetic demo data
REQ-0371,Assigned to Team,2026-01-12 02:01:03.425355624,Service Desk,synthetic demo data,synthetic demo data
REQ-0371,Manager Approval,2026-01-13 12:02:22.879711856,Engineering Manager,synthetic demo data,synthetic demo data
REQ-0371,Closed - Rejected,2026-01-13 13:02:22.879711856,Service Desk,synthetic demo data,synthetic demo data
REQ-0372,Request Submitted,2026-02-22 06:32:10.366588410,Requester,synthetic demo data,synthetic demo data
REQ-0372,Triage,2026-02-22 08:22:58.735131480,Service Desk,synthetic demo data,synthetic demo data
REQ-0372,Assigned to Team,2026-02-22 10:08:48.429236246,Service Desk,synthetic demo data,synthetic demo data
REQ-0372,Manager Approval,2026-02-22 22:39:51.801656577,Engineering Manager,synthetic demo data,synthetic demo data
REQ-0372,Security Review,2026-02-23 21:39:58.789633590,Security Team,synthetic demo data,synthetic demo data
REQ-0372,Implementation,2026-02-24 06:24:30.181248410,Dev Team,synthetic demo data,synthetic demo data
REQ-0372,QA Verification,2026-02-24 14:28:16.828081107,QA Team,synthetic demo data,synthetic demo data
REQ-0372,Closed - Completed,2026-02-24 17:01:02.830672319,Service Desk,synthetic demo data,synthetic demo data
REQ-0373,Request Submitted,2026-01-29 03:35:31.433575188,Requester,synthetic demo data,synthetic demo data
REQ-0373,Triage,2026-01-29 05:32:57.774428769,Service Desk,synthetic demo data,synthetic demo data
REQ-0373,Assigned to Team,2026-01-29 09:10:07.387962969,Service Desk,synthetic demo data,synthetic demo data
REQ-0373,Manager Approval,2026-01-30 05:00:09.710067576,Engineering Manager,synthetic demo data,synthetic demo data
REQ-0373,Security Review,2026-01-31 04:19:48.182058283,Security Team,synthetic demo data,synthetic demo data
REQ-0373,Implementation,2026-01-31 15:00:13.396726401,Dev Team,synthetic demo data,synthetic demo data
REQ-0373,QA Verification,2026-01-31 18:59:40.837303221,QA Team,synthetic demo data,synthetic demo data
REQ-0373,Closed - Completed,2026-01-31 21:02:47.432859595,Service Desk,synthetic demo data,synthetic demo data
REQ-0374,Request Submitted,2026-01-12 15:18:25.993639470,Requester,synthetic demo data,synthetic demo data
REQ-0374,Triage,2026-01-12 16:10:56.247961102,Service Desk,synthetic demo data,synthetic demo data
REQ-0374,Assigned to Team,2026-01-12 21:04:51.432557001,Service Desk,synthetic demo data,synthetic demo data
REQ-0374,Manager Approval,2026-01-14 18:00:01.965362891,Engineering Manager,synthetic demo data,synthetic demo data
REQ-0374,Closed - Rejected,2026-01-14 19:00:01.965362891,Service Desk,synthetic demo data,synthetic demo data
REQ-0375,Request Submitted,2026-05-22 16:36:10.240250898,Requester,synthetic demo data,synthetic demo data
REQ-0375,Triage,2026-05-22 18:24:48.955743251,Service Desk,synthetic demo data,synthetic demo data
REQ-0375,Assigned to Team,2026-05-23 01:57:40.472784848,Service Desk,synthetic demo data,synthetic demo data
REQ-0375,Manager Approval,2026-05-24 04:46:32.990250541,Engineering Manager,synthetic demo data,synthetic demo data
REQ-0375,Security Review,2026-05-25 03:04:21.254847435,Security Team,synthetic demo data,synthetic demo data
REQ-0375,Implementation,2026-05-25 09:28:53.252886696,Dev Team,synthetic demo data,synthetic demo data
REQ-0375,QA Verification,2026-05-25 16:35:54.368935347,QA Team,synthetic demo data,synthetic demo data
REQ-0375,Closed - Completed,2026-05-25 19:26:02.582675737,Service Desk,synthetic demo data,synthetic demo data
REQ-0376,Request Submitted,2026-05-17 03:52:55.335383294,Requester,synthetic demo data,synthetic demo data
REQ-0376,Triage,2026-05-17 06:07:16.272807974,Service Desk,synthetic demo data,synthetic demo data
REQ-0376,Assigned to Team,2026-05-17 09:31:36.893892969,Service Desk,synthetic demo data,synthetic demo data
REQ-0376,Manager Approval,2026-05-18 02:48:03.410089477,Engineering Manager,synthetic demo data,synthetic demo data
REQ-0376,Security Review,2026-05-19 02:34:02.780104909,Security Team,synthetic demo data,synthetic demo data
REQ-0376,Implementation,2026-05-19 10:01:52.788125254,Dev Team,synthetic demo data,synthetic demo data
REQ-0376,QA Verification,2026-05-19 14:12:23.799048411,QA Team,synthetic demo data,synthetic demo data
REQ-0376,Closed - Completed,2026-05-19 15:25:48.491179076,Service Desk,synthetic demo data,synthetic demo data
REQ-0377,Request Submitted,2026-01-21 13:22:19.438322591,Requester,synthetic demo data,synthetic demo data
REQ-0377,Triage,2026-01-21 13:54:54.290807778,Service Desk,synthetic demo data,synthetic demo data
REQ-0377,Assigned to Team,2026-01-21 15:52:03.894925222,Service Desk,synthetic demo data,synthetic demo data
REQ-0377,Manager Approval,2026-01-22 21:08:44.875815620,Engineering Manager,synthetic demo data,synthetic demo data
REQ-0377,Security Review,2026-01-23 22:03:56.887672394,Security Team,synthetic demo data,synthetic demo data
REQ-0377,Implementation,2026-01-24 08:17:05.957585238,Dev Team,synthetic demo data,synthetic demo data
REQ-0377,QA Verification,2026-01-24 16:18:53.394744424,QA Team,synthetic demo data,synthetic demo data
REQ-0377,Closed - Completed,2026-01-24 17:40:11.897640529,Service Desk,synthetic demo data,synthetic demo data
REQ-0378,Request Submitted,2026-06-11 01:26:30.923410492,Requester,synthetic demo data,synthetic demo data
REQ-0378,Triage,2026-06-11 02:49:20.208671641,Service Desk,synthetic demo data,synthetic demo data
REQ-0378,Assigned to Team,2026-06-11 04:26:44.580209339,Service Desk,synthetic demo data,synthetic demo data
REQ-0378,Manager Approval,2026-06-11 17:48:29.781937586,Engineering Manager,synthetic demo data,synthetic demo data
REQ-0378,Security Review,2026-06-12 23:23:10.169376585,Security Team,synthetic demo data,synthetic demo data
REQ-0378,Implementation,2026-06-13 10:08:26.177870680,Dev Team,synthetic demo data,synthetic demo data
REQ-0378,QA Verification,2026-06-13 19:04:14.163866443,QA Team,synthetic demo data,synthetic demo data
REQ-0378,Closed - Completed,2026-06-13 21:06:35.690904130,Service Desk,synthetic demo data,synthetic demo data
REQ-0379,Request Submitted,2026-03-26 10:31:03.241626780,Requester,synthetic demo data,synthetic demo data
REQ-0379,Triage,2026-03-26 13:22:50.356691743,Service Desk,synthetic demo data,synthetic demo data
REQ-0379,Assigned to Team,2026-03-26 16:38:46.803773770,Service Desk,synthetic demo data,synthetic demo data
REQ-0379,Manager Approval,2026-03-28 07:25:33.127621287,Engineering Manager,synthetic demo data,synthetic demo data
REQ-0379,Security Review,2026-03-29 06:50:45.882510462,Security Team,synthetic demo data,synthetic demo data
REQ-0379,Implementation,2026-03-29 10:53:52.288285130,Dev Team,synthetic demo data,synthetic demo data
REQ-0379,QA Verification,2026-03-29 12:24:13.458710906,QA Team,synthetic demo data,synthetic demo data
REQ-0379,Closed - Completed,2026-03-29 13:41:30.063712647,Service Desk,synthetic demo data,synthetic demo data
REQ-0380,Request Submitted,2026-04-12 03:10:02.939020880,Requester,synthetic demo data,synthetic demo data
REQ-0380,Triage,2026-04-12 03:47:58.346822305,Service Desk,synthetic demo data,synthetic demo data
REQ-0380,Assigned to Team,2026-04-12 05:19:40.410237976,Service Desk,synthetic demo data,synthetic demo data
REQ-0380,Manager Approval,2026-04-13 01:12:09.331666557,Engineering Manager,synthetic demo data,synthetic demo data
REQ-0380,Closed - Rejected,2026-04-13 02:12:09.331666557,Service Desk,synthetic demo data,synthetic demo data
REQ-0381,Request Submitted,2026-03-27 05:59:52.735879199,Requester,synthetic demo data,synthetic demo data
REQ-0381,Triage,2026-03-27 06:34:33.349521094,Service Desk,synthetic demo data,synthetic demo data
REQ-0381,Assigned to Team,2026-03-27 08:20:35.438920493,Service Desk,synthetic demo data,synthetic demo data
REQ-0381,Manager Approval,2026-03-28 15:33:02.632266233,Engineering Manager,synthetic demo data,synthetic demo data
REQ-0381,Security Review,2026-03-29 00:55:31.375658219,Security Team,synthetic demo data,synthetic demo data
REQ-0381,Implementation,2026-03-29 08:27:43.805114625,Dev Team,synthetic demo data,synthetic demo data
REQ-0381,QA Verification,2026-03-29 17:38:16.175528956,QA Team,synthetic demo data,synthetic demo data
REQ-0381,Closed - Completed,2026-03-29 18:20:09.768474267,Service Desk,synthetic demo data,synthetic demo data
REQ-0382,Request Submitted,2026-04-25 20:58:22.624209372,Requester,synthetic demo data,synthetic demo data
REQ-0382,Triage,2026-04-25 22:33:16.858004062,Service Desk,synthetic demo data,synthetic demo data
REQ-0382,Assigned to Team,2026-04-26 00:41:39.041673426,Service Desk,synthetic demo data,synthetic demo data
REQ-0382,Manager Approval,2026-04-27 22:58:59.230714472,Engineering Manager,synthetic demo data,synthetic demo data
REQ-0382,Security Review,2026-04-28 16:13:38.283355793,Security Team,synthetic demo data,synthetic demo data
REQ-0382,Implementation,2026-04-29 04:38:43.011718753,Dev Team,synthetic demo data,synthetic demo data
REQ-0382,QA Verification,2026-04-29 11:55:55.837942926,QA Team,synthetic demo data,synthetic demo data
REQ-0382,Closed - Completed,2026-04-29 13:35:21.597192450,Service Desk,synthetic demo data,synthetic demo data
REQ-0383,Request Submitted,2026-01-07 10:11:42.240784574,Requester,synthetic demo data,synthetic demo data
REQ-0383,Triage,2026-01-07 13:12:57.418940182,Service Desk,synthetic demo data,synthetic demo data
REQ-0383,Assigned to Team,2026-01-07 15:23:36.353035710,Service Desk,synthetic demo data,synthetic demo data
REQ-0383,Manager Approval,2026-01-08 21:58:13.138801503,Engineering Manager,synthetic demo data,synthetic demo data
REQ-0383,Security Review,2026-01-09 17:25:00.030782312,Security Team,synthetic demo data,synthetic demo data
REQ-0383,Implementation,2026-01-10 04:13:59.764021924,Dev Team,synthetic demo data,synthetic demo data
REQ-0383,QA Verification,2026-01-10 07:09:27.828721926,QA Team,synthetic demo data,synthetic demo data
REQ-0383,Closed - Completed,2026-01-10 10:10:28.946095582,Service Desk,synthetic demo data,synthetic demo data
REQ-0384,Request Submitted,2026-03-04 20:51:28.247140179,Requester,synthetic demo data,synthetic demo data
REQ-0384,Triage,2026-03-05 00:03:57.993311908,Service Desk,synthetic demo data,synthetic demo data
REQ-0384,Assigned to Team,2026-03-05 06:25:02.095948215,Service Desk,synthetic demo data,synthetic demo data
REQ-0384,Manager Approval,2026-03-07 02:26:34.528013505,Engineering Manager,synthetic demo data,synthetic demo data
REQ-0384,Security Review,2026-03-08 11:17:08.834471642,Security Team,synthetic demo data,synthetic demo data
REQ-0384,Implementation,2026-03-08 19:37:38.182366719,Dev Team,synthetic demo data,synthetic demo data
REQ-0384,QA Verification,2026-03-08 20:38:33.929233543,QA Team,synthetic demo data,synthetic demo data
REQ-0384,Closed - Completed,2026-03-08 20:50:33.929233543,Service Desk,synthetic demo data,synthetic demo data
REQ-0385,Request Submitted,2026-01-06 03:23:22.983494791,Requester,synthetic demo data,synthetic demo data
REQ-0385,Triage,2026-01-06 04:28:30.508892812,Service Desk,synthetic demo data,synthetic demo data
REQ-0385,Assigned to Team,2026-01-06 07:22:51.676799381,Service Desk,synthetic demo data,synthetic demo data
REQ-0385,Manager Approval,2026-01-07 21:59:57.175307589,Engineering Manager,synthetic demo data,synthetic demo data
REQ-0385,Security Review,2026-01-08 04:55:27.830792495,Security Team,synthetic demo data,synthetic demo data
REQ-0385,Implementation,2026-01-08 11:07:43.993060457,Dev Team,synthetic demo data,synthetic demo data
REQ-0385,QA Verification,2026-01-08 21:39:30.596438156,QA Team,synthetic demo data,synthetic demo data
REQ-0385,Closed - Completed,2026-01-08 22:34:59.558269359,Service Desk,synthetic demo data,synthetic demo data
REQ-0386,Request Submitted,2026-06-17 09:14:15.725652362,Requester,synthetic demo data,synthetic demo data
REQ-0386,Triage,2026-06-17 11:47:00.583187821,Service Desk,synthetic demo data,synthetic demo data
REQ-0386,Assigned to Team,2026-06-17 16:25:46.151726716,Service Desk,synthetic demo data,synthetic demo data
REQ-0386,Manager Approval,2026-06-19 08:48:26.752782761,Engineering Manager,synthetic demo data,synthetic demo data
REQ-0386,Security Review,2026-06-20 12:59:23.523894490,Security Team,synthetic demo data,synthetic demo data
REQ-0386,Implementation,2026-06-20 16:23:00.577013415,Dev Team,synthetic demo data,synthetic demo data
REQ-0386,QA Verification,2026-06-21 01:43:28.101846221,QA Team,synthetic demo data,synthetic demo data
REQ-0386,Closed - Completed,2026-06-21 02:52:18.406633535,Service Desk,synthetic demo data,synthetic demo data
REQ-0387,Request Submitted,2026-02-26 09:29:01.794344089,Requester,synthetic demo data,synthetic demo data
REQ-0387,Triage,2026-02-26 11:58:08.235556019,Service Desk,synthetic demo data,synthetic demo data
REQ-0387,Assigned to Team,2026-02-26 15:28:27.801606744,Service Desk,synthetic demo data,synthetic demo data
REQ-0387,Manager Approval,2026-02-27 09:39:39.778689097,Engineering Manager,synthetic demo data,synthetic demo data
REQ-0387,Closed - Rejected,2026-02-27 10:39:39.778689097,Service Desk,synthetic demo data,synthetic demo data
REQ-0388,Request Submitted,2026-04-19 03:36:27.188680824,Requester,synthetic demo data,synthetic demo data
REQ-0388,Triage,2026-04-19 05:47:36.193159892,Service Desk,synthetic demo data,synthetic demo data
REQ-0388,Assigned to Team,2026-04-19 10:31:02.828101064,Service Desk,synthetic demo data,synthetic demo data
REQ-0388,Manager Approval,2026-04-20 15:53:28.288217995,Engineering Manager,synthetic demo data,synthetic demo data
REQ-0388,Security Review,2026-04-20 23:14:40.962932061,Security Team,synthetic demo data,synthetic demo data
REQ-0388,Implementation,2026-04-21 11:06:33.230338520,Dev Team,synthetic demo data,synthetic demo data
REQ-0388,QA Verification,2026-04-21 15:59:53.227754180,QA Team,synthetic demo data,synthetic demo data
REQ-0388,Closed - Completed,2026-04-21 18:20:24.440200895,Service Desk,synthetic demo data,synthetic demo data
REQ-0389,Request Submitted,2026-02-14 01:21:06.716036578,Requester,synthetic demo data,synthetic demo data
REQ-0389,Triage,2026-02-14 02:28:31.082669518,Service Desk,synthetic demo data,synthetic demo data
REQ-0389,Assigned to Team,2026-02-14 04:58:08.961997344,Service Desk,synthetic demo data,synthetic demo data
REQ-0389,Manager Approval,2026-02-15 12:28:24.376613288,Engineering Manager,synthetic demo data,synthetic demo data
REQ-0389,Security Review,2026-02-15 22:38:37.669215670,Security Team,synthetic demo data,synthetic demo data
REQ-0389,Implementation,2026-02-16 07:57:57.150427331,Dev Team,synthetic demo data,synthetic demo data
REQ-0389,QA Verification,2026-02-16 18:48:05.783583979,QA Team,synthetic demo data,synthetic demo data
REQ-0389,Closed - Completed,2026-02-16 20:18:40.119805481,Service Desk,synthetic demo data,synthetic demo data
REQ-0390,Request Submitted,2026-01-29 17:50:18.734662415,Requester,synthetic demo data,synthetic demo data
REQ-0390,Triage,2026-01-29 19:47:58.589540669,Service Desk,synthetic demo data,synthetic demo data
REQ-0390,Assigned to Team,2026-01-29 22:19:48.161196667,Service Desk,synthetic demo data,synthetic demo data
REQ-0390,Manager Approval,2026-01-30 16:52:15.882035183,Engineering Manager,synthetic demo data,synthetic demo data
REQ-0390,Closed - Rejected,2026-01-30 17:52:15.882035183,Service Desk,synthetic demo data,synthetic demo data
REQ-0391,Request Submitted,2026-04-16 12:10:45.712383480,Requester,synthetic demo data,synthetic demo data
REQ-0391,Triage,2026-04-16 14:00:06.793429943,Service Desk,synthetic demo data,synthetic demo data
REQ-0391,Assigned to Team,2026-04-16 16:26:09.951906082,Service Desk,synthetic demo data,synthetic demo data
REQ-0391,Manager Approval,2026-04-16 19:36:02.431969122,Engineering Manager,synthetic demo data,synthetic demo data
REQ-0391,Security Review,2026-04-17 05:24:46.071310628,Security Team,synthetic demo data,synthetic demo data
REQ-0391,Implementation,2026-04-17 17:15:25.817510759,Dev Team,synthetic demo data,synthetic demo data
REQ-0391,QA Verification,2026-04-17 17:27:25.817510759,QA Team,synthetic demo data,synthetic demo data
REQ-0391,Closed - Completed,2026-04-17 18:41:27.082252142,Service Desk,synthetic demo data,synthetic demo data
REQ-0392,Request Submitted,2026-04-11 06:47:23.036232529,Requester,synthetic demo data,synthetic demo data
REQ-0392,Triage,2026-04-11 09:33:30.009788315,Service Desk,synthetic demo data,synthetic demo data
REQ-0392,Assigned to Team,2026-04-11 11:43:21.288942228,Service Desk,synthetic demo data,synthetic demo data
REQ-0392,Manager Approval,2026-04-13 11:59:08.779276851,Engineering Manager,synthetic demo data,synthetic demo data
REQ-0392,Security Review,2026-04-14 01:19:16.066692614,Security Team,synthetic demo data,synthetic demo data
REQ-0392,Implementation,2026-04-14 13:21:27.103866383,Dev Team,synthetic demo data,synthetic demo data
REQ-0392,QA Verification,2026-04-14 15:16:51.229610414,QA Team,synthetic demo data,synthetic demo data
REQ-0392,Closed - Completed,2026-04-14 18:21:14.957804854,Service Desk,synthetic demo data,synthetic demo data
REQ-0393,Request Submitted,2026-02-28 19:58:23.759579413,Requester,synthetic demo data,synthetic demo data
REQ-0393,Triage,2026-02-28 21:45:22.042572338,Service Desk,synthetic demo data,synthetic demo data
REQ-0393,Assigned to Team,2026-03-01 01:10:19.701142827,Service Desk,synthetic demo data,synthetic demo data
REQ-0393,Manager Approval,2026-03-02 00:14:44.380244331,Engineering Manager,synthetic demo data,synthetic demo data
REQ-0393,Security Review,2026-03-03 01:13:52.473838579,Security Team,synthetic demo data,synthetic demo data
REQ-0393,Implementation,2026-03-03 06:53:57.361913816,Dev Team,synthetic demo data,synthetic demo data
REQ-0393,QA Verification,2026-03-03 14:45:37.383768274,QA Team,synthetic demo data,synthetic demo data
REQ-0393,Closed - Completed,2026-03-03 17:12:09.383191605,Service Desk,synthetic demo data,synthetic demo data
REQ-0394,Request Submitted,2026-04-01 16:18:50.732044606,Requester,synthetic demo data,synthetic demo data
REQ-0394,Triage,2026-04-01 18:27:56.278909360,Service Desk,synthetic demo data,synthetic demo data
REQ-0394,Assigned to Team,2026-04-01 22:17:27.649121741,Service Desk,synthetic demo data,synthetic demo data
REQ-0394,Manager Approval,2026-04-04 09:09:22.326419414,Engineering Manager,synthetic demo data,synthetic demo data
REQ-0394,Security Review,2026-04-05 13:36:39.548085675,Security Team,synthetic demo data,synthetic demo data
REQ-0394,Implementation,2026-04-06 01:30:53.803363023,Dev Team,synthetic demo data,synthetic demo data
REQ-0394,QA Verification,2026-04-06 16:46:49.735067514,QA Team,synthetic demo data,synthetic demo data
REQ-0394,Closed - Completed,2026-04-06 19:17:47.185583878,Service Desk,synthetic demo data,synthetic demo data
REQ-0395,Request Submitted,2026-04-10 14:30:57.739398379,Requester,synthetic demo data,synthetic demo data
REQ-0395,Triage,2026-04-10 15:30:25.461879061,Service Desk,synthetic demo data,synthetic demo data
REQ-0395,Assigned to Team,2026-04-10 17:50:28.393042399,Service Desk,synthetic demo data,synthetic demo data
REQ-0395,Manager Approval,2026-04-11 16:45:17.462001105,Engineering Manager,synthetic demo data,synthetic demo data
REQ-0395,Security Review,2026-04-12 18:35:00.154863018,Security Team,synthetic demo data,synthetic demo data
REQ-0395,Implementation,2026-04-13 01:53:12.041167032,Dev Team,synthetic demo data,synthetic demo data
REQ-0395,QA Verification,2026-04-13 08:18:04.854162154,QA Team,synthetic demo data,synthetic demo data
REQ-0395,Closed - Completed,2026-04-13 11:23:19.690794688,Service Desk,synthetic demo data,synthetic demo data
REQ-0396,Request Submitted,2026-06-24 17:09:12.794386014,Requester,synthetic demo data,synthetic demo data
REQ-0396,Triage,2026-06-24 18:29:00.812037252,Service Desk,synthetic demo data,synthetic demo data
REQ-0396,Assigned to Team,2026-06-24 23:11:11.295588179,Service Desk,synthetic demo data,synthetic demo data
REQ-0396,Manager Approval,2026-06-26 16:01:15.411106036,Engineering Manager,synthetic demo data,synthetic demo data
REQ-0396,Closed - Rejected,2026-06-26 17:01:15.411106036,Service Desk,synthetic demo data,synthetic demo data
REQ-0397,Request Submitted,2026-01-21 04:56:04.541490582,Requester,synthetic demo data,synthetic demo data
REQ-0397,Triage,2026-01-21 07:06:00.397153842,Service Desk,synthetic demo data,synthetic demo data
REQ-0397,Assigned to Team,2026-01-21 11:16:06.077626295,Service Desk,synthetic demo data,synthetic demo data
REQ-0397,Manager Approval,2026-01-23 06:00:35.192971259,Engineering Manager,synthetic demo data,synthetic demo data
REQ-0397,Security Review,2026-01-24 04:33:53.747409344,Security Team,synthetic demo data,synthetic demo data
REQ-0397,Implementation,2026-01-24 14:54:21.311860911,Dev Team,synthetic demo data,synthetic demo data
REQ-0397,QA Verification,2026-01-24 21:05:53.989326595,QA Team,synthetic demo data,synthetic demo data
REQ-0397,Closed - Completed,2026-01-24 22:25:28.123249144,Service Desk,synthetic demo data,synthetic demo data
REQ-0398,Request Submitted,2026-04-03 05:40:59.634393239,Requester,synthetic demo data,synthetic demo data
REQ-0398,Triage,2026-04-03 07:38:54.789093172,Service Desk,synthetic demo data,synthetic demo data
REQ-0398,Assigned to Team,2026-04-03 07:50:54.789093172,Service Desk,synthetic demo data,synthetic demo data
REQ-0398,Manager Approval,2026-04-04 08:17:01.629012728,Engineering Manager,synthetic demo data,synthetic demo data
REQ-0398,Security Review,2026-04-05 04:47:22.692172816,Security Team,synthetic demo data,synthetic demo data
REQ-0398,Implementation,2026-04-05 11:39:50.964289373,Dev Team,synthetic demo data,synthetic demo data
REQ-0398,QA Verification,2026-04-05 16:55:25.267297847,QA Team,synthetic demo data,synthetic demo data
REQ-0398,Closed - Completed,2026-04-05 19:24:42.036232743,Service Desk,synthetic demo data,synthetic demo data
REQ-0399,Request Submitted,2026-02-12 03:35:15.324336540,Requester,synthetic demo data,synthetic demo data
REQ-0399,Triage,2026-02-12 05:14:21.913089527,Service Desk,synthetic demo data,synthetic demo data
REQ-0399,Assigned to Team,2026-02-12 09:23:08.130879236,Service Desk,synthetic demo data,synthetic demo data
REQ-0399,Manager Approval,2026-02-14 15:00:40.804069362,Engineering Manager,synthetic demo data,synthetic demo data
REQ-0399,Security Review,2026-02-15 18:03:01.759016031,Security Team,synthetic demo data,synthetic demo data
REQ-0399,Implementation,2026-02-15 20:10:38.760873919,Dev Team,synthetic demo data,synthetic demo data
REQ-0399,QA Verification,2026-02-16 01:28:49.194688649,QA Team,synthetic demo data,synthetic demo data
REQ-0399,Closed - Completed,2026-02-16 03:44:13.078460542,Service Desk,synthetic demo data,synthetic demo data
REQ-0400,Request Submitted,2026-01-29 03:06:16.599813149,Requester,synthetic demo data,synthetic demo data
REQ-0400,Triage,2026-01-29 04:11:15.223605890,Service Desk,synthetic demo data,synthetic demo data
REQ-0400,Assigned to Team,2026-01-29 07:17:05.916278664,Service Desk,synthetic demo data,synthetic demo data
REQ-0400,Manager Approval,2026-01-30 19:10:10.186899380,Engineering Manager,synthetic demo data,synthetic demo data
REQ-0400,Security Review,2026-01-31 22:36:01.925786418,Security Team,synthetic demo data,synthetic demo data
REQ-0400,Implementation,2026-02-01 03:22:39.584187193,Dev Team,synthetic demo data,synthetic demo data
REQ-0400,QA Verification,2026-02-01 08:20:31.890020969,QA Team,synthetic demo data,synthetic demo data
REQ-0400,Closed - Completed,2026-02-01 08:32:31.890020969,Service Desk,synthetic demo data,synthetic demo data
REQ-0401,Request Submitted,2026-02-14 23:56:07.080254556,Requester,synthetic demo data,synthetic demo data
REQ-0401,Triage,2026-02-15 01:24:39.186639860,Service Desk,synthetic demo data,synthetic demo data
REQ-0401,Assigned to Team,2026-02-15 02:52:53.430295755,Service Desk,synthetic demo data,synthetic demo data
REQ-0401,Manager Approval,2026-02-16 11:12:00.282667480,Engineering Manager,synthetic demo data,synthetic demo data
REQ-0401,Closed - Rejected,2026-02-16 12:12:00.282667480,Service Desk,synthetic demo data,synthetic demo data
REQ-0402,Request Submitted,2026-01-02 15:36:31.428051031,Requester,synthetic demo data,synthetic demo data
REQ-0402,Triage,2026-01-02 17:49:27.256740517,Service Desk,synthetic demo data,synthetic demo data
REQ-0402,Assigned to Team,2026-01-02 19:25:54.306434256,Service Desk,synthetic demo data,synthetic demo data
REQ-0402,Manager Approval,2026-01-04 08:13:53.029977457,Engineering Manager,synthetic demo data,synthetic demo data
REQ-0402,Security Review,2026-01-04 16:41:41.049551048,Security Team,synthetic demo data,synthetic demo data
REQ-0402,Implementation,2026-01-05 00:48:53.143705893,Dev Team,synthetic demo data,synthetic demo data
REQ-0402,QA Verification,2026-01-05 05:57:54.979753918,QA Team,synthetic demo data,synthetic demo data
REQ-0402,Closed - Completed,2026-01-05 08:16:06.146539739,Service Desk,synthetic demo data,synthetic demo data
REQ-0403,Request Submitted,2026-05-16 13:16:58.374826462,Requester,synthetic demo data,synthetic demo data
REQ-0403,Triage,2026-05-16 13:44:47.794495902,Service Desk,synthetic demo data,synthetic demo data
REQ-0403,Assigned to Team,2026-05-16 14:31:50.871493212,Service Desk,synthetic demo data,synthetic demo data
REQ-0403,Manager Approval,2026-05-17 12:21:22.969762964,Engineering Manager,synthetic demo data,synthetic demo data
REQ-0403,Security Review,2026-05-18 08:16:54.701523645,Security Team,synthetic demo data,synthetic demo data
REQ-0403,Implementation,2026-05-18 13:50:55.931083977,Dev Team,synthetic demo data,synthetic demo data
REQ-0403,QA Verification,2026-05-18 21:43:28.219934235,QA Team,synthetic demo data,synthetic demo data
REQ-0403,Closed - Completed,2026-05-18 23:26:43.024625072,Service Desk,synthetic demo data,synthetic demo data
REQ-0404,Request Submitted,2026-06-18 03:16:54.904436874,Requester,synthetic demo data,synthetic demo data
REQ-0404,Triage,2026-06-18 05:30:27.999847613,Service Desk,synthetic demo data,synthetic demo data
REQ-0404,Assigned to Team,2026-06-18 08:59:42.377329265,Service Desk,synthetic demo data,synthetic demo data
REQ-0404,Manager Approval,2026-06-20 17:17:32.685581718,Engineering Manager,synthetic demo data,synthetic demo data
REQ-0404,Security Review,2026-06-21 07:16:20.022965607,Security Team,synthetic demo data,synthetic demo data
REQ-0404,Implementation,2026-06-21 14:58:41.930238705,Dev Team,synthetic demo data,synthetic demo data
REQ-0404,QA Verification,2026-06-21 22:15:24.068864354,QA Team,synthetic demo data,synthetic demo data
REQ-0404,Closed - Completed,2026-06-22 00:13:59.746211231,Service Desk,synthetic demo data,synthetic demo data
REQ-0405,Request Submitted,2026-05-23 02:50:59.304331924,Requester,synthetic demo data,synthetic demo data
REQ-0405,Triage,2026-05-23 04:20:20.299919333,Service Desk,synthetic demo data,synthetic demo data
REQ-0405,Assigned to Team,2026-05-23 05:43:42.306890656,Service Desk,synthetic demo data,synthetic demo data
REQ-0405,Manager Approval,2026-05-23 11:33:21.330162017,Engineering Manager,synthetic demo data,synthetic demo data
REQ-0405,Security Review,2026-05-24 00:23:41.335691890,Security Team,synthetic demo data,synthetic demo data
REQ-0405,Implementation,2026-05-24 04:12:23.214912853,Dev Team,synthetic demo data,synthetic demo data
REQ-0405,QA Verification,2026-05-24 11:57:28.109602016,QA Team,synthetic demo data,synthetic demo data
REQ-0405,Closed - Completed,2026-05-24 14:33:32.040216707,Service Desk,synthetic demo data,synthetic demo data
REQ-0406,Request Submitted,2026-04-09 20:32:28.172618985,Requester,synthetic demo data,synthetic demo data
REQ-0406,Triage,2026-04-09 20:44:28.172618985,Service Desk,synthetic demo data,synthetic demo data
REQ-0406,Assigned to Team,2026-04-09 22:59:58.736887998,Service Desk,synthetic demo data,synthetic demo data
REQ-0406,Manager Approval,2026-04-11 10:35:07.424683396,Engineering Manager,synthetic demo data,synthetic demo data
REQ-0406,Security Review,2026-04-12 14:00:35.412306892,Security Team,synthetic demo data,synthetic demo data
REQ-0406,Implementation,2026-04-12 19:09:27.534330537,Dev Team,synthetic demo data,synthetic demo data
REQ-0406,QA Verification,2026-04-13 04:18:47.566824234,QA Team,synthetic demo data,synthetic demo data
REQ-0406,Closed - Completed,2026-04-13 04:47:51.075906785,Service Desk,synthetic demo data,synthetic demo data
REQ-0407,Request Submitted,2026-04-11 17:04:59.828616297,Requester,synthetic demo data,synthetic demo data
REQ-0407,Triage,2026-04-11 20:45:15.865039124,Service Desk,synthetic demo data,synthetic demo data
REQ-0407,Assigned to Team,2026-04-12 00:29:40.397775315,Service Desk,synthetic demo data,synthetic demo data
REQ-0407,Manager Approval,2026-04-13 05:55:47.141494000,Engineering Manager,synthetic demo data,synthetic demo data
REQ-0407,Security Review,2026-04-13 06:10:23.188106680,Security Team,synthetic demo data,synthetic demo data
REQ-0407,Implementation,2026-04-13 06:22:23.188106680,Dev Team,synthetic demo data,synthetic demo data
REQ-0407,QA Verification,2026-04-13 12:45:40.811105155,QA Team,synthetic demo data,synthetic demo data
REQ-0407,Closed - Completed,2026-04-13 14:24:11.785494698,Service Desk,synthetic demo data,synthetic demo data
REQ-0408,Request Submitted,2026-05-09 10:41:09.942083352,Requester,synthetic demo data,synthetic demo data
REQ-0408,Triage,2026-05-09 12:48:04.415006380,Service Desk,synthetic demo data,synthetic demo data
REQ-0408,Assigned to Team,2026-05-09 17:13:04.260696497,Service Desk,synthetic demo data,synthetic demo data
REQ-0408,Manager Approval,2026-05-11 01:07:49.015760337,Engineering Manager,synthetic demo data,synthetic demo data
REQ-0408,Security Review,2026-05-12 08:11:08.993294371,Security Team,synthetic demo data,synthetic demo data
REQ-0408,Implementation,2026-05-12 16:13:04.107319873,Dev Team,synthetic demo data,synthetic demo data
REQ-0408,QA Verification,2026-05-12 21:52:18.489375953,QA Team,synthetic demo data,synthetic demo data
REQ-0408,Closed - Completed,2026-05-13 00:56:10.013246442,Service Desk,synthetic demo data,synthetic demo data
REQ-0409,Request Submitted,2026-04-12 10:54:44.852081697,Requester,synthetic demo data,synthetic demo data
REQ-0409,Triage,2026-04-12 13:17:15.779003097,Service Desk,synthetic demo data,synthetic demo data
REQ-0409,Assigned to Team,2026-04-12 16:51:32.256968420,Service Desk,synthetic demo data,synthetic demo data
REQ-0409,Manager Approval,2026-04-14 06:12:37.094056638,Engineering Manager,synthetic demo data,synthetic demo data
REQ-0409,Security Review,2026-04-15 19:06:16.315857383,Security Team,synthetic demo data,synthetic demo data
REQ-0409,Implementation,2026-04-16 06:16:28.422585468,Dev Team,synthetic demo data,synthetic demo data
REQ-0409,QA Verification,2026-04-16 07:27:33.818012225,QA Team,synthetic demo data,synthetic demo data
REQ-0409,Closed - Completed,2026-04-16 10:51:46.311397388,Service Desk,synthetic demo data,synthetic demo data
REQ-0410,Request Submitted,2026-06-14 18:41:24.009142518,Requester,synthetic demo data,synthetic demo data
REQ-0410,Triage,2026-06-14 19:24:38.694842687,Service Desk,synthetic demo data,synthetic demo data
REQ-0410,Assigned to Team,2026-06-14 23:12:00.185740556,Service Desk,synthetic demo data,synthetic demo data
REQ-0410,Manager Approval,2026-06-15 20:04:50.921521151,Engineering Manager,synthetic demo data,synthetic demo data
REQ-0410,Security Review,2026-06-16 16:58:56.417792139,Security Team,synthetic demo data,synthetic demo data
REQ-0410,Implementation,2026-06-16 23:50:45.392114943,Dev Team,synthetic demo data,synthetic demo data
REQ-0410,QA Verification,2026-06-17 11:37:15.530373690,QA Team,synthetic demo data,synthetic demo data
REQ-0410,Closed - Completed,2026-06-17 15:36:11.667454214,Service Desk,synthetic demo data,synthetic demo data
REQ-0411,Request Submitted,2026-03-09 22:39:44.292852357,Requester,synthetic demo data,synthetic demo data
REQ-0411,Triage,2026-03-10 00:17:19.898173498,Service Desk,synthetic demo data,synthetic demo data
REQ-0411,Assigned to Team,2026-03-10 04:56:52.332147613,Service Desk,synthetic demo data,synthetic demo data
REQ-0411,Manager Approval,2026-03-11 06:20:34.770682810,Engineering Manager,synthetic demo data,synthetic demo data
REQ-0411,Security Review,2026-03-11 22:33:03.442984289,Security Team,synthetic demo data,synthetic demo data
REQ-0411,Implementation,2026-03-12 10:27:55.180221064,Dev Team,synthetic demo data,synthetic demo data
REQ-0411,QA Verification,2026-03-12 14:51:01.549991644,QA Team,synthetic demo data,synthetic demo data
REQ-0411,Closed - Completed,2026-03-12 16:48:45.631867629,Service Desk,synthetic demo data,synthetic demo data
REQ-0412,Request Submitted,2026-03-26 14:24:49.451815766,Requester,synthetic demo data,synthetic demo data
REQ-0412,Triage,2026-03-26 17:08:05.863157845,Service Desk,synthetic demo data,synthetic demo data
REQ-0412,Assigned to Team,2026-03-26 22:19:39.578662600,Service Desk,synthetic demo data,synthetic demo data
REQ-0412,Manager Approval,2026-03-27 16:28:56.030999262,Engineering Manager,synthetic demo data,synthetic demo data
REQ-0412,Security Review,2026-03-28 14:36:32.937736975,Security Team,synthetic demo data,synthetic demo data
REQ-0412,Closed - Cancelled,2026-03-28 15:36:32.937736975,Service Desk,synthetic demo data,synthetic demo data
REQ-0413,Request Submitted,2026-02-25 00:28:37.397595907,Requester,synthetic demo data,synthetic demo data
REQ-0413,Triage,2026-02-25 03:14:57.358914376,Service Desk,synthetic demo data,synthetic demo data
REQ-0413,Assigned to Team,2026-02-25 06:24:07.190225133,Service Desk,synthetic demo data,synthetic demo data
REQ-0413,Manager Approval,2026-02-25 16:37:30.082686031,Engineering Manager,synthetic demo data,synthetic demo data
REQ-0413,Security Review,2026-02-26 00:47:23.139666607,Security Team,synthetic demo data,synthetic demo data
REQ-0413,Implementation,2026-02-26 03:15:54.379053139,Dev Team,synthetic demo data,synthetic demo data
REQ-0413,QA Verification,2026-02-26 10:44:22.067024486,QA Team,synthetic demo data,synthetic demo data
REQ-0413,Closed - Completed,2026-02-26 14:48:12.087352850,Service Desk,synthetic demo data,synthetic demo data
REQ-0414,Request Submitted,2026-01-21 23:24:13.600639015,Requester,synthetic demo data,synthetic demo data
REQ-0414,Triage,2026-01-22 02:49:29.474016066,Service Desk,synthetic demo data,synthetic demo data
REQ-0414,Assigned to Team,2026-01-22 07:13:46.036267945,Service Desk,synthetic demo data,synthetic demo data
REQ-0414,Manager Approval,2026-01-22 15:35:42.919013295,Engineering Manager,synthetic demo data,synthetic demo data
REQ-0414,Security Review,2026-01-23 08:51:59.186631874,Security Team,synthetic demo data,synthetic demo data
REQ-0414,Implementation,2026-01-23 21:14:54.709357413,Dev Team,synthetic demo data,synthetic demo data
REQ-0414,QA Verification,2026-01-24 04:53:59.391275508,QA Team,synthetic demo data,synthetic demo data
REQ-0414,Closed - Completed,2026-01-24 05:35:26.649086911,Service Desk,synthetic demo data,synthetic demo data
REQ-0415,Request Submitted,2026-06-16 00:38:17.565902112,Requester,synthetic demo data,synthetic demo data
REQ-0415,Triage,2026-06-16 02:24:55.406069386,Service Desk,synthetic demo data,synthetic demo data
REQ-0415,Assigned to Team,2026-06-16 07:07:20.372624146,Service Desk,synthetic demo data,synthetic demo data
REQ-0415,Manager Approval,2026-06-17 13:22:47.441088940,Engineering Manager,synthetic demo data,synthetic demo data
REQ-0415,Security Review,2026-06-18 04:53:21.864470172,Security Team,synthetic demo data,synthetic demo data
REQ-0415,Implementation,2026-06-18 16:26:48.450524493,Dev Team,synthetic demo data,synthetic demo data
REQ-0415,QA Verification,2026-06-19 01:22:15.770127428,QA Team,synthetic demo data,synthetic demo data
REQ-0415,Closed - Completed,2026-06-19 04:40:51.913021749,Service Desk,synthetic demo data,synthetic demo data
REQ-0416,Request Submitted,2026-06-04 07:22:05.243722452,Requester,synthetic demo data,synthetic demo data
REQ-0416,Triage,2026-06-04 10:06:03.714529227,Service Desk,synthetic demo data,synthetic demo data
REQ-0416,Assigned to Team,2026-06-04 13:29:57.569234455,Service Desk,synthetic demo data,synthetic demo data
REQ-0416,Manager Approval,2026-06-05 20:45:08.822822551,Engineering Manager,synthetic demo data,synthetic demo data
REQ-0416,Security Review,2026-06-06 14:37:01.607923795,Security Team,synthetic demo data,synthetic demo data
REQ-0416,Implementation,2026-06-06 17:46:03.504503734,Dev Team,synthetic demo data,synthetic demo data
REQ-0416,QA Verification,2026-06-06 20:54:06.140208480,QA Team,synthetic demo data,synthetic demo data
REQ-0416,Closed - Completed,2026-06-06 22:37:10.888073513,Service Desk,synthetic demo data,synthetic demo data
REQ-0417,Request Submitted,2026-03-11 00:54:50.182187304,Requester,synthetic demo data,synthetic demo data
REQ-0417,Triage,2026-03-11 02:52:19.712166952,Service Desk,synthetic demo data,synthetic demo data
REQ-0417,Assigned to Team,2026-03-11 07:22:38.484137691,Service Desk,synthetic demo data,synthetic demo data
REQ-0417,Manager Approval,2026-03-13 04:29:15.993221869,Engineering Manager,synthetic demo data,synthetic demo data
REQ-0417,Security Review,2026-03-13 22:24:17.116976752,Security Team,synthetic demo data,synthetic demo data
REQ-0417,Implementation,2026-03-14 08:47:00.656020482,Dev Team,synthetic demo data,synthetic demo data
REQ-0417,QA Verification,2026-03-14 14:03:10.553169853,QA Team,synthetic demo data,synthetic demo data
REQ-0417,Closed - Completed,2026-03-14 17:22:30.242388535,Service Desk,synthetic demo data,synthetic demo data
REQ-0418,Request Submitted,2026-06-14 02:23:52.455043782,Requester,synthetic demo data,synthetic demo data
REQ-0418,Triage,2026-06-14 04:33:33.943791535,Service Desk,synthetic demo data,synthetic demo data
REQ-0418,Assigned to Team,2026-06-14 10:01:53.749465383,Service Desk,synthetic demo data,synthetic demo data
REQ-0418,Manager Approval,2026-06-15 13:29:39.705324229,Engineering Manager,synthetic demo data,synthetic demo data
REQ-0418,Security Review,2026-06-16 13:31:25.672299309,Security Team,synthetic demo data,synthetic demo data
REQ-0418,Implementation,2026-06-16 23:42:26.327562752,Dev Team,synthetic demo data,synthetic demo data
REQ-0418,QA Verification,2026-06-17 02:35:50.800251774,QA Team,synthetic demo data,synthetic demo data
REQ-0418,Closed - Completed,2026-06-17 05:06:29.348868942,Service Desk,synthetic demo data,synthetic demo data
REQ-0419,Request Submitted,2026-01-16 23:58:40.494990449,Requester,synthetic demo data,synthetic demo data
REQ-0419,Triage,2026-01-17 03:03:13.097673428,Service Desk,synthetic demo data,synthetic demo data
REQ-0419,Assigned to Team,2026-01-17 06:35:19.581641093,Service Desk,synthetic demo data,synthetic demo data
REQ-0419,Manager Approval,2026-01-18 08:19:33.900130668,Engineering Manager,synthetic demo data,synthetic demo data
REQ-0419,Closed - Rejected,2026-01-18 09:19:33.900130668,Service Desk,synthetic demo data,synthetic demo data
REQ-0420,Request Submitted,2026-02-22 00:07:46.546385727,Requester,synthetic demo data,synthetic demo data
REQ-0420,Triage,2026-02-22 02:08:31.828994193,Service Desk,synthetic demo data,synthetic demo data
REQ-0420,Assigned to Team,2026-02-22 06:07:38.649038481,Service Desk,synthetic demo data,synthetic demo data
REQ-0420,Manager Approval,2026-02-23 01:56:39.314909260,Engineering Manager,synthetic demo data,synthetic demo data
REQ-0420,Security Review,2026-02-23 22:18:26.214449231,Security Team,synthetic demo data,synthetic demo data
REQ-0420,Closed - Cancelled,2026-02-23 23:18:26.214449231,Service Desk,synthetic demo data,synthetic demo data
REQ-0421,Request Submitted,2026-01-27 03:36:35.665381026,Requester,synthetic demo data,synthetic demo data
REQ-0421,Triage,2026-01-27 04:41:22.024658528,Service Desk,synthetic demo data,synthetic demo data
REQ-0421,Assigned to Team,2026-01-27 10:02:30.339472672,Service Desk,synthetic demo data,synthetic demo data
REQ-0421,Manager Approval,2026-01-28 21:25:40.394527767,Engineering Manager,synthetic demo data,synthetic demo data
REQ-0421,Security Review,2026-01-29 05:30:56.133562361,Security Team,synthetic demo data,synthetic demo data
REQ-0421,Implementation,2026-01-29 07:21:15.030550143,Dev Team,synthetic demo data,synthetic demo data
REQ-0421,QA Verification,2026-01-29 13:01:03.660428948,QA Team,synthetic demo data,synthetic demo data
REQ-0421,Closed - Completed,2026-01-29 16:34:43.931948383,Service Desk,synthetic demo data,synthetic demo data
REQ-0422,Request Submitted,2026-05-05 09:22:53.970085806,Requester,synthetic demo data,synthetic demo data
REQ-0422,Triage,2026-05-05 11:44:00.920860753,Service Desk,synthetic demo data,synthetic demo data
REQ-0422,Assigned to Team,2026-05-05 15:26:25.673333120,Service Desk,synthetic demo data,synthetic demo data
REQ-0422,Manager Approval,2026-05-06 02:44:25.359664169,Engineering Manager,synthetic demo data,synthetic demo data
REQ-0422,Security Review,2026-05-07 07:10:41.102328861,Security Team,synthetic demo data,synthetic demo data
REQ-0422,Implementation,2026-05-07 13:50:18.080992121,Dev Team,synthetic demo data,synthetic demo data
REQ-0422,QA Verification,2026-05-07 22:25:39.479491118,QA Team,synthetic demo data,synthetic demo data
REQ-0422,Closed - Completed,2026-05-07 23:36:48.467555967,Service Desk,synthetic demo data,synthetic demo data
REQ-0423,Request Submitted,2026-04-30 16:40:34.411616190,Requester,synthetic demo data,synthetic demo data
REQ-0423,Triage,2026-04-30 18:31:19.891676516,Service Desk,synthetic demo data,synthetic demo data
REQ-0423,Assigned to Team,2026-04-30 22:07:44.435719181,Service Desk,synthetic demo data,synthetic demo data
REQ-0423,Manager Approval,2026-05-02 00:23:58.023129478,Engineering Manager,synthetic demo data,synthetic demo data
REQ-0423,Security Review,2026-05-02 14:33:28.487130940,Security Team,synthetic demo data,synthetic demo data
REQ-0423,Implementation,2026-05-03 04:58:47.447843173,Dev Team,synthetic demo data,synthetic demo data
REQ-0423,QA Verification,2026-05-03 14:07:36.138799876,QA Team,synthetic demo data,synthetic demo data
REQ-0423,Closed - Completed,2026-05-03 15:21:57.025717702,Service Desk,synthetic demo data,synthetic demo data
REQ-0424,Request Submitted,2026-03-16 04:45:08.379045265,Requester,synthetic demo data,synthetic demo data
REQ-0424,Triage,2026-03-16 05:34:03.514328080,Service Desk,synthetic demo data,synthetic demo data
REQ-0424,Assigned to Team,2026-03-16 10:07:06.085311634,Service Desk,synthetic demo data,synthetic demo data
REQ-0424,Manager Approval,2026-03-16 16:15:39.464179004,Engineering Manager,synthetic demo data,synthetic demo data
REQ-0424,Security Review,2026-03-17 20:36:09.595778883,Security Team,synthetic demo data,synthetic demo data
REQ-0424,Implementation,2026-03-18 03:35:30.394477830,Dev Team,synthetic demo data,synthetic demo data
REQ-0424,QA Verification,2026-03-18 08:57:25.691164560,QA Team,synthetic demo data,synthetic demo data
REQ-0424,Closed - Completed,2026-03-18 11:22:00.795555203,Service Desk,synthetic demo data,synthetic demo data
REQ-0425,Request Submitted,2026-05-27 05:24:00.342039372,Requester,synthetic demo data,synthetic demo data
REQ-0425,Triage,2026-05-27 07:30:48.475976262,Service Desk,synthetic demo data,synthetic demo data
REQ-0425,Closed - Cancelled,2026-05-27 08:30:48.475976262,Service Desk,synthetic demo data,synthetic demo data
REQ-0426,Request Submitted,2026-03-04 09:11:12.194344566,Requester,synthetic demo data,synthetic demo data
REQ-0426,Triage,2026-03-04 12:34:04.798800578,Service Desk,synthetic demo data,synthetic demo data
REQ-0426,Assigned to Team,2026-03-04 18:04:58.410711104,Service Desk,synthetic demo data,synthetic demo data
REQ-0426,Manager Approval,2026-03-06 10:07:32.772974581,Engineering Manager,synthetic demo data,synthetic demo data
REQ-0426,Security Review,2026-03-06 19:24:45.643957925,Security Team,synthetic demo data,synthetic demo data
REQ-0426,Implementation,2026-03-07 05:22:30.383353289,Dev Team,synthetic demo data,synthetic demo data
REQ-0426,QA Verification,2026-03-07 13:55:39.681114968,QA Team,synthetic demo data,synthetic demo data
REQ-0426,Closed - Completed,2026-03-07 16:39:12.229854915,Service Desk,synthetic demo data,synthetic demo data
REQ-0427,Request Submitted,2026-01-16 07:17:04.138045827,Requester,synthetic demo data,synthetic demo data
REQ-0427,Triage,2026-01-16 09:12:43.453626037,Service Desk,synthetic demo data,synthetic demo data
REQ-0427,Closed - Cancelled,2026-01-16 10:12:43.453626037,Service Desk,synthetic demo data,synthetic demo data
REQ-0428,Request Submitted,2026-01-11 16:29:45.693024989,Requester,synthetic demo data,synthetic demo data
REQ-0428,Triage,2026-01-11 18:50:08.403385157,Service Desk,synthetic demo data,synthetic demo data
REQ-0428,Assigned to Team,2026-01-11 22:06:53.088740878,Service Desk,synthetic demo data,synthetic demo data
REQ-0428,Manager Approval,2026-01-13 11:55:14.911219248,Engineering Manager,synthetic demo data,synthetic demo data
REQ-0428,Security Review,2026-01-13 19:52:58.495556558,Security Team,synthetic demo data,synthetic demo data
REQ-0428,Implementation,2026-01-14 06:27:46.735882694,Dev Team,synthetic demo data,synthetic demo data
REQ-0428,QA Verification,2026-01-14 18:37:35.822904598,QA Team,synthetic demo data,synthetic demo data
REQ-0428,Closed - Completed,2026-01-14 20:42:18.243375398,Service Desk,synthetic demo data,synthetic demo data
REQ-0429,Request Submitted,2026-03-09 18:35:35.031480041,Requester,synthetic demo data,synthetic demo data
REQ-0429,Triage,2026-03-09 22:37:31.444768998,Service Desk,synthetic demo data,synthetic demo data
REQ-0429,Assigned to Team,2026-03-10 00:05:23.746855818,Service Desk,synthetic demo data,synthetic demo data
REQ-0429,Manager Approval,2026-03-11 08:56:05.376298870,Engineering Manager,synthetic demo data,synthetic demo data
REQ-0429,Security Review,2026-03-11 21:44:16.475816426,Security Team,synthetic demo data,synthetic demo data
REQ-0429,Implementation,2026-03-12 03:32:59.607836258,Dev Team,synthetic demo data,synthetic demo data
REQ-0429,QA Verification,2026-03-12 09:24:04.032511133,QA Team,synthetic demo data,synthetic demo data
REQ-0429,Closed - Completed,2026-03-12 12:44:54.396180941,Service Desk,synthetic demo data,synthetic demo data
REQ-0430,Request Submitted,2026-04-13 05:56:53.742521737,Requester,synthetic demo data,synthetic demo data
REQ-0430,Triage,2026-04-13 07:34:18.001518852,Service Desk,synthetic demo data,synthetic demo data
REQ-0430,Assigned to Team,2026-04-13 14:18:38.791398700,Service Desk,synthetic demo data,synthetic demo data
REQ-0430,Manager Approval,2026-04-14 14:19:30.045539692,Engineering Manager,synthetic demo data,synthetic demo data
REQ-0430,Security Review,2026-04-15 05:11:05.241914436,Security Team,synthetic demo data,synthetic demo data
REQ-0430,Implementation,2026-04-15 06:05:06.062072502,Dev Team,synthetic demo data,synthetic demo data
REQ-0430,QA Verification,2026-04-15 16:16:23.851020345,QA Team,synthetic demo data,synthetic demo data
REQ-0430,Closed - Completed,2026-04-15 19:14:29.535152881,Service Desk,synthetic demo data,synthetic demo data
REQ-0431,Request Submitted,2026-03-04 00:24:58.404164489,Requester,synthetic demo data,synthetic demo data
REQ-0431,Triage,2026-03-04 03:52:27.819071413,Service Desk,synthetic demo data,synthetic demo data
REQ-0431,Assigned to Team,2026-03-04 06:58:46.550870590,Service Desk,synthetic demo data,synthetic demo data
REQ-0431,Manager Approval,2026-03-06 00:15:54.001797316,Engineering Manager,synthetic demo data,synthetic demo data
REQ-0431,Security Review,2026-03-06 05:26:06.022425531,Security Team,synthetic demo data,synthetic demo data
REQ-0431,Implementation,2026-03-06 19:18:26.400671911,Dev Team,synthetic demo data,synthetic demo data
REQ-0431,QA Verification,2026-03-07 03:40:00.781586294,QA Team,synthetic demo data,synthetic demo data
REQ-0431,Closed - Completed,2026-03-07 05:37:40.705461063,Service Desk,synthetic demo data,synthetic demo data
REQ-0432,Request Submitted,2026-03-17 14:53:19.336680517,Requester,synthetic demo data,synthetic demo data
REQ-0432,Triage,2026-03-17 16:18:33.352372422,Service Desk,synthetic demo data,synthetic demo data
REQ-0432,Assigned to Team,2026-03-17 18:36:50.751458844,Service Desk,synthetic demo data,synthetic demo data
REQ-0432,Manager Approval,2026-03-17 22:40:33.267229653,Engineering Manager,synthetic demo data,synthetic demo data
REQ-0432,Security Review,2026-03-19 02:25:54.242441842,Security Team,synthetic demo data,synthetic demo data
REQ-0432,Implementation,2026-03-19 15:11:53.190486070,Dev Team,synthetic demo data,synthetic demo data
REQ-0432,QA Verification,2026-03-19 19:05:38.673668620,QA Team,synthetic demo data,synthetic demo data
REQ-0432,Closed - Completed,2026-03-19 21:26:32.204526021,Service Desk,synthetic demo data,synthetic demo data
REQ-0433,Request Submitted,2026-03-01 00:06:56.691261107,Requester,synthetic demo data,synthetic demo data
REQ-0433,Triage,2026-03-01 01:29:17.413192747,Service Desk,synthetic demo data,synthetic demo data
REQ-0433,Assigned to Team,2026-03-01 03:09:46.917349873,Service Desk,synthetic demo data,synthetic demo data
REQ-0433,Manager Approval,2026-03-02 23:53:31.491605469,Engineering Manager,synthetic demo data,synthetic demo data
REQ-0433,Security Review,2026-03-03 19:19:02.084647435,Security Team,synthetic demo data,synthetic demo data
REQ-0433,Implementation,2026-03-04 11:24:20.453539725,Dev Team,synthetic demo data,synthetic demo data
REQ-0433,QA Verification,2026-03-04 17:32:40.601159501,QA Team,synthetic demo data,synthetic demo data
REQ-0433,Closed - Completed,2026-03-04 18:37:06.720214239,Service Desk,synthetic demo data,synthetic demo data
REQ-0434,Request Submitted,2026-05-30 04:49:21.606847694,Requester,synthetic demo data,synthetic demo data
REQ-0434,Triage,2026-05-30 07:32:58.349157001,Service Desk,synthetic demo data,synthetic demo data
REQ-0434,Assigned to Team,2026-05-30 12:20:07.592822887,Service Desk,synthetic demo data,synthetic demo data
REQ-0434,Manager Approval,2026-05-31 09:11:46.659613058,Engineering Manager,synthetic demo data,synthetic demo data
REQ-0434,Security Review,2026-06-01 04:03:03.652401934,Security Team,synthetic demo data,synthetic demo data
REQ-0434,Implementation,2026-06-01 11:21:54.774828509,Dev Team,synthetic demo data,synthetic demo data
REQ-0434,QA Verification,2026-06-01 13:29:34.712229820,QA Team,synthetic demo data,synthetic demo data
REQ-0434,Closed - Completed,2026-06-01 15:13:45.787689250,Service Desk,synthetic demo data,synthetic demo data
REQ-0435,Request Submitted,2026-05-27 22:13:10.744842886,Requester,synthetic demo data,synthetic demo data
REQ-0435,Triage,2026-05-27 22:52:24.924062644,Service Desk,synthetic demo data,synthetic demo data
REQ-0435,Assigned to Team,2026-05-27 23:32:23.391239653,Service Desk,synthetic demo data,synthetic demo data
REQ-0435,Manager Approval,2026-05-30 04:50:48.104600565,Engineering Manager,synthetic demo data,synthetic demo data
REQ-0435,Security Review,2026-05-31 00:02:01.768668298,Security Team,synthetic demo data,synthetic demo data
REQ-0435,Implementation,2026-05-31 05:26:39.061706194,Dev Team,synthetic demo data,synthetic demo data
REQ-0435,QA Verification,2026-05-31 10:37:19.950645306,QA Team,synthetic demo data,synthetic demo data
REQ-0435,Closed - Completed,2026-05-31 11:08:41.642729763,Service Desk,synthetic demo data,synthetic demo data
REQ-0436,Request Submitted,2026-04-14 14:56:30.346556613,Requester,synthetic demo data,synthetic demo data
REQ-0436,Triage,2026-04-14 16:59:36.292728623,Service Desk,synthetic demo data,synthetic demo data
REQ-0436,Assigned to Team,2026-04-14 22:08:15.765391292,Service Desk,synthetic demo data,synthetic demo data
REQ-0436,Manager Approval,2026-04-16 07:43:53.168143063,Engineering Manager,synthetic demo data,synthetic demo data
REQ-0436,Security Review,2026-04-17 11:24:37.906420021,Security Team,synthetic demo data,synthetic demo data
REQ-0436,Closed - Cancelled,2026-04-17 12:24:37.906420021,Service Desk,synthetic demo data,synthetic demo data
REQ-0437,Request Submitted,2026-02-08 09:21:24.733891910,Requester,synthetic demo data,synthetic demo data
REQ-0437,Triage,2026-02-08 11:42:17.298009767,Service Desk,synthetic demo data,synthetic demo data
REQ-0437,Assigned to Team,2026-02-08 14:21:19.904142742,Service Desk,synthetic demo data,synthetic demo data
REQ-0437,Manager Approval,2026-02-10 23:10:17.812598014,Engineering Manager,synthetic demo data,synthetic demo data
REQ-0437,Security Review,2026-02-11 11:00:33.054280906,Security Team,synthetic demo data,synthetic demo data
REQ-0437,Implementation,2026-02-11 19:01:35.084330647,Dev Team,synthetic demo data,synthetic demo data
REQ-0437,QA Verification,2026-02-12 01:04:15.851782889,QA Team,synthetic demo data,synthetic demo data
REQ-0437,Closed - Completed,2026-02-12 03:28:24.638494925,Service Desk,synthetic demo data,synthetic demo data
REQ-0438,Request Submitted,2026-02-06 10:10:11.949561905,Requester,synthetic demo data,synthetic demo data
REQ-0438,Triage,2026-02-06 12:00:04.116255174,Service Desk,synthetic demo data,synthetic demo data
REQ-0438,Assigned to Team,2026-02-06 12:37:41.572661009,Service Desk,synthetic demo data,synthetic demo data
REQ-0438,Manager Approval,2026-02-07 18:45:43.007888354,Engineering Manager,synthetic demo data,synthetic demo data
REQ-0438,Closed - Rejected,2026-02-07 19:45:43.007888354,Service Desk,synthetic demo data,synthetic demo data
REQ-0439,Request Submitted,2026-03-25 00:04:59.436026102,Requester,synthetic demo data,synthetic demo data
REQ-0439,Triage,2026-03-25 02:13:12.179980583,Service Desk,synthetic demo data,synthetic demo data
REQ-0439,Assigned to Team,2026-03-25 05:57:06.750027488,Service Desk,synthetic demo data,synthetic demo data
REQ-0439,Manager Approval,2026-03-26 19:19:32.331349558,Engineering Manager,synthetic demo data,synthetic demo data
REQ-0439,Security Review,2026-03-27 20:25:48.662256996,Security Team,synthetic demo data,synthetic demo data
REQ-0439,Implementation,2026-03-27 20:41:59.380355451,Dev Team,synthetic demo data,synthetic demo data
REQ-0439,QA Verification,2026-03-27 22:37:00.397534050,QA Team,synthetic demo data,synthetic demo data
REQ-0439,Closed - Completed,2026-03-28 02:35:25.074706579,Service Desk,synthetic demo data,synthetic demo data
REQ-0440,Request Submitted,2026-02-15 03:20:32.802012876,Requester,synthetic demo data,synthetic demo data
REQ-0440,Triage,2026-02-15 04:39:19.826574878,Service Desk,synthetic demo data,synthetic demo data
REQ-0440,Assigned to Team,2026-02-15 07:46:30.059366922,Service Desk,synthetic demo data,synthetic demo data
REQ-0440,Manager Approval,2026-02-16 04:54:34.047572332,Engineering Manager,synthetic demo data,synthetic demo data
REQ-0440,Closed - Rejected,2026-02-16 05:54:34.047572332,Service Desk,synthetic demo data,synthetic demo data
REQ-0441,Request Submitted,2026-04-29 13:03:15.451230060,Requester,synthetic demo data,synthetic demo data
REQ-0441,Triage,2026-04-29 14:36:21.608044940,Service Desk,synthetic demo data,synthetic demo data
REQ-0441,Assigned to Team,2026-04-29 16:01:50.678598664,Service Desk,synthetic demo data,synthetic demo data
REQ-0441,Manager Approval,2026-05-01 01:46:46.498152286,Engineering Manager,synthetic demo data,synthetic demo data
REQ-0441,Security Review,2026-05-01 10:51:54.409063306,Security Team,synthetic demo data,synthetic demo data
REQ-0441,Implementation,2026-05-01 20:34:30.136069846,Dev Team,synthetic demo data,synthetic demo data
REQ-0441,QA Verification,2026-05-02 10:27:16.173087444,QA Team,synthetic demo data,synthetic demo data
REQ-0441,Closed - Completed,2026-05-02 13:48:16.785271987,Service Desk,synthetic demo data,synthetic demo data
REQ-0442,Request Submitted,2026-01-15 11:04:44.087494883,Requester,synthetic demo data,synthetic demo data
REQ-0442,Triage,2026-01-15 11:16:44.087494883,Service Desk,synthetic demo data,synthetic demo data
REQ-0442,Assigned to Team,2026-01-15 12:17:43.740957022,Service Desk,synthetic demo data,synthetic demo data
REQ-0442,Manager Approval,2026-01-17 12:15:16.500904598,Engineering Manager,synthetic demo data,synthetic demo data
REQ-0442,Security Review,2026-01-18 01:08:48.403908555,Security Team,synthetic demo data,synthetic demo data
REQ-0442,Implementation,2026-01-18 06:20:59.173694992,Dev Team,synthetic demo data,synthetic demo data
REQ-0442,QA Verification,2026-01-18 11:51:10.148557604,QA Team,synthetic demo data,synthetic demo data
REQ-0442,Closed - Completed,2026-01-18 12:47:26.782025756,Service Desk,synthetic demo data,synthetic demo data
REQ-0443,Request Submitted,2026-06-22 05:10:34.822341198,Requester,synthetic demo data,synthetic demo data
REQ-0443,Triage,2026-06-22 06:17:05.316304378,Service Desk,synthetic demo data,synthetic demo data
REQ-0443,Assigned to Team,2026-06-22 08:10:23.815973571,Service Desk,synthetic demo data,synthetic demo data
REQ-0443,Manager Approval,2026-06-23 03:14:11.788255761,Engineering Manager,synthetic demo data,synthetic demo data
REQ-0443,Security Review,2026-06-24 03:56:16.259183997,Security Team,synthetic demo data,synthetic demo data
REQ-0443,Closed - Cancelled,2026-06-24 04:56:16.259183997,Service Desk,synthetic demo data,synthetic demo data
REQ-0444,Request Submitted,2026-01-05 13:37:02.565192989,Requester,synthetic demo data,synthetic demo data
REQ-0444,Triage,2026-01-05 15:28:31.222603350,Service Desk,synthetic demo data,synthetic demo data
REQ-0444,Closed - Cancelled,2026-01-05 16:28:31.222603350,Service Desk,synthetic demo data,synthetic demo data
REQ-0445,Request Submitted,2026-04-27 04:17:56.797202454,Requester,synthetic demo data,synthetic demo data
REQ-0445,Triage,2026-04-27 06:58:02.309439261,Service Desk,synthetic demo data,synthetic demo data
REQ-0445,Assigned to Team,2026-04-27 09:44:48.112541914,Service Desk,synthetic demo data,synthetic demo data
REQ-0445,Manager Approval,2026-04-28 16:52:30.744433188,Engineering Manager,synthetic demo data,synthetic demo data
REQ-0445,Security Review,2026-04-29 05:50:20.740989828,Security Team,synthetic demo data,synthetic demo data
REQ-0445,Implementation,2026-04-29 10:23:46.905168258,Dev Team,synthetic demo data,synthetic demo data
REQ-0445,QA Verification,2026-04-29 18:42:13.698189499,QA Team,synthetic demo data,synthetic demo data
REQ-0445,Closed - Completed,2026-04-29 21:08:55.489614659,Service Desk,synthetic demo data,synthetic demo data
REQ-0446,Request Submitted,2026-01-29 17:10:25.209961059,Requester,synthetic demo data,synthetic demo data
REQ-0446,Triage,2026-01-29 19:13:11.541753992,Service Desk,synthetic demo data,synthetic demo data
REQ-0446,Assigned to Team,2026-01-29 23:15:52.165964434,Service Desk,synthetic demo data,synthetic demo data
REQ-0446,Manager Approval,2026-01-31 18:21:21.647519982,Engineering Manager,synthetic demo data,synthetic demo data
REQ-0446,Security Review,2026-02-01 22:33:25.434888158,Security Team,synthetic demo data,synthetic demo data
REQ-0446,Implementation,2026-02-02 06:09:14.232898535,Dev Team,synthetic demo data,synthetic demo data
REQ-0446,QA Verification,2026-02-02 16:18:53.754381550,QA Team,synthetic demo data,synthetic demo data
REQ-0446,Closed - Completed,2026-02-02 18:32:36.212835786,Service Desk,synthetic demo data,synthetic demo data
REQ-0447,Request Submitted,2026-03-18 22:25:21.924533582,Requester,synthetic demo data,synthetic demo data
REQ-0447,Triage,2026-03-19 00:40:11.148680525,Service Desk,synthetic demo data,synthetic demo data
REQ-0447,Assigned to Team,2026-03-19 02:33:58.087933173,Service Desk,synthetic demo data,synthetic demo data
REQ-0447,Manager Approval,2026-03-20 18:23:06.170185752,Engineering Manager,synthetic demo data,synthetic demo data
REQ-0447,Security Review,2026-03-22 15:59:33.708580759,Security Team,synthetic demo data,synthetic demo data
REQ-0447,Implementation,2026-03-22 22:29:36.659503781,Dev Team,synthetic demo data,synthetic demo data
REQ-0447,QA Verification,2026-03-23 04:42:23.402430370,QA Team,synthetic demo data,synthetic demo data
REQ-0447,Closed - Completed,2026-03-23 06:15:37.063478719,Service Desk,synthetic demo data,synthetic demo data
REQ-0448,Request Submitted,2026-01-06 23:17:01.167484888,Requester,synthetic demo data,synthetic demo data
REQ-0448,Triage,2026-01-07 00:36:38.471821069,Service Desk,synthetic demo data,synthetic demo data
REQ-0448,Assigned to Team,2026-01-07 02:53:58.437264890,Service Desk,synthetic demo data,synthetic demo data
REQ-0448,Manager Approval,2026-01-07 10:40:28.798948832,Engineering Manager,synthetic demo data,synthetic demo data
REQ-0448,Security Review,2026-01-07 23:51:22.179073663,Security Team,synthetic demo data,synthetic demo data
REQ-0448,Implementation,2026-01-08 01:01:21.220615134,Dev Team,synthetic demo data,synthetic demo data
REQ-0448,QA Verification,2026-01-08 08:55:04.711366622,QA Team,synthetic demo data,synthetic demo data
REQ-0448,Closed - Completed,2026-01-08 13:43:03.621365236,Service Desk,synthetic demo data,synthetic demo data
REQ-0449,Request Submitted,2026-03-15 20:22:00.638176937,Requester,synthetic demo data,synthetic demo data
REQ-0449,Triage,2026-03-15 23:16:00.636968884,Service Desk,synthetic demo data,synthetic demo data
REQ-0449,Assigned to Team,2026-03-16 01:10:35.242190661,Service Desk,synthetic demo data,synthetic demo data
REQ-0449,Manager Approval,2026-03-18 01:22:02.327490559,Engineering Manager,synthetic demo data,synthetic demo data
REQ-0449,Security Review,2026-03-18 18:49:44.586342164,Security Team,synthetic demo data,synthetic demo data
REQ-0449,Implementation,2026-03-19 00:18:06.440419371,Dev Team,synthetic demo data,synthetic demo data
REQ-0449,QA Verification,2026-03-19 05:46:04.498817317,QA Team,synthetic demo data,synthetic demo data
REQ-0449,Closed - Completed,2026-03-19 08:31:32.495156687,Service Desk,synthetic demo data,synthetic demo data
REQ-0450,Request Submitted,2026-04-26 01:34:24.093904292,Requester,synthetic demo data,synthetic demo data
REQ-0450,Triage,2026-04-26 03:22:28.300133568,Service Desk,synthetic demo data,synthetic demo data
REQ-0450,Assigned to Team,2026-04-26 04:28:00.282137263,Service Desk,synthetic demo data,synthetic demo data
REQ-0450,Manager Approval,2026-04-27 16:01:30.674892879,Engineering Manager,synthetic demo data,synthetic demo data
REQ-0450,Security Review,2026-04-27 19:56:40.733252303,Security Team,synthetic demo data,synthetic demo data
REQ-0450,Implementation,2026-04-28 02:10:05.384309439,Dev Team,synthetic demo data,synthetic demo data
REQ-0450,QA Verification,2026-04-28 10:26:46.744564811,QA Team,synthetic demo data,synthetic demo data
REQ-0450,Closed - Completed,2026-04-28 12:44:57.718383368,Service Desk,synthetic demo data,synthetic demo data
REQ-0451,Request Submitted,2026-03-07 09:19:48.674558734,Requester,synthetic demo data,synthetic demo data
REQ-0451,Triage,2026-03-07 12:29:59.760810281,Service Desk,synthetic demo data,synthetic demo data
REQ-0451,Assigned to Team,2026-03-07 16:53:13.136472837,Service Desk,synthetic demo data,synthetic demo data
REQ-0451,Manager Approval,2026-03-09 05:07:58.643086919,Engineering Manager,synthetic demo data,synthetic demo data
REQ-0451,Security Review,2026-03-10 09:28:51.126271877,Security Team,synthetic demo data,synthetic demo data
REQ-0451,Implementation,2026-03-10 20:28:57.225455288,Dev Team,synthetic demo data,synthetic demo data
REQ-0451,QA Verification,2026-03-11 01:09:51.019511141,QA Team,synthetic demo data,synthetic demo data
REQ-0451,Closed - Completed,2026-03-11 01:49:12.983429052,Service Desk,synthetic demo data,synthetic demo data
REQ-0452,Request Submitted,2026-01-06 10:54:30.164421809,Requester,synthetic demo data,synthetic demo data
REQ-0452,Triage,2026-01-06 13:59:55.863589907,Service Desk,synthetic demo data,synthetic demo data
REQ-0452,Assigned to Team,2026-01-06 15:35:39.728704662,Service Desk,synthetic demo data,synthetic demo data
REQ-0452,Manager Approval,2026-01-07 08:54:15.603317092,Engineering Manager,synthetic demo data,synthetic demo data
REQ-0452,Security Review,2026-01-08 09:02:36.371945463,Security Team,synthetic demo data,synthetic demo data
REQ-0452,Implementation,2026-01-08 16:45:31.567305978,Dev Team,synthetic demo data,synthetic demo data
REQ-0452,QA Verification,2026-01-08 17:06:05.341911809,QA Team,synthetic demo data,synthetic demo data
REQ-0452,Closed - Completed,2026-01-08 19:28:35.731301324,Service Desk,synthetic demo data,synthetic demo data
REQ-0453,Request Submitted,2026-03-08 02:06:50.722935602,Requester,synthetic demo data,synthetic demo data
REQ-0453,Triage,2026-03-08 05:27:56.775877898,Service Desk,synthetic demo data,synthetic demo data
REQ-0453,Assigned to Team,2026-03-08 11:12:11.122574056,Service Desk,synthetic demo data,synthetic demo data
REQ-0453,Manager Approval,2026-03-09 00:11:02.041603069,Engineering Manager,synthetic demo data,synthetic demo data
REQ-0453,Security Review,2026-03-09 17:13:09.755790897,Security Team,synthetic demo data,synthetic demo data
REQ-0453,Implementation,2026-03-10 01:23:23.520123230,Dev Team,synthetic demo data,synthetic demo data
REQ-0453,QA Verification,2026-03-10 12:44:00.770941110,QA Team,synthetic demo data,synthetic demo data
REQ-0453,Closed - Completed,2026-03-10 14:14:26.442728942,Service Desk,synthetic demo data,synthetic demo data
REQ-0454,Request Submitted,2026-03-16 17:17:31.424624108,Requester,synthetic demo data,synthetic demo data
REQ-0454,Triage,2026-03-16 18:55:02.183674322,Service Desk,synthetic demo data,synthetic demo data
REQ-0454,Assigned to Team,2026-03-16 23:00:02.072902740,Service Desk,synthetic demo data,synthetic demo data
REQ-0454,Manager Approval,2026-03-17 08:19:14.067461073,Engineering Manager,synthetic demo data,synthetic demo data
REQ-0454,Security Review,2026-03-18 02:46:46.126552481,Security Team,synthetic demo data,synthetic demo data
REQ-0454,Implementation,2026-03-18 04:08:27.932080580,Dev Team,synthetic demo data,synthetic demo data
REQ-0454,QA Verification,2026-03-18 06:58:29.247246258,QA Team,synthetic demo data,synthetic demo data
REQ-0454,Closed - Completed,2026-03-18 09:48:50.372124806,Service Desk,synthetic demo data,synthetic demo data
REQ-0455,Request Submitted,2026-02-16 05:37:00.739564889,Requester,synthetic demo data,synthetic demo data
REQ-0455,Triage,2026-02-16 06:52:05.240918557,Service Desk,synthetic demo data,synthetic demo data
REQ-0455,Assigned to Team,2026-02-16 09:32:13.698123054,Service Desk,synthetic demo data,synthetic demo data
REQ-0455,Manager Approval,2026-02-17 19:45:09.801744928,Engineering Manager,synthetic demo data,synthetic demo data
REQ-0455,Security Review,2026-02-19 00:35:56.286834289,Security Team,synthetic demo data,synthetic demo data
REQ-0455,Closed - Cancelled,2026-02-19 01:35:56.286834289,Service Desk,synthetic demo data,synthetic demo data
REQ-0456,Request Submitted,2026-04-21 23:44:58.260271534,Requester,synthetic demo data,synthetic demo data
REQ-0456,Triage,2026-04-22 01:54:31.006743414,Service Desk,synthetic demo data,synthetic demo data
REQ-0456,Assigned to Team,2026-04-22 04:45:37.145917217,Service Desk,synthetic demo data,synthetic demo data
REQ-0456,Manager Approval,2026-04-23 16:24:27.308540563,Engineering Manager,synthetic demo data,synthetic demo data
REQ-0456,Security Review,2026-04-24 14:48:55.613811063,Security Team,synthetic demo data,synthetic demo data
REQ-0456,Implementation,2026-04-24 21:35:45.516583957,Dev Team,synthetic demo data,synthetic demo data
REQ-0456,QA Verification,2026-04-25 02:00:55.502067295,QA Team,synthetic demo data,synthetic demo data
REQ-0456,Closed - Completed,2026-04-25 03:46:11.696704247,Service Desk,synthetic demo data,synthetic demo data
REQ-0457,Request Submitted,2026-03-08 18:16:08.548575981,Requester,synthetic demo data,synthetic demo data
REQ-0457,Triage,2026-03-08 19:32:13.320017520,Service Desk,synthetic demo data,synthetic demo data
REQ-0457,Assigned to Team,2026-03-08 22:26:34.163712542,Service Desk,synthetic demo data,synthetic demo data
REQ-0457,Manager Approval,2026-03-10 07:00:34.611298062,Engineering Manager,synthetic demo data,synthetic demo data
REQ-0457,Security Review,2026-03-11 17:03:09.981425994,Security Team,synthetic demo data,synthetic demo data
REQ-0457,Implementation,2026-03-11 23:51:05.542507391,Dev Team,synthetic demo data,synthetic demo data
REQ-0457,QA Verification,2026-03-12 08:43:40.654392309,QA Team,synthetic demo data,synthetic demo data
REQ-0457,Closed - Completed,2026-03-12 11:57:35.780244063,Service Desk,synthetic demo data,synthetic demo data
REQ-0458,Request Submitted,2026-03-10 22:08:07.456788054,Requester,synthetic demo data,synthetic demo data
REQ-0458,Triage,2026-03-10 23:48:22.863568680,Service Desk,synthetic demo data,synthetic demo data
REQ-0458,Assigned to Team,2026-03-11 02:25:21.418643770,Service Desk,synthetic demo data,synthetic demo data
REQ-0458,Manager Approval,2026-03-12 20:22:55.107616842,Engineering Manager,synthetic demo data,synthetic demo data
REQ-0458,Security Review,2026-03-13 18:27:39.830879920,Security Team,synthetic demo data,synthetic demo data
REQ-0458,Implementation,2026-03-14 03:24:08.002691966,Dev Team,synthetic demo data,synthetic demo data
REQ-0458,QA Verification,2026-03-14 06:01:35.588779863,QA Team,synthetic demo data,synthetic demo data
REQ-0458,Closed - Completed,2026-03-14 07:03:32.624501312,Service Desk,synthetic demo data,synthetic demo data
REQ-0459,Request Submitted,2026-03-03 15:43:25.487285599,Requester,synthetic demo data,synthetic demo data
REQ-0459,Triage,2026-03-03 16:56:56.308101516,Service Desk,synthetic demo data,synthetic demo data
REQ-0459,Assigned to Team,2026-03-03 22:05:44.243595698,Service Desk,synthetic demo data,synthetic demo data
REQ-0459,Manager Approval,2026-03-05 08:02:27.394449349,Engineering Manager,synthetic demo data,synthetic demo data
REQ-0459,Security Review,2026-03-06 09:14:39.613755759,Security Team,synthetic demo data,synthetic demo data
REQ-0459,Implementation,2026-03-06 16:41:31.735871704,Dev Team,synthetic demo data,synthetic demo data
REQ-0459,QA Verification,2026-03-06 21:44:10.066493474,QA Team,synthetic demo data,synthetic demo data
REQ-0459,Closed - Completed,2026-03-06 23:33:59.555552483,Service Desk,synthetic demo data,synthetic demo data
REQ-0460,Request Submitted,2026-04-15 20:59:33.138636226,Requester,synthetic demo data,synthetic demo data
REQ-0460,Triage,2026-04-15 23:17:18.857713579,Service Desk,synthetic demo data,synthetic demo data
REQ-0460,Assigned to Team,2026-04-16 05:03:51.359176335,Service Desk,synthetic demo data,synthetic demo data
REQ-0460,Manager Approval,2026-04-17 12:16:05.712052597,Engineering Manager,synthetic demo data,synthetic demo data
REQ-0460,Security Review,2026-04-17 12:28:05.712052597,Security Team,synthetic demo data,synthetic demo data
REQ-0460,Implementation,2026-04-17 20:05:32.321820498,Dev Team,synthetic demo data,synthetic demo data
REQ-0460,QA Verification,2026-04-18 10:18:38.966458067,QA Team,synthetic demo data,synthetic demo data
REQ-0460,Closed - Completed,2026-04-18 13:10:37.884904013,Service Desk,synthetic demo data,synthetic demo data
REQ-0461,Request Submitted,2026-01-14 12:32:17.905094874,Requester,synthetic demo data,synthetic demo data
REQ-0461,Triage,2026-01-14 13:47:46.656765270,Service Desk,synthetic demo data,synthetic demo data
REQ-0461,Assigned to Team,2026-01-14 14:45:56.096159716,Service Desk,synthetic demo data,synthetic demo data
REQ-0461,Manager Approval,2026-01-15 15:53:18.280252718,Engineering Manager,synthetic demo data,synthetic demo data
REQ-0461,Security Review,2026-01-16 12:42:43.736884057,Security Team,synthetic demo data,synthetic demo data
REQ-0461,Implementation,2026-01-16 13:13:24.697649016,Dev Team,synthetic demo data,synthetic demo data
REQ-0461,QA Verification,2026-01-16 15:46:33.777311198,QA Team,synthetic demo data,synthetic demo data
REQ-0461,Closed - Completed,2026-01-16 17:47:10.985338654,Service Desk,synthetic demo data,synthetic demo data
REQ-0462,Request Submitted,2026-02-23 12:48:54.463145352,Requester,synthetic demo data,synthetic demo data
REQ-0462,Triage,2026-02-23 13:36:01.657167041,Service Desk,synthetic demo data,synthetic demo data
REQ-0462,Assigned to Team,2026-02-23 17:40:17.871409228,Service Desk,synthetic demo data,synthetic demo data
REQ-0462,Manager Approval,2026-02-24 07:05:56.412917394,Engineering Manager,synthetic demo data,synthetic demo data
REQ-0462,Security Review,2026-02-25 17:53:01.004300173,Security Team,synthetic demo data,synthetic demo data
REQ-0462,Implementation,2026-02-25 19:01:14.085005125,Dev Team,synthetic demo data,synthetic demo data
REQ-0462,QA Verification,2026-02-25 21:44:34.498884984,QA Team,synthetic demo data,synthetic demo data
REQ-0462,Closed - Completed,2026-02-26 00:09:37.033775898,Service Desk,synthetic demo data,synthetic demo data
REQ-0463,Request Submitted,2026-01-20 10:55:50.763670151,Requester,synthetic demo data,synthetic demo data
REQ-0463,Triage,2026-01-20 13:29:37.052182807,Service Desk,synthetic demo data,synthetic demo data
REQ-0463,Assigned to Team,2026-01-20 16:31:11.751451841,Service Desk,synthetic demo data,synthetic demo data
REQ-0463,Manager Approval,2026-01-21 08:09:01.269364435,Engineering Manager,synthetic demo data,synthetic demo data
REQ-0463,Security Review,2026-01-21 23:44:20.786881479,Security Team,synthetic demo data,synthetic demo data
REQ-0463,Implementation,2026-01-22 02:53:29.286913748,Dev Team,synthetic demo data,synthetic demo data
REQ-0463,QA Verification,2026-01-22 05:03:19.219261757,QA Team,synthetic demo data,synthetic demo data
REQ-0463,Closed - Completed,2026-01-22 07:27:25.515371308,Service Desk,synthetic demo data,synthetic demo data
REQ-0464,Request Submitted,2026-03-19 03:37:50.267508214,Requester,synthetic demo data,synthetic demo data
REQ-0464,Triage,2026-03-19 05:55:37.246380634,Service Desk,synthetic demo data,synthetic demo data
REQ-0464,Assigned to Team,2026-03-19 08:11:38.360508234,Service Desk,synthetic demo data,synthetic demo data
REQ-0464,Manager Approval,2026-03-21 09:53:11.783404226,Engineering Manager,synthetic demo data,synthetic demo data
REQ-0464,Security Review,2026-03-22 08:48:00.275620987,Security Team,synthetic demo data,synthetic demo data
REQ-0464,Closed - Cancelled,2026-03-22 09:48:00.275620987,Service Desk,synthetic demo data,synthetic demo data
REQ-0465,Request Submitted,2026-02-06 18:58:23.640232310,Requester,synthetic demo data,synthetic demo data
REQ-0465,Triage,2026-02-06 21:01:45.756257189,Service Desk,synthetic demo data,synthetic demo data
REQ-0465,Assigned to Team,2026-02-06 22:33:27.885603361,Service Desk,synthetic demo data,synthetic demo data
REQ-0465,Manager Approval,2026-02-07 22:46:02.181369042,Engineering Manager,synthetic demo data,synthetic demo data
REQ-0465,Closed - Rejected,2026-02-07 23:46:02.181369042,Service Desk,synthetic demo data,synthetic demo data
REQ-0466,Request Submitted,2026-01-17 02:18:28.803996376,Requester,synthetic demo data,synthetic demo data
REQ-0466,Triage,2026-01-17 03:05:32.993704531,Service Desk,synthetic demo data,synthetic demo data
REQ-0466,Assigned to Team,2026-01-17 03:58:20.000156806,Service Desk,synthetic demo data,synthetic demo data
REQ-0466,Manager Approval,2026-01-17 04:10:20.000156806,Engineering Manager,synthetic demo data,synthetic demo data
REQ-0466,Security Review,2026-01-17 14:39:54.374739293,Security Team,synthetic demo data,synthetic demo data
REQ-0466,Implementation,2026-01-18 01:10:30.286851367,Dev Team,synthetic demo data,synthetic demo data
REQ-0466,QA Verification,2026-01-18 02:22:46.502705623,QA Team,synthetic demo data,synthetic demo data
REQ-0466,Closed - Completed,2026-01-18 03:00:41.260459111,Service Desk,synthetic demo data,synthetic demo data
REQ-0467,Request Submitted,2026-06-28 16:51:54.258829404,Requester,synthetic demo data,synthetic demo data
REQ-0467,Triage,2026-06-28 19:11:10.024462397,Service Desk,synthetic demo data,synthetic demo data
REQ-0467,Assigned to Team,2026-06-28 23:08:58.537053499,Service Desk,synthetic demo data,synthetic demo data
REQ-0467,Manager Approval,2026-06-30 14:25:29.853994475,Engineering Manager,synthetic demo data,synthetic demo data
REQ-0467,Security Review,2026-06-30 20:43:26.872922773,Security Team,synthetic demo data,synthetic demo data
REQ-0467,Implementation,2026-07-01 03:47:59.613532220,Dev Team,synthetic demo data,synthetic demo data
REQ-0467,QA Verification,2026-07-01 04:56:42.759021421,QA Team,synthetic demo data,synthetic demo data
REQ-0467,Closed - Completed,2026-07-01 09:23:29.503313498,Service Desk,synthetic demo data,synthetic demo data
REQ-0468,Request Submitted,2026-03-02 12:20:30.637084427,Requester,synthetic demo data,synthetic demo data
REQ-0468,Triage,2026-03-02 13:18:04.474006997,Service Desk,synthetic demo data,synthetic demo data
REQ-0468,Assigned to Team,2026-03-02 14:03:22.507432693,Service Desk,synthetic demo data,synthetic demo data
REQ-0468,Manager Approval,2026-03-04 14:59:33.240484422,Engineering Manager,synthetic demo data,synthetic demo data
REQ-0468,Security Review,2026-03-06 08:47:40.552479527,Security Team,synthetic demo data,synthetic demo data
REQ-0468,Implementation,2026-03-06 14:53:29.765161425,Dev Team,synthetic demo data,synthetic demo data
REQ-0468,QA Verification,2026-03-06 16:55:49.195175505,QA Team,synthetic demo data,synthetic demo data
REQ-0468,Closed - Completed,2026-03-06 17:07:49.195175505,Service Desk,synthetic demo data,synthetic demo data
REQ-0469,Request Submitted,2026-01-28 19:39:19.147631862,Requester,synthetic demo data,synthetic demo data
REQ-0469,Triage,2026-01-28 21:00:14.481576965,Service Desk,synthetic demo data,synthetic demo data
REQ-0469,Assigned to Team,2026-01-29 00:20:09.907948436,Service Desk,synthetic demo data,synthetic demo data
REQ-0469,Manager Approval,2026-01-30 11:52:06.634346336,Engineering Manager,synthetic demo data,synthetic demo data
REQ-0469,Security Review,2026-01-31 10:46:34.531903523,Security Team,synthetic demo data,synthetic demo data
REQ-0469,Closed - Cancelled,2026-01-31 11:46:34.531903523,Service Desk,synthetic demo data,synthetic demo data
REQ-0470,Request Submitted,2026-01-09 02:46:26.555509274,Requester,synthetic demo data,synthetic demo data
REQ-0470,Triage,2026-01-09 05:26:23.554661378,Service Desk,synthetic demo data,synthetic demo data
REQ-0470,Assigned to Team,2026-01-09 08:27:31.128962254,Service Desk,synthetic demo data,synthetic demo data
REQ-0470,Manager Approval,2026-01-11 02:53:44.348213920,Engineering Manager,synthetic demo data,synthetic demo data
REQ-0470,Security Review,2026-01-12 06:00:22.796016820,Security Team,synthetic demo data,synthetic demo data
REQ-0470,Implementation,2026-01-12 08:19:09.422222541,Dev Team,synthetic demo data,synthetic demo data
REQ-0470,QA Verification,2026-01-12 10:00:59.822381998,QA Team,synthetic demo data,synthetic demo data
REQ-0470,Closed - Completed,2026-01-12 11:15:39.875794532,Service Desk,synthetic demo data,synthetic demo data
REQ-0471,Request Submitted,2026-02-27 01:16:30.094171727,Requester,synthetic demo data,synthetic demo data
REQ-0471,Triage,2026-02-27 03:37:34.809005283,Service Desk,synthetic demo data,synthetic demo data
REQ-0471,Assigned to Team,2026-02-27 08:16:30.402571723,Service Desk,synthetic demo data,synthetic demo data
REQ-0471,Manager Approval,2026-02-28 19:49:33.338169233,Engineering Manager,synthetic demo data,synthetic demo data
REQ-0471,Security Review,2026-02-28 17:42:13.584621930,Security Team,synthetic demo data,synthetic demo data
REQ-0471,Implementation,2026-03-01 06:30:09.693458886,Dev Team,synthetic demo data,synthetic demo data
REQ-0471,QA Verification,2026-03-01 13:54:42.748728024,QA Team,synthetic demo data,synthetic demo data
REQ-0471,Closed - Completed,2026-03-01 15:58:47.912196399,Service Desk,synthetic demo data,synthetic demo data
REQ-0472,Request Submitted,2026-03-05 06:51:34.221004223,Requester,synthetic demo data,synthetic demo data
REQ-0472,Triage,2026-03-05 08:33:18.594826518,Service Desk,synthetic demo data,synthetic demo data
REQ-0472,Assigned to Team,2026-03-05 10:17:54.349229118,Service Desk,synthetic demo data,synthetic demo data
REQ-0472,Manager Approval,2026-03-07 02:08:26.832365006,Engineering Manager,synthetic demo data,synthetic demo data
REQ-0472,Security Review,2026-03-08 09:16:27.269920702,Security Team,synthetic demo data,synthetic demo data
REQ-0472,Implementation,2026-03-08 17:04:18.811340060,Dev Team,synthetic demo data,synthetic demo data
REQ-0472,QA Verification,2026-03-09 02:59:44.300076882,QA Team,synthetic demo data,synthetic demo data
REQ-0472,Closed - Completed,2026-03-09 03:11:44.300076882,Service Desk,synthetic demo data,synthetic demo data
REQ-0473,Request Submitted,2026-05-16 00:07:20.762706126,Requester,synthetic demo data,synthetic demo data
REQ-0473,Triage,2026-05-16 04:30:22.662442860,Service Desk,synthetic demo data,synthetic demo data
REQ-0473,Assigned to Team,2026-05-16 07:24:25.222226340,Service Desk,synthetic demo data,synthetic demo data
REQ-0473,Manager Approval,2026-05-17 07:41:55.591337476,Engineering Manager,synthetic demo data,synthetic demo data
REQ-0473,Security Review,2026-05-18 03:55:56.763812721,Security Team,synthetic demo data,synthetic demo data
REQ-0473,Closed - Cancelled,2026-05-18 04:55:56.763812721,Service Desk,synthetic demo data,synthetic demo data
REQ-0474,Request Submitted,2026-05-09 12:41:03.772171190,Requester,synthetic demo data,synthetic demo data
REQ-0474,Triage,2026-05-09 15:40:03.436061193,Service Desk,synthetic demo data,synthetic demo data
REQ-0474,Assigned to Team,2026-05-09 17:43:27.131144556,Service Desk,synthetic demo data,synthetic demo data
REQ-0474,Manager Approval,2026-05-10 12:07:11.822939422,Engineering Manager,synthetic demo data,synthetic demo data
REQ-0474,Security Review,2026-05-11 19:54:20.453562488,Security Team,synthetic demo data,synthetic demo data
REQ-0474,Implementation,2026-05-12 09:16:00.116936194,Dev Team,synthetic demo data,synthetic demo data
REQ-0474,QA Verification,2026-05-12 16:49:03.614035534,QA Team,synthetic demo data,synthetic demo data
REQ-0474,Closed - Completed,2026-05-12 18:21:45.191632994,Service Desk,synthetic demo data,synthetic demo data
REQ-0475,Request Submitted,2026-03-12 11:53:54.128585654,Requester,synthetic demo data,synthetic demo data
REQ-0475,Triage,2026-03-12 12:54:12.945357150,Service Desk,synthetic demo data,synthetic demo data
REQ-0475,Assigned to Team,2026-03-12 14:20:13.096320284,Service Desk,synthetic demo data,synthetic demo data
REQ-0475,Manager Approval,2026-03-13 11:41:03.154218309,Engineering Manager,synthetic demo data,synthetic demo data
REQ-0475,Security Review,2026-03-13 22:22:18.194120123,Security Team,synthetic demo data,synthetic demo data
REQ-0475,Implementation,2026-03-14 00:07:00.840413101,Dev Team,synthetic demo data,synthetic demo data
REQ-0475,QA Verification,2026-03-14 06:46:30.389246443,QA Team,synthetic demo data,synthetic demo data
REQ-0475,Closed - Completed,2026-03-14 09:00:34.933337659,Service Desk,synthetic demo data,synthetic demo data
REQ-0476,Request Submitted,2026-05-05 12:19:40.928229408,Requester,synthetic demo data,synthetic demo data
REQ-0476,Triage,2026-05-05 14:37:26.890352051,Service Desk,synthetic demo data,synthetic demo data
REQ-0476,Assigned to Team,2026-05-05 18:05:35.538280134,Service Desk,synthetic demo data,synthetic demo data
REQ-0476,Manager Approval,2026-05-06 20:32:22.125199407,Engineering Manager,synthetic demo data,synthetic demo data
REQ-0476,Security Review,2026-05-07 23:14:18.533474896,Security Team,synthetic demo data,synthetic demo data
REQ-0476,Implementation,2026-05-08 10:20:21.833765546,Dev Team,synthetic demo data,synthetic demo data
REQ-0476,QA Verification,2026-05-08 17:19:17.873593679,QA Team,synthetic demo data,synthetic demo data
REQ-0476,Closed - Completed,2026-05-08 19:03:57.570655506,Service Desk,synthetic demo data,synthetic demo data
REQ-0477,Request Submitted,2026-04-27 05:34:58.781402026,Requester,synthetic demo data,synthetic demo data
REQ-0477,Triage,2026-04-27 06:46:37.477399002,Service Desk,synthetic demo data,synthetic demo data
REQ-0477,Assigned to Team,2026-04-27 08:50:38.636769932,Service Desk,synthetic demo data,synthetic demo data
REQ-0477,Manager Approval,2026-04-27 23:06:30.459943488,Engineering Manager,synthetic demo data,synthetic demo data
REQ-0477,Security Review,2026-04-28 23:04:03.996464168,Security Team,synthetic demo data,synthetic demo data
REQ-0477,Implementation,2026-04-29 11:51:15.437777580,Dev Team,synthetic demo data,synthetic demo data
REQ-0477,QA Verification,2026-04-29 15:07:48.363508425,QA Team,synthetic demo data,synthetic demo data
REQ-0477,Closed - Completed,2026-04-29 17:24:48.752677105,Service Desk,synthetic demo data,synthetic demo data
REQ-0478,Request Submitted,2026-06-15 13:19:32.420513074,Requester,synthetic demo data,synthetic demo data
REQ-0478,Triage,2026-06-15 14:38:07.234028034,Service Desk,synthetic demo data,synthetic demo data
REQ-0478,Assigned to Team,2026-06-15 18:32:17.470530508,Service Desk,synthetic demo data,synthetic demo data
REQ-0478,Manager Approval,2026-06-16 15:02:06.546568862,Engineering Manager,synthetic demo data,synthetic demo data
REQ-0478,Security Review,2026-06-17 20:08:24.343972957,Security Team,synthetic demo data,synthetic demo data
REQ-0478,Implementation,2026-06-18 03:09:25.964832221,Dev Team,synthetic demo data,synthetic demo data
REQ-0478,QA Verification,2026-06-18 07:12:30.244768596,QA Team,synthetic demo data,synthetic demo data
REQ-0478,Closed - Completed,2026-06-18 07:57:18.345824153,Service Desk,synthetic demo data,synthetic demo data
REQ-0479,Request Submitted,2026-02-09 20:15:14.270355911,Requester,synthetic demo data,synthetic demo data
REQ-0479,Triage,2026-02-09 22:31:38.226879443,Service Desk,synthetic demo data,synthetic demo data
REQ-0479,Assigned to Team,2026-02-10 04:53:07.917878080,Service Desk,synthetic demo data,synthetic demo data
REQ-0479,Manager Approval,2026-02-12 06:54:09.205482589,Engineering Manager,synthetic demo data,synthetic demo data
REQ-0479,Security Review,2026-02-13 00:08:05.305905757,Security Team,synthetic demo data,synthetic demo data
REQ-0479,Implementation,2026-02-13 06:51:45.710858935,Dev Team,synthetic demo data,synthetic demo data
REQ-0479,QA Verification,2026-02-13 14:16:18.435429376,QA Team,synthetic demo data,synthetic demo data
REQ-0479,Closed - Completed,2026-02-13 15:26:01.566379843,Service Desk,synthetic demo data,synthetic demo data
REQ-0480,Request Submitted,2026-02-25 10:13:00.762896243,Requester,synthetic demo data,synthetic demo data
REQ-0480,Triage,2026-02-25 12:28:24.014975333,Service Desk,synthetic demo data,synthetic demo data
REQ-0480,Assigned to Team,2026-02-25 16:30:13.564781295,Service Desk,synthetic demo data,synthetic demo data
REQ-0480,Manager Approval,2026-02-27 22:37:24.190903095,Engineering Manager,synthetic demo data,synthetic demo data
REQ-0480,Security Review,2026-02-28 20:09:43.144313970,Security Team,synthetic demo data,synthetic demo data
REQ-0480,Implementation,2026-02-28 03:42:35.362973422,Dev Team,synthetic demo data,synthetic demo data
REQ-0480,QA Verification,2026-02-28 14:14:09.534905305,QA Team,synthetic demo data,synthetic demo data
REQ-0480,Closed - Completed,2026-02-28 17:12:12.716402873,Service Desk,synthetic demo data,synthetic demo data
REQ-0481,Request Submitted,2026-05-19 02:54:01.503057370,Requester,synthetic demo data,synthetic demo data
REQ-0481,Triage,2026-05-19 05:05:44.874354749,Service Desk,synthetic demo data,synthetic demo data
REQ-0481,Assigned to Team,2026-05-19 08:38:18.664255615,Service Desk,synthetic demo data,synthetic demo data
REQ-0481,Manager Approval,2026-05-19 19:38:46.031768283,Engineering Manager,synthetic demo data,synthetic demo data
REQ-0481,Security Review,2026-05-20 01:45:49.530475512,Security Team,synthetic demo data,synthetic demo data
REQ-0481,Implementation,2026-05-20 06:12:51.114158676,Dev Team,synthetic demo data,synthetic demo data
REQ-0481,QA Verification,2026-05-20 09:19:11.938974153,QA Team,synthetic demo data,synthetic demo data
REQ-0481,Closed - Completed,2026-05-20 10:40:34.172523851,Service Desk,synthetic demo data,synthetic demo data
REQ-0482,Request Submitted,2026-05-24 01:16:30.566344448,Requester,synthetic demo data,synthetic demo data
REQ-0482,Triage,2026-05-24 03:28:17.586922484,Service Desk,synthetic demo data,synthetic demo data
REQ-0482,Assigned to Team,2026-05-24 04:38:06.348508255,Service Desk,synthetic demo data,synthetic demo data
REQ-0482,Manager Approval,2026-05-25 04:10:19.581481039,Engineering Manager,synthetic demo data,synthetic demo data
REQ-0482,Security Review,2026-05-26 05:27:26.729721571,Security Team,synthetic demo data,synthetic demo data
REQ-0482,Implementation,2026-05-26 15:50:14.045119316,Dev Team,synthetic demo data,synthetic demo data
REQ-0482,QA Verification,2026-05-26 19:39:48.647774886,QA Team,synthetic demo data,synthetic demo data
REQ-0482,Closed - Completed,2026-05-26 21:49:30.632365852,Service Desk,synthetic demo data,synthetic demo data
REQ-0483,Request Submitted,2026-05-11 23:31:19.589674144,Requester,synthetic demo data,synthetic demo data
REQ-0483,Triage,2026-05-12 00:49:44.116668031,Service Desk,synthetic demo data,synthetic demo data
REQ-0483,Assigned to Team,2026-05-12 03:34:05.799765475,Service Desk,synthetic demo data,synthetic demo data
REQ-0483,Manager Approval,2026-05-13 10:51:31.525984827,Engineering Manager,synthetic demo data,synthetic demo data
REQ-0483,Security Review,2026-05-14 05:29:53.670450453,Security Team,synthetic demo data,synthetic demo data
REQ-0483,Implementation,2026-05-14 13:22:22.162760711,Dev Team,synthetic demo data,synthetic demo data
REQ-0483,QA Verification,2026-05-14 15:02:32.937353793,QA Team,synthetic demo data,synthetic demo data
REQ-0483,Closed - Completed,2026-05-14 16:04:47.467643483,Service Desk,synthetic demo data,synthetic demo data
REQ-0484,Request Submitted,2026-05-23 14:27:40.491288076,Requester,synthetic demo data,synthetic demo data
REQ-0484,Triage,2026-05-23 15:53:42.209898579,Service Desk,synthetic demo data,synthetic demo data
REQ-0484,Assigned to Team,2026-05-23 18:37:46.336533766,Service Desk,synthetic demo data,synthetic demo data
REQ-0484,Manager Approval,2026-05-25 01:29:01.485246641,Engineering Manager,synthetic demo data,synthetic demo data
REQ-0484,Security Review,2026-05-26 05:29:18.481238035,Security Team,synthetic demo data,synthetic demo data
REQ-0484,Implementation,2026-05-26 13:05:29.832250779,Dev Team,synthetic demo data,synthetic demo data
REQ-0484,QA Verification,2026-05-26 20:17:20.146868000,QA Team,synthetic demo data,synthetic demo data
REQ-0484,Closed - Completed,2026-05-26 21:44:50.385782837,Service Desk,synthetic demo data,synthetic demo data
REQ-0485,Request Submitted,2026-03-19 16:34:44.701201209,Requester,synthetic demo data,synthetic demo data
REQ-0485,Triage,2026-03-19 19:26:41.642412656,Service Desk,synthetic demo data,synthetic demo data
REQ-0485,Assigned to Team,2026-03-19 23:30:54.328909856,Service Desk,synthetic demo data,synthetic demo data
REQ-0485,Manager Approval,2026-03-21 13:45:26.604303065,Engineering Manager,synthetic demo data,synthetic demo data
REQ-0485,Security Review,2026-03-22 08:52:17.880262552,Security Team,synthetic demo data,synthetic demo data
REQ-0485,Implementation,2026-03-22 17:51:05.005131992,Dev Team,synthetic demo data,synthetic demo data
REQ-0485,QA Verification,2026-03-23 03:02:30.901559268,QA Team,synthetic demo data,synthetic demo data
REQ-0485,Closed - Completed,2026-03-23 04:23:23.433109417,Service Desk,synthetic demo data,synthetic demo data
REQ-0486,Request Submitted,2026-02-07 16:51:02.955722859,Requester,synthetic demo data,synthetic demo data
REQ-0486,Triage,2026-02-07 19:15:57.962607814,Service Desk,synthetic demo data,synthetic demo data
REQ-0486,Assigned to Team,2026-02-07 21:01:47.787511788,Service Desk,synthetic demo data,synthetic demo data
REQ-0486,Manager Approval,2026-02-09 01:58:59.754315757,Engineering Manager,synthetic demo data,synthetic demo data
REQ-0486,Security Review,2026-02-09 21:08:14.194030744,Security Team,synthetic demo data,synthetic demo data
REQ-0486,Implementation,2026-02-09 21:20:14.194030744,Dev Team,synthetic demo data,synthetic demo data
REQ-0486,QA Verification,2026-02-10 02:40:42.578946749,QA Team,synthetic demo data,synthetic demo data
REQ-0486,Closed - Completed,2026-02-10 04:31:16.234748494,Service Desk,synthetic demo data,synthetic demo data
REQ-0487,Request Submitted,2026-04-06 22:37:17.885610528,Requester,synthetic demo data,synthetic demo data
REQ-0487,Triage,2026-04-06 23:24:21.011735896,Service Desk,synthetic demo data,synthetic demo data
REQ-0487,Assigned to Team,2026-04-07 01:10:08.049851391,Service Desk,synthetic demo data,synthetic demo data
REQ-0487,Manager Approval,2026-04-07 01:22:08.049851391,Engineering Manager,synthetic demo data,synthetic demo data
REQ-0487,Security Review,2026-04-07 17:02:26.349867348,Security Team,synthetic demo data,synthetic demo data
REQ-0487,Implementation,2026-04-07 23:27:29.082687933,Dev Team,synthetic demo data,synthetic demo data
REQ-0487,QA Verification,2026-04-08 03:55:41.329183523,QA Team,synthetic demo data,synthetic demo data
REQ-0487,Closed - Completed,2026-04-08 07:02:08.967605664,Service Desk,synthetic demo data,synthetic demo data
REQ-0488,Request Submitted,2026-06-26 19:53:08.973279080,Requester,synthetic demo data,synthetic demo data
REQ-0488,Triage,2026-06-26 21:30:54.766286336,Service Desk,synthetic demo data,synthetic demo data
REQ-0488,Assigned to Team,2026-06-27 02:03:16.190494113,Service Desk,synthetic demo data,synthetic demo data
REQ-0488,Manager Approval,2026-06-28 07:46:40.394358386,Engineering Manager,synthetic demo data,synthetic demo data
REQ-0488,Security Review,2026-06-28 20:24:48.445097427,Security Team,synthetic demo data,synthetic demo data
REQ-0488,Implementation,2026-06-28 21:32:54.464141649,Dev Team,synthetic demo data,synthetic demo data
REQ-0488,QA Verification,2026-06-29 02:13:28.267607575,QA Team,synthetic demo data,synthetic demo data
REQ-0488,Closed - Completed,2026-06-29 04:58:44.984629396,Service Desk,synthetic demo data,synthetic demo data
REQ-0489,Request Submitted,2026-01-20 02:51:42.661667566,Requester,synthetic demo data,synthetic demo data
REQ-0489,Triage,2026-01-20 04:05:47.381813132,Service Desk,synthetic demo data,synthetic demo data
REQ-0489,Assigned to Team,2026-01-20 05:19:08.569688397,Service Desk,synthetic demo data,synthetic demo data
REQ-0489,Manager Approval,2026-01-21 19:02:47.096462199,Engineering Manager,synthetic demo data,synthetic demo data
REQ-0489,Security Review,2026-01-21 23:09:53.536364948,Security Team,synthetic demo data,synthetic demo data
REQ-0489,Closed - Cancelled,2026-01-22 00:09:53.536364948,Service Desk,synthetic demo data,synthetic demo data
REQ-0490,Request Submitted,2026-04-09 19:11:20.658717129,Requester,synthetic demo data,synthetic demo data
REQ-0490,Triage,2026-04-09 21:37:31.264748767,Service Desk,synthetic demo data,synthetic demo data
REQ-0490,Assigned to Team,2026-04-10 00:17:45.091720298,Service Desk,synthetic demo data,synthetic demo data
REQ-0490,Manager Approval,2026-04-11 14:12:18.100659057,Engineering Manager,synthetic demo data,synthetic demo data
REQ-0490,Security Review,2026-04-12 11:44:36.503883613,Security Team,synthetic demo data,synthetic demo data
REQ-0490,Implementation,2026-04-12 16:37:51.520560820,Dev Team,synthetic demo data,synthetic demo data
REQ-0490,QA Verification,2026-04-13 04:10:55.973642470,QA Team,synthetic demo data,synthetic demo data
REQ-0490,Closed - Completed,2026-04-13 05:49:49.927875872,Service Desk,synthetic demo data,synthetic demo data
REQ-0491,Request Submitted,2026-05-25 11:55:12.112619808,Requester,synthetic demo data,synthetic demo data
REQ-0491,Triage,2026-05-25 15:11:47.407797819,Service Desk,synthetic demo data,synthetic demo data
REQ-0491,Assigned to Team,2026-05-25 20:23:58.732018953,Service Desk,synthetic demo data,synthetic demo data
REQ-0491,Manager Approval,2026-05-27 02:49:02.354890135,Engineering Manager,synthetic demo data,synthetic demo data
REQ-0491,Closed - Rejected,2026-05-27 03:49:02.354890135,Service Desk,synthetic demo data,synthetic demo data
REQ-0492,Request Submitted,2026-02-04 14:03:46.908529655,Requester,synthetic demo data,synthetic demo data
REQ-0492,Triage,2026-02-04 15:25:12.887678948,Service Desk,synthetic demo data,synthetic demo data
REQ-0492,Assigned to Team,2026-02-04 19:14:27.348128320,Service Desk,synthetic demo data,synthetic demo data
REQ-0492,Manager Approval,2026-02-05 13:55:12.372446743,Engineering Manager,synthetic demo data,synthetic demo data
REQ-0492,Closed - Rejected,2026-02-05 14:55:12.372446743,Service Desk,synthetic demo data,synthetic demo data
REQ-0493,Request Submitted,2026-03-05 13:54:46.420241107,Requester,synthetic demo data,synthetic demo data
REQ-0493,Triage,2026-03-05 16:53:15.187927627,Service Desk,synthetic demo data,synthetic demo data
REQ-0493,Assigned to Team,2026-03-05 18:49:40.760216201,Service Desk,synthetic demo data,synthetic demo data
REQ-0493,Manager Approval,2026-03-06 14:33:28.512503748,Engineering Manager,synthetic demo data,synthetic demo data
REQ-0493,Security Review,2026-03-07 04:44:51.182584119,Security Team,synthetic demo data,synthetic demo data
REQ-0493,Implementation,2026-03-07 15:40:41.192341222,Dev Team,synthetic demo data,synthetic demo data
REQ-0493,QA Verification,2026-03-07 18:40:41.356708469,QA Team,synthetic demo data,synthetic demo data
REQ-0493,Closed - Completed,2026-03-07 21:02:05.522208998,Service Desk,synthetic demo data,synthetic demo data
REQ-0494,Request Submitted,2026-02-03 02:04:18.238611075,Requester,synthetic demo data,synthetic demo data
REQ-0494,Triage,2026-02-03 05:04:54.467919788,Service Desk,synthetic demo data,synthetic demo data
REQ-0494,Assigned to Team,2026-02-03 07:37:31.193004543,Service Desk,synthetic demo data,synthetic demo data
REQ-0494,Manager Approval,2026-02-04 10:37:52.870714449,Engineering Manager,synthetic demo data,synthetic demo data
REQ-0494,Closed - Rejected,2026-02-04 11:37:52.870714449,Service Desk,synthetic demo data,synthetic demo data
REQ-0495,Request Submitted,2026-06-06 11:16:52.019226058,Requester,synthetic demo data,synthetic demo data
REQ-0495,Triage,2026-06-06 12:30:52.545616934,Service Desk,synthetic demo data,synthetic demo data
REQ-0495,Assigned to Team,2026-06-06 16:02:21.313432595,Service Desk,synthetic demo data,synthetic demo data
REQ-0495,Manager Approval,2026-06-07 21:02:26.983649447,Engineering Manager,synthetic demo data,synthetic demo data
REQ-0495,Security Review,2026-06-08 07:33:56.812404629,Security Team,synthetic demo data,synthetic demo data
REQ-0495,Implementation,2026-06-08 13:07:45.727133573,Dev Team,synthetic demo data,synthetic demo data
REQ-0495,QA Verification,2026-06-08 23:16:40.747315212,QA Team,synthetic demo data,synthetic demo data
REQ-0495,Closed - Completed,2026-06-09 01:28:46.714468696,Service Desk,synthetic demo data,synthetic demo data
REQ-0496,Request Submitted,2026-01-13 11:08:35.305070154,Requester,synthetic demo data,synthetic demo data
REQ-0496,Triage,2026-01-13 16:35:49.872118233,Service Desk,synthetic demo data,synthetic demo data
REQ-0496,Closed - Cancelled,2026-01-13 17:35:49.872118233,Service Desk,synthetic demo data,synthetic demo data
REQ-0497,Request Submitted,2026-04-28 07:55:32.131313382,Requester,synthetic demo data,synthetic demo data
REQ-0497,Triage,2026-04-28 11:20:44.231817415,Service Desk,synthetic demo data,synthetic demo data
REQ-0497,Assigned to Team,2026-04-28 11:35:02.636514033,Service Desk,synthetic demo data,synthetic demo data
REQ-0497,Manager Approval,2026-04-29 18:54:16.372395640,Engineering Manager,synthetic demo data,synthetic demo data
REQ-0497,Security Review,2026-05-01 08:51:15.855623306,Security Team,synthetic demo data,synthetic demo data
REQ-0497,Implementation,2026-05-01 16:23:22.585928525,Dev Team,synthetic demo data,synthetic demo data
REQ-0497,QA Verification,2026-05-01 17:11:22.934646325,QA Team,synthetic demo data,synthetic demo data
REQ-0497,Closed - Completed,2026-05-01 18:47:37.629974446,Service Desk,synthetic demo data,synthetic demo data
REQ-0498,Request Submitted,2026-02-05 14:43:59.957565638,Requester,synthetic demo data,synthetic demo data
REQ-0498,Triage,2026-02-05 15:53:40.075571392,Service Desk,synthetic demo data,synthetic demo data
REQ-0498,Assigned to Team,2026-02-05 17:51:59.764412625,Service Desk,synthetic demo data,synthetic demo data
REQ-0498,Manager Approval,2026-02-06 16:01:50.870746674,Engineering Manager,synthetic demo data,synthetic demo data
REQ-0498,Security Review,2026-02-07 15:16:53.682190023,Security Team,synthetic demo data,synthetic demo data
REQ-0498,Implementation,2026-02-08 04:38:03.706504339,Dev Team,synthetic demo data,synthetic demo data
REQ-0498,QA Verification,2026-02-08 13:47:29.875042570,QA Team,synthetic demo data,synthetic demo data
REQ-0498,Closed - Completed,2026-02-08 16:14:51.518898162,Service Desk,synthetic demo data,synthetic demo data
REQ-0499,Request Submitted,2026-03-25 02:31:34.848534585,Requester,synthetic demo data,synthetic demo data
REQ-0499,Triage,2026-03-25 05:03:34.555810954,Service Desk,synthetic demo data,synthetic demo data
REQ-0499,Assigned to Team,2026-03-25 06:02:29.011882116,Service Desk,synthetic demo data,synthetic demo data
REQ-0499,Manager Approval,2026-03-26 08:53:00.434020258,Engineering Manager,synthetic demo data,synthetic demo data
REQ-0499,Security Review,2026-03-27 07:37:14.908476690,Security Team,synthetic demo data,synthetic demo data
REQ-0499,Implementation,2026-03-27 11:04:13.554943467,Dev Team,synthetic demo data,synthetic demo data
REQ-0499,QA Verification,2026-03-27 13:59:51.521732391,QA Team,synthetic demo data,synthetic demo data
REQ-0499,Closed - Completed,2026-03-27 15:54:12.685899946,Service Desk,synthetic demo data,synthetic demo data
REQ-0500,Request Submitted,2026-03-17 11:59:51.856602788,Requester,synthetic demo data,synthetic demo data
REQ-0500,Triage,2026-03-17 14:36:17.248967961,Service Desk,synthetic demo data,synthetic demo data
REQ-0500,Assigned to Team,2026-03-17 17:42:54.994580918,Service Desk,synthetic demo data,synthetic demo data
REQ-0500,Manager Approval,2026-03-18 13:16:06.779001642,Engineering Manager,synthetic demo data,synthetic demo data
REQ-0500,Security Review,2026-03-18 23:37:49.392336279,Security Team,synthetic demo data,synthetic demo data
REQ-0500,Implementation,2026-03-19 05:35:12.762264339,Dev Team,synthetic demo data,synthetic demo data
REQ-0500,QA Verification,2026-03-19 12:49:00.066582129,QA Team,synthetic demo data,synthetic demo data
REQ-0500,Closed - Completed,2026-03-19 15:09:11.911925987,Service Desk,synthetic demo data,synthetic demo data
REQ-0501,Request Submitted,2026-06-03 14:06:08.916360740,Requester,synthetic demo data,synthetic demo data
REQ-0501,Triage,2026-06-03 17:18:25.143546522,Service Desk,synthetic demo data,synthetic demo data
REQ-0501,Assigned to Team,2026-06-03 20:25:32.904804664,Service Desk,synthetic demo data,synthetic demo data
REQ-0501,Manager Approval,2026-06-04 06:35:15.655584273,Engineering Manager,synthetic demo data,synthetic demo data
REQ-0501,Security Review,2026-06-05 23:47:24.261868053,Security Team,synthetic demo data,synthetic demo data
REQ-0501,Implementation,2026-06-06 07:40:27.500922720,Dev Team,synthetic demo data,synthetic demo data
REQ-0501,QA Verification,2026-06-06 14:49:38.307683304,QA Team,synthetic demo data,synthetic demo data
REQ-0501,Closed - Completed,2026-06-06 17:13:36.596805066,Service Desk,synthetic demo data,synthetic demo data
REQ-0502,Request Submitted,2026-06-13 03:18:29.211902126,Requester,synthetic demo data,synthetic demo data
REQ-0502,Triage,2026-06-13 07:25:47.241848363,Service Desk,synthetic demo data,synthetic demo data
REQ-0502,Assigned to Team,2026-06-13 11:56:04.553544298,Service Desk,synthetic demo data,synthetic demo data
REQ-0502,Manager Approval,2026-06-15 05:26:30.188480175,Engineering Manager,synthetic demo data,synthetic demo data
REQ-0502,Security Review,2026-06-16 06:37:41.958291845,Security Team,synthetic demo data,synthetic demo data
REQ-0502,Implementation,2026-06-16 10:36:54.187870636,Dev Team,synthetic demo data,synthetic demo data
REQ-0502,QA Verification,2026-06-16 20:26:51.513941430,QA Team,synthetic demo data,synthetic demo data
REQ-0502,Closed - Completed,2026-06-16 21:36:16.236372587,Service Desk,synthetic demo data,synthetic demo data
REQ-0503,Request Submitted,2026-03-13 21:47:56.560014904,Requester,synthetic demo data,synthetic demo data
REQ-0503,Triage,2026-03-13 21:59:56.560014904,Service Desk,synthetic demo data,synthetic demo data
REQ-0503,Assigned to Team,2026-03-14 01:28:35.332509230,Service Desk,synthetic demo data,synthetic demo data
REQ-0503,Manager Approval,2026-03-14 20:08:56.729442606,Engineering Manager,synthetic demo data,synthetic demo data
REQ-0503,Security Review,2026-03-14 22:14:47.700132574,Security Team,synthetic demo data,synthetic demo data
REQ-0503,Implementation,2026-03-15 08:24:32.476975011,Dev Team,synthetic demo data,synthetic demo data
REQ-0503,QA Verification,2026-03-15 20:46:09.349302359,QA Team,synthetic demo data,synthetic demo data
REQ-0503,Closed - Completed,2026-03-16 00:09:31.766233247,Service Desk,synthetic demo data,synthetic demo data
REQ-0504,Request Submitted,2026-01-03 13:46:14.879259535,Requester,synthetic demo data,synthetic demo data
REQ-0504,Triage,2026-01-03 16:39:30.621783957,Service Desk,synthetic demo data,synthetic demo data
REQ-0504,Closed - Cancelled,2026-01-03 17:39:30.621783957,Service Desk,synthetic demo data,synthetic demo data
REQ-0505,Request Submitted,2026-03-03 08:11:37.105673629,Requester,synthetic demo data,synthetic demo data
REQ-0505,Triage,2026-03-03 10:13:40.145450237,Service Desk,synthetic demo data,synthetic demo data
REQ-0505,Assigned to Team,2026-03-03 13:40:43.465406765,Service Desk,synthetic demo data,synthetic demo data
REQ-0505,Manager Approval,2026-03-05 03:25:58.831948818,Engineering Manager,synthetic demo data,synthetic demo data
REQ-0505,Security Review,2026-03-05 22:14:07.155227652,Security Team,synthetic demo data,synthetic demo data
REQ-0505,Implementation,2026-03-06 05:45:17.927698662,Dev Team,synthetic demo data,synthetic demo data
REQ-0505,QA Verification,2026-03-06 15:53:40.116860009,QA Team,synthetic demo data,synthetic demo data
REQ-0505,Closed - Completed,2026-03-06 19:06:14.391388803,Service Desk,synthetic demo data,synthetic demo data
REQ-0506,Request Submitted,2026-05-22 04:33:17.974030746,Requester,synthetic demo data,synthetic demo data
REQ-0506,Triage,2026-05-22 06:10:06.769286730,Service Desk,synthetic demo data,synthetic demo data
REQ-0506,Assigned to Team,2026-05-22 11:36:10.825909328,Service Desk,synthetic demo data,synthetic demo data
REQ-0506,Manager Approval,2026-05-24 01:11:53.604263519,Engineering Manager,synthetic demo data,synthetic demo data
REQ-0506,Security Review,2026-05-26 02:38:14.850623271,Security Team,synthetic demo data,synthetic demo data
REQ-0506,Implementation,2026-05-26 05:52:03.110877603,Dev Team,synthetic demo data,synthetic demo data
REQ-0506,QA Verification,2026-05-26 09:47:58.182153655,QA Team,synthetic demo data,synthetic demo data
REQ-0506,Closed - Completed,2026-05-26 12:13:05.854335176,Service Desk,synthetic demo data,synthetic demo data
REQ-0507,Request Submitted,2026-01-11 23:01:14.051271035,Requester,synthetic demo data,synthetic demo data
REQ-0507,Triage,2026-01-12 00:21:07.902411156,Service Desk,synthetic demo data,synthetic demo data
REQ-0507,Assigned to Team,2026-01-12 04:42:34.462412102,Service Desk,synthetic demo data,synthetic demo data
REQ-0507,Manager Approval,2026-01-14 02:59:02.597848074,Engineering Manager,synthetic demo data,synthetic demo data
REQ-0507,Security Review,2026-01-15 05:19:33.187612022,Security Team,synthetic demo data,synthetic demo data
REQ-0507,Implementation,2026-01-15 09:28:54.840288311,Dev Team,synthetic demo data,synthetic demo data
REQ-0507,QA Verification,2026-01-15 19:42:18.635385056,QA Team,synthetic demo data,synthetic demo data
REQ-0507,Closed - Completed,2026-01-15 22:56:04.205137791,Service Desk,synthetic demo data,synthetic demo data
REQ-0508,Request Submitted,2026-01-14 00:44:38.826954410,Requester,synthetic demo data,synthetic demo data
REQ-0508,Triage,2026-01-14 02:58:12.815790569,Service Desk,synthetic demo data,synthetic demo data
REQ-0508,Assigned to Team,2026-01-14 05:51:07.642512476,Service Desk,synthetic demo data,synthetic demo data
REQ-0508,Manager Approval,2026-01-15 20:49:23.213278809,Engineering Manager,synthetic demo data,synthetic demo data
REQ-0508,Closed - Rejected,2026-01-15 21:49:23.213278809,Service Desk,synthetic demo data,synthetic demo data
REQ-0509,Request Submitted,2026-01-24 07:28:59.588521069,Requester,synthetic demo data,synthetic demo data
REQ-0509,Triage,2026-01-24 08:38:04.898609799,Service Desk,synthetic demo data,synthetic demo data
REQ-0509,Assigned to Team,2026-01-24 10:03:42.503727730,Service Desk,synthetic demo data,synthetic demo data
REQ-0509,Manager Approval,2026-01-25 05:31:59.876543654,Engineering Manager,synthetic demo data,synthetic demo data
REQ-0509,Security Review,2026-01-26 03:31:56.961202256,Security Team,synthetic demo data,synthetic demo data
REQ-0509,Closed - Cancelled,2026-01-26 04:31:56.961202256,Service Desk,synthetic demo data,synthetic demo data
REQ-0510,Request Submitted,2026-06-07 06:23:51.297924910,Requester,synthetic demo data,synthetic demo data
REQ-0510,Triage,2026-06-07 08:53:54.225205676,Service Desk,synthetic demo data,synthetic demo data
REQ-0510,Assigned to Team,2026-06-07 10:57:26.692205724,Service Desk,synthetic demo data,synthetic demo data
REQ-0510,Manager Approval,2026-06-09 13:28:35.964690329,Engineering Manager,synthetic demo data,synthetic demo data
REQ-0510,Security Review,2026-06-10 07:04:02.133893990,Security Team,synthetic demo data,synthetic demo data
REQ-0510,Implementation,2026-06-10 13:20:00.785313136,Dev Team,synthetic demo data,synthetic demo data
REQ-0510,QA Verification,2026-06-10 20:46:50.556676326,QA Team,synthetic demo data,synthetic demo data
REQ-0510,Closed - Completed,2026-06-10 20:58:50.556676326,Service Desk,synthetic demo data,synthetic demo data
REQ-0511,Request Submitted,2026-06-20 18:30:25.681559398,Requester,synthetic demo data,synthetic demo data
REQ-0511,Triage,2026-06-20 18:46:10.962614774,Service Desk,synthetic demo data,synthetic demo data
REQ-0511,Assigned to Team,2026-06-20 23:26:45.863278213,Service Desk,synthetic demo data,synthetic demo data
REQ-0511,Manager Approval,2026-06-23 02:36:07.146222713,Engineering Manager,synthetic demo data,synthetic demo data
REQ-0511,Security Review,2026-06-23 19:16:36.793277223,Security Team,synthetic demo data,synthetic demo data
REQ-0511,Implementation,2026-06-24 04:26:38.897128161,Dev Team,synthetic demo data,synthetic demo data
REQ-0511,QA Verification,2026-06-24 13:48:05.037644552,QA Team,synthetic demo data,synthetic demo data
REQ-0511,Closed - Completed,2026-06-24 15:20:04.596567595,Service Desk,synthetic demo data,synthetic demo data
REQ-0512,Request Submitted,2026-03-26 22:26:25.835913242,Requester,synthetic demo data,synthetic demo data
REQ-0512,Triage,2026-03-26 23:57:46.467657242,Service Desk,synthetic demo data,synthetic demo data
REQ-0512,Assigned to Team,2026-03-27 01:45:50.050749887,Service Desk,synthetic demo data,synthetic demo data
REQ-0512,Manager Approval,2026-03-28 12:33:39.469589305,Engineering Manager,synthetic demo data,synthetic demo data
REQ-0512,Security Review,2026-03-29 18:58:57.666892428,Security Team,synthetic demo data,synthetic demo data
REQ-0512,Implementation,2026-03-30 02:14:46.440669940,Dev Team,synthetic demo data,synthetic demo data
REQ-0512,QA Verification,2026-03-30 04:25:56.949742886,QA Team,synthetic demo data,synthetic demo data
REQ-0512,Closed - Completed,2026-03-30 05:20:59.205182653,Service Desk,synthetic demo data,synthetic demo data
REQ-0513,Request Submitted,2026-01-31 22:05:26.690225491,Requester,synthetic demo data,synthetic demo data
REQ-0513,Triage,2026-02-01 00:29:04.100223022,Service Desk,synthetic demo data,synthetic demo data
REQ-0513,Assigned to Team,2026-02-01 02:54:14.858849505,Service Desk,synthetic demo data,synthetic demo data
REQ-0513,Manager Approval,2026-02-02 19:37:50.530778759,Engineering Manager,synthetic demo data,synthetic demo data
REQ-0513,Security Review,2026-02-03 13:28:30.774985748,Security Team,synthetic demo data,synthetic demo data
REQ-0513,Implementation,2026-02-03 19:57:43.467855703,Dev Team,synthetic demo data,synthetic demo data
REQ-0513,QA Verification,2026-02-03 23:05:12.109514194,QA Team,synthetic demo data,synthetic demo data
REQ-0513,Closed - Completed,2026-02-04 02:29:42.525353480,Service Desk,synthetic demo data,synthetic demo data
REQ-0514,Request Submitted,2026-05-31 22:31:27.828914904,Requester,synthetic demo data,synthetic demo data
REQ-0514,Triage,2026-06-01 00:03:38.347138832,Service Desk,synthetic demo data,synthetic demo data
REQ-0514,Assigned to Team,2026-06-01 02:26:42.507188993,Service Desk,synthetic demo data,synthetic demo data
REQ-0514,Manager Approval,2026-06-03 08:08:15.191057330,Engineering Manager,synthetic demo data,synthetic demo data
REQ-0514,Security Review,2026-06-03 21:42:37.343670048,Security Team,synthetic demo data,synthetic demo data
REQ-0514,Implementation,2026-06-04 02:59:24.347852038,Dev Team,synthetic demo data,synthetic demo data
REQ-0514,QA Verification,2026-06-04 08:35:56.090071707,QA Team,synthetic demo data,synthetic demo data
REQ-0514,Closed - Completed,2026-06-04 11:00:45.940660631,Service Desk,synthetic demo data,synthetic demo data
REQ-0515,Request Submitted,2026-04-27 23:40:02.142739202,Requester,synthetic demo data,synthetic demo data
REQ-0515,Triage,2026-04-28 00:48:05.629288027,Service Desk,synthetic demo data,synthetic demo data
REQ-0515,Assigned to Team,2026-04-28 05:43:24.832112935,Service Desk,synthetic demo data,synthetic demo data
REQ-0515,Manager Approval,2026-04-29 12:46:13.582285364,Engineering Manager,synthetic demo data,synthetic demo data
REQ-0515,Security Review,2026-04-30 12:49:48.810277367,Security Team,synthetic demo data,synthetic demo data
REQ-0515,Implementation,2026-04-30 19:47:04.344894075,Dev Team,synthetic demo data,synthetic demo data
REQ-0515,QA Verification,2026-04-30 23:48:21.769775403,QA Team,synthetic demo data,synthetic demo data
REQ-0515,Closed - Completed,2026-05-01 03:29:01.019794954,Service Desk,synthetic demo data,synthetic demo data
REQ-0516,Request Submitted,2026-01-04 20:54:23.199889531,Requester,synthetic demo data,synthetic demo data
REQ-0516,Triage,2026-01-05 00:00:09.312408410,Service Desk,synthetic demo data,synthetic demo data
REQ-0516,Assigned to Team,2026-01-05 01:55:08.566470526,Service Desk,synthetic demo data,synthetic demo data
REQ-0516,Manager Approval,2026-01-05 23:35:34.308344316,Engineering Manager,synthetic demo data,synthetic demo data
REQ-0516,Security Review,2026-01-06 19:41:06.300906463,Security Team,synthetic demo data,synthetic demo data
REQ-0516,Implementation,2026-01-07 03:41:10.190405332,Dev Team,synthetic demo data,synthetic demo data
REQ-0516,QA Verification,2026-01-07 10:27:53.992962686,QA Team,synthetic demo data,synthetic demo data
REQ-0516,Closed - Completed,2026-01-07 14:33:24.001684509,Service Desk,synthetic demo data,synthetic demo data
REQ-0517,Request Submitted,2026-01-10 18:51:29.832293215,Requester,synthetic demo data,synthetic demo data
REQ-0517,Triage,2026-01-10 21:11:04.508489568,Service Desk,synthetic demo data,synthetic demo data
REQ-0517,Assigned to Team,2026-01-11 00:14:29.060459811,Service Desk,synthetic demo data,synthetic demo data
REQ-0517,Manager Approval,2026-01-12 06:50:58.941687124,Engineering Manager,synthetic demo data,synthetic demo data
REQ-0517,Security Review,2026-01-13 05:03:47.634511559,Security Team,synthetic demo data,synthetic demo data
REQ-0517,Implementation,2026-01-13 12:56:54.667169041,Dev Team,synthetic demo data,synthetic demo data
REQ-0517,QA Verification,2026-01-13 18:47:26.456564042,QA Team,synthetic demo data,synthetic demo data
REQ-0517,Closed - Completed,2026-01-13 21:24:13.415719216,Service Desk,synthetic demo data,synthetic demo data
REQ-0518,Request Submitted,2026-02-02 19:56:43.608116994,Requester,synthetic demo data,synthetic demo data
REQ-0518,Triage,2026-02-03 00:58:09.221346434,Service Desk,synthetic demo data,synthetic demo data
REQ-0518,Assigned to Team,2026-02-03 02:53:43.591150015,Service Desk,synthetic demo data,synthetic demo data
REQ-0518,Manager Approval,2026-02-04 10:17:50.793938002,Engineering Manager,synthetic demo data,synthetic demo data
REQ-0518,Security Review,2026-02-04 16:50:11.401809640,Security Team,synthetic demo data,synthetic demo data
REQ-0518,Implementation,2026-02-05 01:18:08.546986380,Dev Team,synthetic demo data,synthetic demo data
REQ-0518,QA Verification,2026-02-05 04:30:09.711038935,QA Team,synthetic demo data,synthetic demo data
REQ-0518,Closed - Completed,2026-02-05 06:03:36.808444674,Service Desk,synthetic demo data,synthetic demo data
REQ-0519,Request Submitted,2026-02-25 20:06:30.513588048,Requester,synthetic demo data,synthetic demo data
REQ-0519,Triage,2026-02-25 22:40:36.787876517,Service Desk,synthetic demo data,synthetic demo data
REQ-0519,Assigned to Team,2026-02-25 23:01:12.281749200,Service Desk,synthetic demo data,synthetic demo data
REQ-0519,Manager Approval,2026-02-28 06:44:11.798308582,Engineering Manager,synthetic demo data,synthetic demo data
REQ-0519,Security Review,2026-02-28 16:00:34.843834065,Security Team,synthetic demo data,synthetic demo data
REQ-0519,Implementation,2026-02-28 06:07:26.119559896,Dev Team,synthetic demo data,synthetic demo data
REQ-0519,QA Verification,2026-02-28 15:11:18.793312496,QA Team,synthetic demo data,synthetic demo data
REQ-0519,Closed - Completed,2026-02-28 17:45:57.191182920,Service Desk,synthetic demo data,synthetic demo data
REQ-0520,Request Submitted,2026-02-24 16:42:47.065611750,Requester,synthetic demo data,synthetic demo data
REQ-0520,Triage,2026-02-24 18:14:31.748533428,Service Desk,synthetic demo data,synthetic demo data
REQ-0520,Assigned to Team,2026-02-24 21:17:08.562219556,Service Desk,synthetic demo data,synthetic demo data
REQ-0520,Manager Approval,2026-02-25 23:47:15.000361643,Engineering Manager,synthetic demo data,synthetic demo data
REQ-0520,Closed - Rejected,2026-02-26 00:47:15.000361643,Service Desk,synthetic demo data,synthetic demo data
REQ-0521,Request Submitted,2026-01-21 02:37:28.897392495,Requester,synthetic demo data,synthetic demo data
REQ-0521,Triage,2026-01-21 04:32:36.911628917,Service Desk,synthetic demo data,synthetic demo data
REQ-0521,Assigned to Team,2026-01-21 06:48:58.989471604,Service Desk,synthetic demo data,synthetic demo data
REQ-0521,Manager Approval,2026-01-22 04:58:18.496936983,Engineering Manager,synthetic demo data,synthetic demo data
REQ-0521,Security Review,2026-01-23 04:11:52.587211266,Security Team,synthetic demo data,synthetic demo data
REQ-0521,Implementation,2026-01-23 08:37:22.495939825,Dev Team,synthetic demo data,synthetic demo data
REQ-0521,QA Verification,2026-01-23 08:49:22.495939825,QA Team,synthetic demo data,synthetic demo data
REQ-0521,Closed - Completed,2026-01-23 11:13:48.163231374,Service Desk,synthetic demo data,synthetic demo data
REQ-0522,Request Submitted,2026-04-29 06:09:13.213048878,Requester,synthetic demo data,synthetic demo data
REQ-0522,Triage,2026-04-29 07:00:20.762698193,Service Desk,synthetic demo data,synthetic demo data
REQ-0522,Assigned to Team,2026-04-29 10:08:21.014618995,Service Desk,synthetic demo data,synthetic demo data
REQ-0522,Manager Approval,2026-04-29 19:38:08.583255990,Engineering Manager,synthetic demo data,synthetic demo data
REQ-0522,Security Review,2026-04-30 06:23:26.311923309,Security Team,synthetic demo data,synthetic demo data
REQ-0522,Implementation,2026-04-30 11:23:16.261637649,Dev Team,synthetic demo data,synthetic demo data
REQ-0522,QA Verification,2026-04-30 19:55:10.803603277,QA Team,synthetic demo data,synthetic demo data
REQ-0522,Closed - Completed,2026-04-30 21:33:25.404181704,Service Desk,synthetic demo data,synthetic demo data
REQ-0523,Request Submitted,2026-02-28 06:22:41.191017286,Requester,synthetic demo data,synthetic demo data
REQ-0523,Triage,2026-02-28 08:43:50.056007165,Service Desk,synthetic demo data,synthetic demo data
REQ-0523,Assigned to Team,2026-02-28 12:14:20.626363729,Service Desk,synthetic demo data,synthetic demo data
REQ-0523,Manager Approval,2026-03-01 13:03:47.708805206,Engineering Manager,synthetic demo data,synthetic demo data
REQ-0523,Security Review,2026-03-02 03:41:45.266773774,Security Team,synthetic demo data,synthetic demo data
REQ-0523,Implementation,2026-03-02 03:53:45.266773774,Dev Team,synthetic demo data,synthetic demo data
REQ-0523,QA Verification,2026-03-02 12:48:07.664518548,QA Team,synthetic demo data,synthetic demo data
REQ-0523,Closed - Completed,2026-03-02 15:15:01.579459270,Service Desk,synthetic demo data,synthetic demo data
REQ-0524,Request Submitted,2026-02-20 12:37:24.728805497,Requester,synthetic demo data,synthetic demo data
REQ-0524,Triage,2026-02-20 15:21:34.848149636,Service Desk,synthetic demo data,synthetic demo data
REQ-0524,Assigned to Team,2026-02-20 16:01:39.413755004,Service Desk,synthetic demo data,synthetic demo data
REQ-0524,Manager Approval,2026-02-21 13:46:09.394644692,Engineering Manager,synthetic demo data,synthetic demo data
REQ-0524,Security Review,2026-02-21 23:32:33.181886974,Security Team,synthetic demo data,synthetic demo data
REQ-0524,Implementation,2026-02-22 14:37:42.915554783,Dev Team,synthetic demo data,synthetic demo data
REQ-0524,QA Verification,2026-02-22 23:15:19.995298798,QA Team,synthetic demo data,synthetic demo data
REQ-0524,Closed - Completed,2026-02-22 23:27:19.995298798,Service Desk,synthetic demo data,synthetic demo data
REQ-0525,Request Submitted,2026-03-24 00:43:37.680202999,Requester,synthetic demo data,synthetic demo data
REQ-0525,Triage,2026-03-24 02:15:16.895439538,Service Desk,synthetic demo data,synthetic demo data
REQ-0525,Assigned to Team,2026-03-24 03:16:05.231515922,Service Desk,synthetic demo data,synthetic demo data
REQ-0525,Manager Approval,2026-03-26 12:29:41.248293506,Engineering Manager,synthetic demo data,synthetic demo data
REQ-0525,Security Review,2026-03-27 11:18:27.541506541,Security Team,synthetic demo data,synthetic demo data
REQ-0525,Implementation,2026-03-27 21:12:24.896555769,Dev Team,synthetic demo data,synthetic demo data
REQ-0525,QA Verification,2026-03-28 01:07:51.135104061,QA Team,synthetic demo data,synthetic demo data
REQ-0525,Closed - Completed,2026-03-28 03:51:11.322033901,Service Desk,synthetic demo data,synthetic demo data
REQ-0526,Request Submitted,2026-04-06 10:14:17.212632824,Requester,synthetic demo data,synthetic demo data
REQ-0526,Triage,2026-04-06 12:50:56.819688194,Service Desk,synthetic demo data,synthetic demo data
REQ-0526,Assigned to Team,2026-04-06 13:24:20.232836868,Service Desk,synthetic demo data,synthetic demo data
REQ-0526,Manager Approval,2026-04-08 17:45:50.436973357,Engineering Manager,synthetic demo data,synthetic demo data
REQ-0526,Security Review,2026-04-09 15:24:19.847530410,Security Team,synthetic demo data,synthetic demo data
REQ-0526,Implementation,2026-04-10 04:31:45.444136848,Dev Team,synthetic demo data,synthetic demo data
REQ-0526,QA Verification,2026-04-10 07:18:10.910765364,QA Team,synthetic demo data,synthetic demo data
REQ-0526,Closed - Completed,2026-04-10 08:22:47.516318862,Service Desk,synthetic demo data,synthetic demo data
REQ-0527,Request Submitted,2026-06-03 11:45:45.622084174,Requester,synthetic demo data,synthetic demo data
REQ-0527,Triage,2026-06-03 13:49:43.161971079,Service Desk,synthetic demo data,synthetic demo data
REQ-0527,Assigned to Team,2026-06-03 16:07:55.338147230,Service Desk,synthetic demo data,synthetic demo data
REQ-0527,Manager Approval,2026-06-04 07:56:06.250825811,Engineering Manager,synthetic demo data,synthetic demo data
REQ-0527,Security Review,2026-06-04 16:32:08.531686531,Security Team,synthetic demo data,synthetic demo data
REQ-0527,Implementation,2026-06-05 00:20:30.363519753,Dev Team,synthetic demo data,synthetic demo data
REQ-0527,QA Verification,2026-06-05 04:56:42.026300196,QA Team,synthetic demo data,synthetic demo data
REQ-0527,Closed - Completed,2026-06-05 06:15:33.841127706,Service Desk,synthetic demo data,synthetic demo data
REQ-0528,Request Submitted,2026-02-04 03:55:58.025938648,Requester,synthetic demo data,synthetic demo data
REQ-0528,Triage,2026-02-04 07:12:10.180500784,Service Desk,synthetic demo data,synthetic demo data
REQ-0528,Assigned to Team,2026-02-04 09:24:10.618714297,Service Desk,synthetic demo data,synthetic demo data
REQ-0528,Manager Approval,2026-02-05 18:49:47.343417749,Engineering Manager,synthetic demo data,synthetic demo data
REQ-0528,Security Review,2026-02-06 14:19:49.920491043,Security Team,synthetic demo data,synthetic demo data
REQ-0528,Implementation,2026-02-06 15:32:24.159233982,Dev Team,synthetic demo data,synthetic demo data
REQ-0528,QA Verification,2026-02-07 01:49:30.212941632,QA Team,synthetic demo data,synthetic demo data
REQ-0528,Closed - Completed,2026-02-07 03:41:23.659956315,Service Desk,synthetic demo data,synthetic demo data
REQ-0529,Request Submitted,2026-03-18 23:50:55.184292987,Requester,synthetic demo data,synthetic demo data
REQ-0529,Triage,2026-03-19 01:41:01.744519299,Service Desk,synthetic demo data,synthetic demo data
REQ-0529,Assigned to Team,2026-03-19 03:23:00.741775712,Service Desk,synthetic demo data,synthetic demo data
REQ-0529,Manager Approval,2026-03-21 02:41:15.065306987,Engineering Manager,synthetic demo data,synthetic demo data
REQ-0529,Security Review,2026-03-22 01:29:24.728164388,Security Team,synthetic demo data,synthetic demo data
REQ-0529,Implementation,2026-03-22 10:57:30.298948592,Dev Team,synthetic demo data,synthetic demo data
REQ-0529,QA Verification,2026-03-22 21:01:58.687737325,QA Team,synthetic demo data,synthetic demo data
REQ-0529,Closed - Completed,2026-03-23 00:11:21.516406161,Service Desk,synthetic demo data,synthetic demo data
REQ-0530,Request Submitted,2026-04-10 19:04:13.624028020,Requester,synthetic demo data,synthetic demo data
REQ-0530,Triage,2026-04-10 20:22:29.179197759,Service Desk,synthetic demo data,synthetic demo data
REQ-0530,Assigned to Team,2026-04-10 21:52:08.183263297,Service Desk,synthetic demo data,synthetic demo data
REQ-0530,Manager Approval,2026-04-12 14:03:15.881422037,Engineering Manager,synthetic demo data,synthetic demo data
REQ-0530,Security Review,2026-04-13 11:35:25.004334738,Security Team,synthetic demo data,synthetic demo data
REQ-0530,Implementation,2026-04-13 14:01:41.625290457,Dev Team,synthetic demo data,synthetic demo data
REQ-0530,QA Verification,2026-04-13 19:27:43.187789935,QA Team,synthetic demo data,synthetic demo data
REQ-0530,Closed - Completed,2026-04-13 19:58:04.383381347,Service Desk,synthetic demo data,synthetic demo data
REQ-0531,Request Submitted,2026-03-31 22:38:46.449896950,Requester,synthetic demo data,synthetic demo data
REQ-0531,Triage,2026-04-01 01:10:30.228873134,Service Desk,synthetic demo data,synthetic demo data
REQ-0531,Assigned to Team,2026-04-01 04:44:31.227053717,Service Desk,synthetic demo data,synthetic demo data
REQ-0531,Manager Approval,2026-04-03 13:27:11.831118399,Engineering Manager,synthetic demo data,synthetic demo data
REQ-0531,Closed - Rejected,2026-04-03 14:27:11.831118399,Service Desk,synthetic demo data,synthetic demo data
REQ-0532,Request Submitted,2026-01-10 03:14:36.257684666,Requester,synthetic demo data,synthetic demo data
REQ-0532,Triage,2026-01-10 06:03:41.310020454,Service Desk,synthetic demo data,synthetic demo data
REQ-0532,Assigned to Team,2026-01-10 06:57:53.925063350,Service Desk,synthetic demo data,synthetic demo data
REQ-0532,Manager Approval,2026-01-10 23:29:25.305837823,Engineering Manager,synthetic demo data,synthetic demo data
REQ-0532,Closed - Rejected,2026-01-11 00:29:25.305837823,Service Desk,synthetic demo data,synthetic demo data
REQ-0533,Request Submitted,2026-02-19 20:28:08.295672294,Requester,synthetic demo data,synthetic demo data
REQ-0533,Triage,2026-02-19 22:25:54.516846532,Service Desk,synthetic demo data,synthetic demo data
REQ-0533,Assigned to Team,2026-02-19 23:54:05.095069092,Service Desk,synthetic demo data,synthetic demo data
REQ-0533,Manager Approval,2026-02-21 07:19:10.970648816,Engineering Manager,synthetic demo data,synthetic demo data
REQ-0533,Security Review,2026-02-21 17:37:12.312648084,Security Team,synthetic demo data,synthetic demo data
REQ-0533,Implementation,2026-02-22 03:19:01.485827438,Dev Team,synthetic demo data,synthetic demo data
REQ-0533,QA Verification,2026-02-22 09:22:30.222003045,QA Team,synthetic demo data,synthetic demo data
REQ-0533,Closed - Completed,2026-02-22 12:46:31.539303817,Service Desk,synthetic demo data,synthetic demo data
REQ-0534,Request Submitted,2026-02-15 10:37:36.867489729,Requester,synthetic demo data,synthetic demo data
REQ-0534,Triage,2026-02-15 12:22:48.078408750,Service Desk,synthetic demo data,synthetic demo data
REQ-0534,Assigned to Team,2026-02-15 13:21:49.201864859,Service Desk,synthetic demo data,synthetic demo data
REQ-0534,Manager Approval,2026-02-17 01:02:58.519502013,Engineering Manager,synthetic demo data,synthetic demo data
REQ-0534,Security Review,2026-02-18 02:21:29.667482627,Security Team,synthetic demo data,synthetic demo data
REQ-0534,Implementation,2026-02-18 20:14:06.090411003,Dev Team,synthetic demo data,synthetic demo data
REQ-0534,QA Verification,2026-02-19 00:22:10.261712475,QA Team,synthetic demo data,synthetic demo data
REQ-0534,Closed - Completed,2026-02-19 02:06:06.201247244,Service Desk,synthetic demo data,synthetic demo data
REQ-0535,Request Submitted,2026-05-26 19:26:04.899076550,Requester,synthetic demo data,synthetic demo data
REQ-0535,Triage,2026-05-26 21:48:58.985000676,Service Desk,synthetic demo data,synthetic demo data
REQ-0535,Assigned to Team,2026-05-27 00:44:10.760840762,Service Desk,synthetic demo data,synthetic demo data
REQ-0535,Manager Approval,2026-05-28 21:56:41.587051162,Engineering Manager,synthetic demo data,synthetic demo data
REQ-0535,Security Review,2026-05-29 12:23:31.451129507,Security Team,synthetic demo data,synthetic demo data
REQ-0535,Closed - Cancelled,2026-05-29 13:23:31.451129507,Service Desk,synthetic demo data,synthetic demo data
REQ-0536,Request Submitted,2026-04-14 00:47:23.124750050,Requester,synthetic demo data,synthetic demo data
REQ-0536,Triage,2026-04-14 02:46:39.817038413,Service Desk,synthetic demo data,synthetic demo data
REQ-0536,Assigned to Team,2026-04-14 05:18:19.159178324,Service Desk,synthetic demo data,synthetic demo data
REQ-0536,Manager Approval,2026-04-16 21:16:43.214218385,Engineering Manager,synthetic demo data,synthetic demo data
REQ-0536,Security Review,2026-04-17 09:55:32.133934341,Security Team,synthetic demo data,synthetic demo data
REQ-0536,Implementation,2026-04-17 19:07:02.371682686,Dev Team,synthetic demo data,synthetic demo data
REQ-0536,QA Verification,2026-04-17 22:52:00.005724070,QA Team,synthetic demo data,synthetic demo data
REQ-0536,Closed - Completed,2026-04-18 02:39:08.240419106,Service Desk,synthetic demo data,synthetic demo data
REQ-0537,Request Submitted,2026-03-29 10:28:10.452938724,Requester,synthetic demo data,synthetic demo data
REQ-0537,Triage,2026-03-29 12:58:55.794915076,Service Desk,synthetic demo data,synthetic demo data
REQ-0537,Assigned to Team,2026-03-29 16:22:07.351809969,Service Desk,synthetic demo data,synthetic demo data
REQ-0537,Manager Approval,2026-03-30 15:08:09.463806442,Engineering Manager,synthetic demo data,synthetic demo data
REQ-0537,Closed - Rejected,2026-03-30 16:08:09.463806442,Service Desk,synthetic demo data,synthetic demo data
REQ-0538,Request Submitted,2026-06-26 00:03:10.523570514,Requester,synthetic demo data,synthetic demo data
REQ-0538,Triage,2026-06-26 02:16:07.038940503,Service Desk,synthetic demo data,synthetic demo data
REQ-0538,Assigned to Team,2026-06-26 05:12:20.672499794,Service Desk,synthetic demo data,synthetic demo data
REQ-0538,Manager Approval,2026-06-27 17:14:25.818926816,Engineering Manager,synthetic demo data,synthetic demo data
REQ-0538,Security Review,2026-06-28 15:18:17.979159171,Security Team,synthetic demo data,synthetic demo data
REQ-0538,Implementation,2026-06-28 23:32:28.923154731,Dev Team,synthetic demo data,synthetic demo data
REQ-0538,QA Verification,2026-06-29 03:37:05.951262065,QA Team,synthetic demo data,synthetic demo data
REQ-0538,Closed - Completed,2026-06-29 07:18:43.509728809,Service Desk,synthetic demo data,synthetic demo data
REQ-0539,Request Submitted,2026-05-11 17:49:03.860384280,Requester,synthetic demo data,synthetic demo data
REQ-0539,Triage,2026-05-11 19:29:50.993711994,Service Desk,synthetic demo data,synthetic demo data
REQ-0539,Assigned to Team,2026-05-12 01:08:12.548967020,Service Desk,synthetic demo data,synthetic demo data
REQ-0539,Manager Approval,2026-05-12 18:29:17.029090938,Engineering Manager,synthetic demo data,synthetic demo data
REQ-0539,Security Review,2026-05-13 07:52:14.499409903,Security Team,synthetic demo data,synthetic demo data
REQ-0539,Implementation,2026-05-13 11:59:29.119298932,Dev Team,synthetic demo data,synthetic demo data
REQ-0539,QA Verification,2026-05-13 18:57:42.541849198,QA Team,synthetic demo data,synthetic demo data
REQ-0539,Closed - Completed,2026-05-13 19:35:19.559474750,Service Desk,synthetic demo data,synthetic demo data
REQ-0540,Request Submitted,2026-06-15 12:25:23.977510646,Requester,synthetic demo data,synthetic demo data
REQ-0540,Triage,2026-06-15 14:39:49.494385507,Service Desk,synthetic demo data,synthetic demo data
REQ-0540,Assigned to Team,2026-06-15 16:54:48.334148223,Service Desk,synthetic demo data,synthetic demo data
REQ-0540,Manager Approval,2026-06-16 02:04:50.274254057,Engineering Manager,synthetic demo data,synthetic demo data
REQ-0540,Security Review,2026-06-17 07:51:04.018910416,Security Team,synthetic demo data,synthetic demo data
REQ-0540,Implementation,2026-06-17 10:37:13.615573672,Dev Team,synthetic demo data,synthetic demo data
REQ-0540,QA Verification,2026-06-17 19:00:40.607425976,QA Team,synthetic demo data,synthetic demo data
REQ-0540,Closed - Completed,2026-06-17 20:18:36.860459619,Service Desk,synthetic demo data,synthetic demo data
REQ-0541,Request Submitted,2026-06-04 22:04:44.701912918,Requester,synthetic demo data,synthetic demo data
REQ-0541,Triage,2026-06-04 23:04:15.729577771,Service Desk,synthetic demo data,synthetic demo data
REQ-0541,Assigned to Team,2026-06-05 00:41:43.483795835,Service Desk,synthetic demo data,synthetic demo data
REQ-0541,Manager Approval,2026-06-06 15:10:21.954139140,Engineering Manager,synthetic demo data,synthetic demo data
REQ-0541,Security Review,2026-06-07 08:48:40.902704130,Security Team,synthetic demo data,synthetic demo data
REQ-0541,Implementation,2026-06-07 16:08:02.370603022,Dev Team,synthetic demo data,synthetic demo data
REQ-0541,QA Verification,2026-06-08 01:57:02.550310160,QA Team,synthetic demo data,synthetic demo data
REQ-0541,Closed - Completed,2026-06-08 03:12:07.270366028,Service Desk,synthetic demo data,synthetic demo data
REQ-0542,Request Submitted,2026-04-02 13:38:43.208504735,Requester,synthetic demo data,synthetic demo data
REQ-0542,Triage,2026-04-02 16:27:16.031462923,Service Desk,synthetic demo data,synthetic demo data
REQ-0542,Assigned to Team,2026-04-02 19:12:54.123058311,Service Desk,synthetic demo data,synthetic demo data
REQ-0542,Manager Approval,2026-04-03 21:10:13.266663337,Engineering Manager,synthetic demo data,synthetic demo data
REQ-0542,Security Review,2026-04-04 01:31:15.645677658,Security Team,synthetic demo data,synthetic demo data
REQ-0542,Implementation,2026-04-04 05:17:45.717783279,Dev Team,synthetic demo data,synthetic demo data
REQ-0542,QA Verification,2026-04-04 12:15:03.997430286,QA Team,synthetic demo data,synthetic demo data
REQ-0542,Closed - Completed,2026-04-04 14:06:47.621550093,Service Desk,synthetic demo data,synthetic demo data
REQ-0543,Request Submitted,2026-02-19 12:04:25.318412874,Requester,synthetic demo data,synthetic demo data
REQ-0543,Triage,2026-02-19 12:53:10.955220249,Service Desk,synthetic demo data,synthetic demo data
REQ-0543,Assigned to Team,2026-02-19 15:31:55.581588192,Service Desk,synthetic demo data,synthetic demo data
REQ-0543,Manager Approval,2026-02-21 00:10:26.614144117,Engineering Manager,synthetic demo data,synthetic demo data
REQ-0543,Security Review,2026-02-21 13:50:11.832166702,Security Team,synthetic demo data,synthetic demo data
REQ-0543,Implementation,2026-02-22 03:33:45.102607256,Dev Team,synthetic demo data,synthetic demo data
REQ-0543,QA Verification,2026-02-22 12:17:17.840064677,QA Team,synthetic demo data,synthetic demo data
REQ-0543,Closed - Completed,2026-02-22 14:34:42.320042196,Service Desk,synthetic demo data,synthetic demo data
REQ-0544,Request Submitted,2026-02-10 03:24:30.113135213,Requester,synthetic demo data,synthetic demo data
REQ-0544,Triage,2026-02-10 05:24:02.298523232,Service Desk,synthetic demo data,synthetic demo data
REQ-0544,Assigned to Team,2026-02-10 08:57:00.518155475,Service Desk,synthetic demo data,synthetic demo data
REQ-0544,Manager Approval,2026-02-11 02:08:46.943797061,Engineering Manager,synthetic demo data,synthetic demo data
REQ-0544,Security Review,2026-02-12 00:51:10.094951955,Security Team,synthetic demo data,synthetic demo data
REQ-0544,Implementation,2026-02-12 04:25:35.307041409,Dev Team,synthetic demo data,synthetic demo data
REQ-0544,QA Verification,2026-02-12 12:29:53.326078770,QA Team,synthetic demo data,synthetic demo data
REQ-0544,Closed - Completed,2026-02-12 15:33:21.531244034,Service Desk,synthetic demo data,synthetic demo data
REQ-0545,Request Submitted,2026-02-26 04:12:37.821125481,Requester,synthetic demo data,synthetic demo data
REQ-0545,Triage,2026-02-26 05:14:37.364449283,Service Desk,synthetic demo data,synthetic demo data
REQ-0545,Assigned to Team,2026-02-26 09:05:26.798466634,Service Desk,synthetic demo data,synthetic demo data
REQ-0545,Manager Approval,2026-02-27 15:23:15.210099657,Engineering Manager,synthetic demo data,synthetic demo data
REQ-0545,Security Review,2026-02-27 15:35:15.210099657,Security Team,synthetic demo data,synthetic demo data
REQ-0545,Implementation,2026-02-28 04:33:31.967627359,Dev Team,synthetic demo data,synthetic demo data
REQ-0545,QA Verification,2026-02-28 10:58:07.857894900,QA Team,synthetic demo data,synthetic demo data
REQ-0545,Closed - Completed,2026-02-28 12:08:59.189104499,Service Desk,synthetic demo data,synthetic demo data
REQ-0546,Request Submitted,2026-04-13 17:57:51.422440259,Requester,synthetic demo data,synthetic demo data
REQ-0546,Triage,2026-04-13 20:19:21.491983909,Service Desk,synthetic demo data,synthetic demo data
REQ-0546,Closed - Cancelled,2026-04-13 21:19:21.491983909,Service Desk,synthetic demo data,synthetic demo data
REQ-0547,Request Submitted,2026-03-23 05:36:12.036580431,Requester,synthetic demo data,synthetic demo data
REQ-0547,Triage,2026-03-23 07:57:46.997976485,Service Desk,synthetic demo data,synthetic demo data
REQ-0547,Assigned to Team,2026-03-23 11:39:23.880534276,Service Desk,synthetic demo data,synthetic demo data
REQ-0547,Manager Approval,2026-03-25 04:44:15.426711351,Engineering Manager,synthetic demo data,synthetic demo data
REQ-0547,Closed - Rejected,2026-03-25 05:44:15.426711351,Service Desk,synthetic demo data,synthetic demo data
REQ-0548,Request Submitted,2026-03-02 15:17:17.102983181,Requester,synthetic demo data,synthetic demo data
REQ-0548,Triage,2026-03-02 16:58:52.936119184,Service Desk,synthetic demo data,synthetic demo data
REQ-0548,Assigned to Team,2026-03-02 20:56:51.337139804,Service Desk,synthetic demo data,synthetic demo data
REQ-0548,Manager Approval,2026-03-03 16:40:14.034345370,Engineering Manager,synthetic demo data,synthetic demo data
REQ-0548,Security Review,2026-03-04 15:32:12.723709579,Security Team,synthetic demo data,synthetic demo data
REQ-0548,Implementation,2026-03-04 22:37:37.189872033,Dev Team,synthetic demo data,synthetic demo data
REQ-0548,QA Verification,2026-03-05 06:07:50.239804866,QA Team,synthetic demo data,synthetic demo data
REQ-0548,Closed - Completed,2026-03-05 08:14:55.412278889,Service Desk,synthetic demo data,synthetic demo data
REQ-0549,Request Submitted,2026-01-21 10:05:48.056777016,Requester,synthetic demo data,synthetic demo data
REQ-0549,Triage,2026-01-21 12:44:19.807405293,Service Desk,synthetic demo data,synthetic demo data
REQ-0549,Assigned to Team,2026-01-21 16:24:27.820486320,Service Desk,synthetic demo data,synthetic demo data
REQ-0549,Manager Approval,2026-01-22 20:58:17.488797407,Engineering Manager,synthetic demo data,synthetic demo data
REQ-0549,Security Review,2026-01-24 07:45:03.527615952,Security Team,synthetic demo data,synthetic demo data
REQ-0549,Closed - Cancelled,2026-01-24 08:45:03.527615952,Service Desk,synthetic demo data,synthetic demo data
REQ-0550,Request Submitted,2026-06-28 19:38:55.371535348,Requester,synthetic demo data,synthetic demo data
REQ-0550,Triage,2026-06-28 21:57:36.314800185,Service Desk,synthetic demo data,synthetic demo data
REQ-0550,Assigned to Team,2026-06-29 01:36:59.750621227,Service Desk,synthetic demo data,synthetic demo data
REQ-0550,Manager Approval,2026-06-30 22:14:22.142081375,Engineering Manager,synthetic demo data,synthetic demo data
REQ-0550,Security Review,2026-07-01 21:30:10.155271544,Security Team,synthetic demo data,synthetic demo data
REQ-0550,Implementation,2026-07-02 01:54:38.699622379,Dev Team,synthetic demo data,synthetic demo data
REQ-0550,QA Verification,2026-07-02 02:06:38.699622379,QA Team,synthetic demo data,synthetic demo data
REQ-0550,Closed - Completed,2026-07-02 03:38:01.064375113,Service Desk,synthetic demo data,synthetic demo data
REQ-0551,Request Submitted,2026-06-03 04:33:21.851792234,Requester,synthetic demo data,synthetic demo data
REQ-0551,Triage,2026-06-03 07:21:26.093932448,Service Desk,synthetic demo data,synthetic demo data
REQ-0551,Assigned to Team,2026-06-03 10:34:49.226082417,Service Desk,synthetic demo data,synthetic demo data
REQ-0551,Manager Approval,2026-06-05 10:36:47.756023631,Engineering Manager,synthetic demo data,synthetic demo data
REQ-0551,Security Review,2026-06-06 03:57:22.734712921,Security Team,synthetic demo data,synthetic demo data
REQ-0551,Implementation,2026-06-06 13:49:36.388215495,Dev Team,synthetic demo data,synthetic demo data
REQ-0551,QA Verification,2026-06-06 21:20:39.946912476,QA Team,synthetic demo data,synthetic demo data
REQ-0551,Closed - Completed,2026-06-07 00:50:45.713653948,Service Desk,synthetic demo data,synthetic demo data
REQ-0552,Request Submitted,2026-03-02 23:48:02.977162767,Requester,synthetic demo data,synthetic demo data
REQ-0552,Triage,2026-03-03 01:37:15.264751989,Service Desk,synthetic demo data,synthetic demo data
REQ-0552,Assigned to Team,2026-03-03 05:53:37.251721086,Service Desk,synthetic demo data,synthetic demo data
REQ-0552,Manager Approval,2026-03-05 09:32:10.434301929,Engineering Manager,synthetic demo data,synthetic demo data
REQ-0552,Security Review,2026-03-06 07:41:48.751311532,Security Team,synthetic demo data,synthetic demo data
REQ-0552,Implementation,2026-03-06 14:31:33.811343862,Dev Team,synthetic demo data,synthetic demo data
REQ-0552,QA Verification,2026-03-06 22:47:50.689725546,QA Team,synthetic demo data,synthetic demo data
REQ-0552,Closed - Completed,2026-03-07 01:39:58.019356380,Service Desk,synthetic demo data,synthetic demo data
REQ-0553,Request Submitted,2026-06-11 14:06:13.432154426,Requester,synthetic demo data,synthetic demo data
REQ-0553,Triage,2026-06-11 17:17:03.330299109,Service Desk,synthetic demo data,synthetic demo data
REQ-0553,Assigned to Team,2026-06-11 23:07:11.808862791,Service Desk,synthetic demo data,synthetic demo data
REQ-0553,Manager Approval,2026-06-13 15:30:59.098808249,Engineering Manager,synthetic demo data,synthetic demo data
REQ-0553,Security Review,2026-06-14 11:54:49.199060214,Security Team,synthetic demo data,synthetic demo data
REQ-0553,Implementation,2026-06-14 19:41:50.516525268,Dev Team,synthetic demo data,synthetic demo data
REQ-0553,QA Verification,2026-06-15 03:22:10.399342959,QA Team,synthetic demo data,synthetic demo data
REQ-0553,Closed - Completed,2026-06-15 05:15:13.977110032,Service Desk,synthetic demo data,synthetic demo data
REQ-0554,Request Submitted,2026-02-18 11:52:38.375244166,Requester,synthetic demo data,synthetic demo data
REQ-0554,Triage,2026-02-18 15:10:27.781151534,Service Desk,synthetic demo data,synthetic demo data
REQ-0554,Assigned to Team,2026-02-18 16:27:50.783624931,Service Desk,synthetic demo data,synthetic demo data
REQ-0554,Manager Approval,2026-02-19 16:24:52.350898099,Engineering Manager,synthetic demo data,synthetic demo data
REQ-0554,Security Review,2026-02-20 13:17:34.372549697,Security Team,synthetic demo data,synthetic demo data
REQ-0554,Implementation,2026-02-21 05:15:24.583620093,Dev Team,synthetic demo data,synthetic demo data
REQ-0554,QA Verification,2026-02-21 09:59:19.607383687,QA Team,synthetic demo data,synthetic demo data
REQ-0554,Closed - Completed,2026-02-21 11:19:21.950453429,Service Desk,synthetic demo data,synthetic demo data
REQ-0555,Request Submitted,2026-06-14 06:41:20.010376738,Requester,synthetic demo data,synthetic demo data
REQ-0555,Triage,2026-06-14 06:53:20.010376738,Service Desk,synthetic demo data,synthetic demo data
REQ-0555,Assigned to Team,2026-06-14 08:23:05.225111135,Service Desk,synthetic demo data,synthetic demo data
REQ-0555,Manager Approval,2026-06-17 04:37:22.176052776,Engineering Manager,synthetic demo data,synthetic demo data
REQ-0555,Security Review,2026-06-18 05:56:26.755233905,Security Team,synthetic demo data,synthetic demo data
REQ-0555,Implementation,2026-06-18 09:31:00.571963420,Dev Team,synthetic demo data,synthetic demo data
REQ-0555,QA Verification,2026-06-18 15:23:27.857755932,QA Team,synthetic demo data,synthetic demo data
REQ-0555,Closed - Completed,2026-06-18 17:27:30.694193776,Service Desk,synthetic demo data,synthetic demo data
REQ-0556,Request Submitted,2026-02-08 01:44:59.473656398,Requester,synthetic demo data,synthetic demo data
REQ-0556,Triage,2026-02-08 04:08:18.259709003,Service Desk,synthetic demo data,synthetic demo data
REQ-0556,Assigned to Team,2026-02-08 06:19:43.402872733,Service Desk,synthetic demo data,synthetic demo data
REQ-0556,Manager Approval,2026-02-09 23:20:52.458754482,Engineering Manager,synthetic demo data,synthetic demo data
REQ-0556,Security Review,2026-02-10 13:03:49.071376125,Security Team,synthetic demo data,synthetic demo data
REQ-0556,Implementation,2026-02-10 16:55:49.011433882,Dev Team,synthetic demo data,synthetic demo data
REQ-0556,QA Verification,2026-02-10 17:39:01.995616752,QA Team,synthetic demo data,synthetic demo data
REQ-0556,Closed - Completed,2026-02-10 18:05:07.533396550,Service Desk,synthetic demo data,synthetic demo data
REQ-0557,Request Submitted,2026-01-21 07:40:29.951547606,Requester,synthetic demo data,synthetic demo data
REQ-0557,Triage,2026-01-21 09:59:17.603046154,Service Desk,synthetic demo data,synthetic demo data
REQ-0557,Assigned to Team,2026-01-21 11:11:20.833186704,Service Desk,synthetic demo data,synthetic demo data
REQ-0557,Manager Approval,2026-01-21 11:23:20.833186704,Engineering Manager,synthetic demo data,synthetic demo data
REQ-0557,Security Review,2026-01-21 21:59:38.091690005,Security Team,synthetic demo data,synthetic demo data
REQ-0557,Implementation,2026-01-22 04:06:23.312762816,Dev Team,synthetic demo data,synthetic demo data
REQ-0557,QA Verification,2026-01-22 08:17:24.458293798,QA Team,synthetic demo data,synthetic demo data
REQ-0557,Closed - Completed,2026-01-22 11:48:34.747139311,Service Desk,synthetic demo data,synthetic demo data
REQ-0558,Request Submitted,2026-01-13 02:43:54.098277588,Requester,synthetic demo data,synthetic demo data
REQ-0558,Triage,2026-01-13 04:42:45.760918736,Service Desk,synthetic demo data,synthetic demo data
REQ-0558,Assigned to Team,2026-01-13 07:38:57.315400103,Service Desk,synthetic demo data,synthetic demo data
REQ-0558,Manager Approval,2026-01-14 01:57:14.148842161,Engineering Manager,synthetic demo data,synthetic demo data
REQ-0558,Security Review,2026-01-14 21:25:29.590930944,Security Team,synthetic demo data,synthetic demo data
REQ-0558,Implementation,2026-01-15 02:21:52.206703621,Dev Team,synthetic demo data,synthetic demo data
REQ-0558,QA Verification,2026-01-15 08:52:28.469297570,QA Team,synthetic demo data,synthetic demo data
REQ-0558,Closed - Completed,2026-01-15 10:38:17.970620124,Service Desk,synthetic demo data,synthetic demo data
REQ-0559,Request Submitted,2026-04-12 21:52:00.454917252,Requester,synthetic demo data,synthetic demo data
REQ-0559,Triage,2026-04-13 00:17:37.080645329,Service Desk,synthetic demo data,synthetic demo data
REQ-0559,Assigned to Team,2026-04-13 02:37:17.541880960,Service Desk,synthetic demo data,synthetic demo data
REQ-0559,Manager Approval,2026-04-14 10:39:30.391451539,Engineering Manager,synthetic demo data,synthetic demo data
REQ-0559,Security Review,2026-04-15 05:54:14.541754875,Security Team,synthetic demo data,synthetic demo data
REQ-0559,Implementation,2026-04-15 10:26:01.232258283,Dev Team,synthetic demo data,synthetic demo data
REQ-0559,QA Verification,2026-04-15 16:38:42.591531711,QA Team,synthetic demo data,synthetic demo data
REQ-0559,Closed - Completed,2026-04-15 18:01:26.949214404,Service Desk,synthetic demo data,synthetic demo data
REQ-0560,Request Submitted,2026-03-18 21:14:05.203381931,Requester,synthetic demo data,synthetic demo data
REQ-0560,Triage,2026-03-18 22:52:34.216909191,Service Desk,synthetic demo data,synthetic demo data
REQ-0560,Assigned to Team,2026-03-19 02:43:35.858470943,Service Desk,synthetic demo data,synthetic demo data
REQ-0560,Manager Approval,2026-03-19 23:00:05.027060648,Engineering Manager,synthetic demo data,synthetic demo data
REQ-0560,Closed - Rejected,2026-03-20 00:00:05.027060648,Service Desk,synthetic demo data,synthetic demo data
REQ-0561,Request Submitted,2026-06-28 22:50:30.935777730,Requester,synthetic demo data,synthetic demo data
REQ-0561,Triage,2026-06-29 02:08:46.524255307,Service Desk,synthetic demo data,synthetic demo data
REQ-0561,Assigned to Team,2026-06-29 06:20:20.836520505,Service Desk,synthetic demo data,synthetic demo data
REQ-0561,Manager Approval,2026-07-01 14:16:45.231257409,Engineering Manager,synthetic demo data,synthetic demo data
REQ-0561,Security Review,2026-07-02 03:11:46.366992898,Security Team,synthetic demo data,synthetic demo data
REQ-0561,Implementation,2026-07-02 03:23:46.366992898,Dev Team,synthetic demo data,synthetic demo data
REQ-0561,QA Verification,2026-07-02 08:03:28.210422686,QA Team,synthetic demo data,synthetic demo data
REQ-0561,Closed - Completed,2026-07-02 10:36:57.797294657,Service Desk,synthetic demo data,synthetic demo data
REQ-0562,Request Submitted,2026-01-04 09:41:17.007259930,Requester,synthetic demo data,synthetic demo data
REQ-0562,Triage,2026-01-04 13:00:32.283269541,Service Desk,synthetic demo data,synthetic demo data
REQ-0562,Assigned to Team,2026-01-04 16:34:55.394171638,Service Desk,synthetic demo data,synthetic demo data
REQ-0562,Manager Approval,2026-01-06 09:46:00.605722225,Engineering Manager,synthetic demo data,synthetic demo data
REQ-0562,Security Review,2026-01-06 21:18:38.772886195,Security Team,synthetic demo data,synthetic demo data
REQ-0562,Implementation,2026-01-07 00:55:45.103761484,Dev Team,synthetic demo data,synthetic demo data
REQ-0562,QA Verification,2026-01-07 11:46:17.534130148,QA Team,synthetic demo data,synthetic demo data
REQ-0562,Closed - Completed,2026-01-07 13:52:20.779656677,Service Desk,synthetic demo data,synthetic demo data
REQ-0563,Request Submitted,2026-03-20 00:12:02.421227466,Requester,synthetic demo data,synthetic demo data
REQ-0563,Triage,2026-03-20 01:33:05.577989568,Service Desk,synthetic demo data,synthetic demo data
REQ-0563,Assigned to Team,2026-03-20 03:29:17.199275920,Service Desk,synthetic demo data,synthetic demo data
REQ-0563,Manager Approval,2026-03-20 15:31:26.550024695,Engineering Manager,synthetic demo data,synthetic demo data
REQ-0563,Security Review,2026-03-20 22:01:12.928992750,Security Team,synthetic demo data,synthetic demo data
REQ-0563,Implementation,2026-03-21 05:14:24.865954526,Dev Team,synthetic demo data,synthetic demo data
REQ-0563,QA Verification,2026-03-21 09:27:41.266555065,QA Team,synthetic demo data,synthetic demo data
REQ-0563,Closed - Completed,2026-03-21 12:34:07.039982660,Service Desk,synthetic demo data,synthetic demo data
REQ-0564,Request Submitted,2026-04-14 14:20:58.539456844,Requester,synthetic demo data,synthetic demo data
REQ-0564,Triage,2026-04-14 15:36:23.305989647,Service Desk,synthetic demo data,synthetic demo data
REQ-0564,Assigned to Team,2026-04-14 18:25:29.752544435,Service Desk,synthetic demo data,synthetic demo data
REQ-0564,Manager Approval,2026-04-16 05:28:44.208167459,Engineering Manager,synthetic demo data,synthetic demo data
REQ-0564,Security Review,2026-04-17 07:55:28.950134149,Security Team,synthetic demo data,synthetic demo data
REQ-0564,Implementation,2026-04-17 15:32:56.907832284,Dev Team,synthetic demo data,synthetic demo data
REQ-0564,QA Verification,2026-04-18 00:47:11.444648985,QA Team,synthetic demo data,synthetic demo data
REQ-0564,Closed - Completed,2026-04-18 02:47:40.206161053,Service Desk,synthetic demo data,synthetic demo data
REQ-0565,Request Submitted,2026-04-07 16:16:13.440572470,Requester,synthetic demo data,synthetic demo data
REQ-0565,Triage,2026-04-07 16:28:13.440572470,Service Desk,synthetic demo data,synthetic demo data
REQ-0565,Assigned to Team,2026-04-07 19:52:22.579107770,Service Desk,synthetic demo data,synthetic demo data
REQ-0565,Manager Approval,2026-04-09 12:01:38.911890359,Engineering Manager,synthetic demo data,synthetic demo data
REQ-0565,Security Review,2026-04-10 13:12:20.165440924,Security Team,synthetic demo data,synthetic demo data
REQ-0565,Implementation,2026-04-10 22:53:39.653365623,Dev Team,synthetic demo data,synthetic demo data
REQ-0565,QA Verification,2026-04-11 03:50:54.914133309,QA Team,synthetic demo data,synthetic demo data
REQ-0565,Closed - Completed,2026-04-11 05:02:30.627628104,Service Desk,synthetic demo data,synthetic demo data
REQ-0566,Request Submitted,2026-03-15 21:25:31.675523573,Requester,synthetic demo data,synthetic demo data
REQ-0566,Triage,2026-03-15 22:51:52.438796535,Service Desk,synthetic demo data,synthetic demo data
REQ-0566,Assigned to Team,2026-03-16 03:31:43.329418172,Service Desk,synthetic demo data,synthetic demo data
REQ-0566,Manager Approval,2026-03-16 21:10:06.907484972,Engineering Manager,synthetic demo data,synthetic demo data
REQ-0566,Security Review,2026-03-17 11:55:00.750012142,Security Team,synthetic demo data,synthetic demo data
REQ-0566,Implementation,2026-03-18 02:27:45.273069861,Dev Team,synthetic demo data,synthetic demo data
REQ-0566,QA Verification,2026-03-18 11:04:05.957997387,QA Team,synthetic demo data,synthetic demo data
REQ-0566,Closed - Completed,2026-03-18 12:42:37.124496179,Service Desk,synthetic demo data,synthetic demo data
REQ-0567,Request Submitted,2026-01-14 15:21:57.581415464,Requester,synthetic demo data,synthetic demo data
REQ-0567,Triage,2026-01-14 15:33:57.581415464,Service Desk,synthetic demo data,synthetic demo data
REQ-0567,Assigned to Team,2026-01-14 17:12:22.622088307,Service Desk,synthetic demo data,synthetic demo data
REQ-0567,Manager Approval,2026-01-15 22:29:39.952585999,Engineering Manager,synthetic demo data,synthetic demo data
REQ-0567,Closed - Rejected,2026-01-15 23:29:39.952585999,Service Desk,synthetic demo data,synthetic demo data
REQ-0568,Request Submitted,2026-03-17 20:55:15.432945360,Requester,synthetic demo data,synthetic demo data
REQ-0568,Triage,2026-03-18 00:03:01.569271972,Service Desk,synthetic demo data,synthetic demo data
REQ-0568,Assigned to Team,2026-03-18 02:34:05.276034840,Service Desk,synthetic demo data,synthetic demo data
REQ-0568,Manager Approval,2026-03-18 17:45:39.474310247,Engineering Manager,synthetic demo data,synthetic demo data
REQ-0568,Security Review,2026-03-19 16:41:04.668046004,Security Team,synthetic demo data,synthetic demo data
REQ-0568,Implementation,2026-03-19 23:22:41.292042627,Dev Team,synthetic demo data,synthetic demo data
REQ-0568,QA Verification,2026-03-20 04:54:35.806233750,QA Team,synthetic demo data,synthetic demo data
REQ-0568,Closed - Completed,2026-03-20 06:37:05.420844798,Service Desk,synthetic demo data,synthetic demo data
REQ-0569,Request Submitted,2026-02-06 16:17:31.982537614,Requester,synthetic demo data,synthetic demo data
REQ-0569,Triage,2026-02-06 17:54:13.980486336,Service Desk,synthetic demo data,synthetic demo data
REQ-0569,Assigned to Team,2026-02-06 20:53:54.059747834,Service Desk,synthetic demo data,synthetic demo data
REQ-0569,Manager Approval,2026-02-07 15:57:44.478136781,Engineering Manager,synthetic demo data,synthetic demo data
REQ-0569,Security Review,2026-02-08 20:03:38.835097737,Security Team,synthetic demo data,synthetic demo data
REQ-0569,Implementation,2026-02-09 07:18:49.745671299,Dev Team,synthetic demo data,synthetic demo data
REQ-0569,QA Verification,2026-02-09 13:10:13.995791622,QA Team,synthetic demo data,synthetic demo data
REQ-0569,Closed - Completed,2026-02-09 14:53:59.570272384,Service Desk,synthetic demo data,synthetic demo data
REQ-0570,Request Submitted,2026-02-20 13:01:40.728012198,Requester,synthetic demo data,synthetic demo data
REQ-0570,Triage,2026-02-20 14:56:58.585110945,Service Desk,synthetic demo data,synthetic demo data
REQ-0570,Assigned to Team,2026-02-20 17:40:03.389962754,Service Desk,synthetic demo data,synthetic demo data
REQ-0570,Manager Approval,2026-02-22 03:12:06.835418210,Engineering Manager,synthetic demo data,synthetic demo data
REQ-0570,Security Review,2026-02-23 05:58:50.906318632,Security Team,synthetic demo data,synthetic demo data
REQ-0570,Implementation,2026-02-23 09:03:35.160193212,Dev Team,synthetic demo data,synthetic demo data
REQ-0570,QA Verification,2026-02-23 11:54:27.990081493,QA Team,synthetic demo data,synthetic demo data
REQ-0570,Closed - Completed,2026-02-23 12:09:33.325175352,Service Desk,synthetic demo data,synthetic demo data
REQ-0571,Request Submitted,2026-03-21 00:43:09.041939735,Requester,synthetic demo data,synthetic demo data
REQ-0571,Triage,2026-03-21 03:13:28.004997092,Service Desk,synthetic demo data,synthetic demo data
REQ-0571,Assigned to Team,2026-03-21 04:04:48.714509929,Service Desk,synthetic demo data,synthetic demo data
REQ-0571,Manager Approval,2026-03-23 11:04:10.099903087,Engineering Manager,synthetic demo data,synthetic demo data
REQ-0571,Security Review,2026-03-24 01:35:23.330479177,Security Team,synthetic demo data,synthetic demo data
REQ-0571,Implementation,2026-03-24 10:15:45.494101579,Dev Team,synthetic demo data,synthetic demo data
REQ-0571,QA Verification,2026-03-24 18:49:32.848436905,QA Team,synthetic demo data,synthetic demo data
REQ-0571,Closed - Completed,2026-03-24 19:50:19.721316039,Service Desk,synthetic demo data,synthetic demo data
REQ-0572,Request Submitted,2026-05-02 20:27:43.862109880,Requester,synthetic demo data,synthetic demo data
REQ-0572,Triage,2026-05-03 01:19:10.765181552,Service Desk,synthetic demo data,synthetic demo data
REQ-0572,Assigned to Team,2026-05-03 04:46:16.838792952,Service Desk,synthetic demo data,synthetic demo data
REQ-0572,Manager Approval,2026-05-05 09:15:37.440784740,Engineering Manager,synthetic demo data,synthetic demo data
REQ-0572,Security Review,2026-05-06 16:06:41.250688959,Security Team,synthetic demo data,synthetic demo data
REQ-0572,Implementation,2026-05-07 01:35:00.595214480,Dev Team,synthetic demo data,synthetic demo data
REQ-0572,QA Verification,2026-05-07 04:36:57.280880868,QA Team,synthetic demo data,synthetic demo data
REQ-0572,Closed - Completed,2026-05-07 07:40:32.393879813,Service Desk,synthetic demo data,synthetic demo data
REQ-0573,Request Submitted,2026-01-21 00:06:52.574414771,Requester,synthetic demo data,synthetic demo data
REQ-0573,Triage,2026-01-21 02:18:52.593524356,Service Desk,synthetic demo data,synthetic demo data
REQ-0573,Assigned to Team,2026-01-21 02:30:52.593524356,Service Desk,synthetic demo data,synthetic demo data
REQ-0573,Manager Approval,2026-01-22 03:44:51.086334751,Engineering Manager,synthetic demo data,synthetic demo data
REQ-0573,Security Review,2026-01-23 05:37:58.995732654,Security Team,synthetic demo data,synthetic demo data
REQ-0573,Implementation,2026-01-23 12:41:05.851960881,Dev Team,synthetic demo data,synthetic demo data
REQ-0573,QA Verification,2026-01-23 20:49:47.914719611,QA Team,synthetic demo data,synthetic demo data
REQ-0573,Closed - Completed,2026-01-23 21:58:47.827715846,Service Desk,synthetic demo data,synthetic demo data
REQ-0574,Request Submitted,2026-02-10 03:11:47.639580049,Requester,synthetic demo data,synthetic demo data
REQ-0574,Triage,2026-02-10 05:13:41.275982292,Service Desk,synthetic demo data,synthetic demo data
REQ-0574,Assigned to Team,2026-02-10 07:42:20.000486555,Service Desk,synthetic demo data,synthetic demo data
REQ-0574,Manager Approval,2026-02-12 06:53:15.474277321,Engineering Manager,synthetic demo data,synthetic demo data
REQ-0574,Security Review,2026-02-12 19:14:08.755322815,Security Team,synthetic demo data,synthetic demo data
REQ-0574,Implementation,2026-02-13 04:29:18.340068400,Dev Team,synthetic demo data,synthetic demo data
REQ-0574,QA Verification,2026-02-13 10:41:32.415756967,QA Team,synthetic demo data,synthetic demo data
REQ-0574,Closed - Completed,2026-02-13 11:08:08.238329277,Service Desk,synthetic demo data,synthetic demo data
REQ-0575,Request Submitted,2026-04-13 08:44:43.690549273,Requester,synthetic demo data,synthetic demo data
REQ-0575,Triage,2026-04-13 12:43:36.010544546,Service Desk,synthetic demo data,synthetic demo data
REQ-0575,Assigned to Team,2026-04-13 16:35:44.067528799,Service Desk,synthetic demo data,synthetic demo data
REQ-0575,Manager Approval,2026-04-13 22:26:12.072341509,Engineering Manager,synthetic demo data,synthetic demo data
REQ-0575,Security Review,2026-04-13 22:38:12.072341509,Security Team,synthetic demo data,synthetic demo data
REQ-0575,Implementation,2026-04-14 09:34:08.044080772,Dev Team,synthetic demo data,synthetic demo data
REQ-0575,QA Verification,2026-04-14 15:16:48.938465147,QA Team,synthetic demo data,synthetic demo data
REQ-0575,Closed - Completed,2026-04-14 18:25:17.495955384,Service Desk,synthetic demo data,synthetic demo data
REQ-0576,Request Submitted,2026-02-28 16:35:29.911084249,Requester,synthetic demo data,synthetic demo data
REQ-0576,Triage,2026-02-28 19:26:16.135551149,Service Desk,synthetic demo data,synthetic demo data
REQ-0576,Assigned to Team,2026-02-28 21:45:59.831904833,Service Desk,synthetic demo data,synthetic demo data
REQ-0576,Manager Approval,2026-02-28 21:48:05.119165187,Engineering Manager,synthetic demo data,synthetic demo data
REQ-0576,Security Review,2026-03-01 18:01:43.634892774,Security Team,synthetic demo data,synthetic demo data
REQ-0576,Implementation,2026-03-02 04:11:58.174283242,Dev Team,synthetic demo data,synthetic demo data
REQ-0576,QA Verification,2026-03-02 10:09:23.367034513,QA Team,synthetic demo data,synthetic demo data
REQ-0576,Closed - Completed,2026-03-02 13:07:49.753850447,Service Desk,synthetic demo data,synthetic demo data
REQ-0577,Request Submitted,2026-03-02 19:38:46.866709929,Requester,synthetic demo data,synthetic demo data
REQ-0577,Triage,2026-03-02 23:37:23.978035136,Service Desk,synthetic demo data,synthetic demo data
REQ-0577,Assigned to Team,2026-03-03 01:42:58.955857806,Service Desk,synthetic demo data,synthetic demo data
REQ-0577,Manager Approval,2026-03-03 23:45:29.474838431,Engineering Manager,synthetic demo data,synthetic demo data
REQ-0577,Security Review,2026-03-04 19:09:57.447235692,Security Team,synthetic demo data,synthetic demo data
REQ-0577,Implementation,2026-03-05 03:26:04.855214709,Dev Team,synthetic demo data,synthetic demo data
REQ-0577,QA Verification,2026-03-05 08:16:28.671875835,QA Team,synthetic demo data,synthetic demo data
REQ-0577,Closed - Completed,2026-03-05 10:15:25.909846818,Service Desk,synthetic demo data,synthetic demo data
REQ-0578,Request Submitted,2026-04-23 23:02:29.706888322,Requester,synthetic demo data,synthetic demo data
REQ-0578,Triage,2026-04-24 02:55:20.861593550,Service Desk,synthetic demo data,synthetic demo data
REQ-0578,Assigned to Team,2026-04-24 05:42:05.504700463,Service Desk,synthetic demo data,synthetic demo data
REQ-0578,Manager Approval,2026-04-25 19:49:48.884720591,Engineering Manager,synthetic demo data,synthetic demo data
REQ-0578,Security Review,2026-04-26 03:25:38.401254888,Security Team,synthetic demo data,synthetic demo data
REQ-0578,Closed - Cancelled,2026-04-26 04:25:38.401254888,Service Desk,synthetic demo data,synthetic demo data
REQ-0579,Request Submitted,2026-01-10 23:28:34.477432268,Requester,synthetic demo data,synthetic demo data
REQ-0579,Triage,2026-01-11 02:56:45.482984498,Service Desk,synthetic demo data,synthetic demo data
REQ-0579,Assigned to Team,2026-01-11 05:04:02.089507584,Service Desk,synthetic demo data,synthetic demo data
REQ-0579,Manager Approval,2026-01-12 21:40:49.320849364,Engineering Manager,synthetic demo data,synthetic demo data
REQ-0579,Security Review,2026-01-13 11:49:35.698182752,Security Team,synthetic demo data,synthetic demo data
REQ-0579,Implementation,2026-01-13 18:00:57.985451735,Dev Team,synthetic demo data,synthetic demo data
REQ-0579,QA Verification,2026-01-13 23:16:46.043667567,QA Team,synthetic demo data,synthetic demo data
REQ-0579,Closed - Completed,2026-01-14 02:33:47.886124152,Service Desk,synthetic demo data,synthetic demo data
REQ-0580,Request Submitted,2026-02-11 09:08:39.021695445,Requester,synthetic demo data,synthetic demo data
REQ-0580,Triage,2026-02-11 09:20:39.021695445,Service Desk,synthetic demo data,synthetic demo data
REQ-0580,Assigned to Team,2026-02-11 10:42:46.510248733,Service Desk,synthetic demo data,synthetic demo data
REQ-0580,Manager Approval,2026-02-12 05:21:01.867668650,Engineering Manager,synthetic demo data,synthetic demo data
REQ-0580,Security Review,2026-02-12 10:49:12.675036121,Security Team,synthetic demo data,synthetic demo data
REQ-0580,Implementation,2026-02-12 15:53:00.947484869,Dev Team,synthetic demo data,synthetic demo data
REQ-0580,QA Verification,2026-02-12 16:05:00.947484869,QA Team,synthetic demo data,synthetic demo data
REQ-0580,Closed - Completed,2026-02-12 17:03:56.188079305,Service Desk,synthetic demo data,synthetic demo data
REQ-0581,Request Submitted,2026-05-09 00:14:43.786656226,Requester,synthetic demo data,synthetic demo data
REQ-0581,Triage,2026-05-09 02:25:58.670276047,Service Desk,synthetic demo data,synthetic demo data
REQ-0581,Closed - Cancelled,2026-05-09 03:25:58.670276047,Service Desk,synthetic demo data,synthetic demo data
REQ-0582,Request Submitted,2026-03-28 22:04:06.198642458,Requester,synthetic demo data,synthetic demo data
REQ-0582,Triage,2026-03-28 22:55:45.236770534,Service Desk,synthetic demo data,synthetic demo data
REQ-0582,Assigned to Team,2026-03-29 01:51:51.903705295,Service Desk,synthetic demo data,synthetic demo data
REQ-0582,Manager Approval,2026-03-30 20:01:08.013403519,Engineering Manager,synthetic demo data,synthetic demo data
REQ-0582,Security Review,2026-04-01 00:08:24.717718703,Security Team,synthetic demo data,synthetic demo data
REQ-0582,Implementation,2026-04-01 10:39:45.535738462,Dev Team,synthetic demo data,synthetic demo data
REQ-0582,QA Verification,2026-04-01 14:26:59.921606528,QA Team,synthetic demo data,synthetic demo data
REQ-0582,Closed - Completed,2026-04-01 16:28:28.301003182,Service Desk,synthetic demo data,synthetic demo data
REQ-0583,Request Submitted,2026-01-14 02:51:28.937023943,Requester,synthetic demo data,synthetic demo data
REQ-0583,Triage,2026-01-14 06:53:42.597452998,Service Desk,synthetic demo data,synthetic demo data
REQ-0583,Assigned to Team,2026-01-14 07:15:07.796173178,Service Desk,synthetic demo data,synthetic demo data
REQ-0583,Manager Approval,2026-01-15 09:58:00.084650696,Engineering Manager,synthetic demo data,synthetic demo data
REQ-0583,Security Review,2026-01-16 16:52:20.749243851,Security Team,synthetic demo data,synthetic demo data
REQ-0583,Implementation,2026-01-16 19:00:31.911715368,Dev Team,synthetic demo data,synthetic demo data
REQ-0583,QA Verification,2026-01-16 23:04:39.439522492,QA Team,synthetic demo data,synthetic demo data
REQ-0583,Closed - Completed,2026-01-17 00:32:54.900931248,Service Desk,synthetic demo data,synthetic demo data
REQ-0584,Request Submitted,2026-06-13 07:04:07.185072680,Requester,synthetic demo data,synthetic demo data
REQ-0584,Triage,2026-06-13 09:39:50.214889896,Service Desk,synthetic demo data,synthetic demo data
REQ-0584,Assigned to Team,2026-06-13 13:39:48.166215466,Service Desk,synthetic demo data,synthetic demo data
REQ-0584,Manager Approval,2026-06-15 02:46:50.282596370,Engineering Manager,synthetic demo data,synthetic demo data
REQ-0584,Security Review,2026-06-15 14:56:50.175549338,Security Team,synthetic demo data,synthetic demo data
REQ-0584,Implementation,2026-06-15 23:17:35.930936675,Dev Team,synthetic demo data,synthetic demo data
REQ-0584,QA Verification,2026-06-16 02:35:41.976349328,QA Team,synthetic demo data,synthetic demo data
REQ-0584,Closed - Completed,2026-06-16 04:15:44.628370550,Service Desk,synthetic demo data,synthetic demo data
REQ-0585,Request Submitted,2026-01-19 22:23:22.958766740,Requester,synthetic demo data,synthetic demo data
REQ-0585,Triage,2026-01-19 23:12:07.863093186,Service Desk,synthetic demo data,synthetic demo data
REQ-0585,Assigned to Team,2026-01-20 02:28:21.673932771,Service Desk,synthetic demo data,synthetic demo data
REQ-0585,Manager Approval,2026-01-20 13:32:51.159259180,Engineering Manager,synthetic demo data,synthetic demo data
REQ-0585,Closed - Rejected,2026-01-20 14:32:51.159259180,Service Desk,synthetic demo data,synthetic demo data
REQ-0586,Request Submitted,2026-04-17 13:33:31.426314156,Requester,synthetic demo data,synthetic demo data
REQ-0586,Triage,2026-04-17 15:06:51.912286251,Service Desk,synthetic demo data,synthetic demo data
REQ-0586,Assigned to Team,2026-04-17 19:31:11.544862432,Service Desk,synthetic demo data,synthetic demo data
REQ-0586,Manager Approval,2026-04-19 09:37:02.814042480,Engineering Manager,synthetic demo data,synthetic demo data
REQ-0586,Security Review,2026-04-20 10:19:27.862677693,Security Team,synthetic demo data,synthetic demo data
REQ-0586,Implementation,2026-04-20 13:55:43.348933189,Dev Team,synthetic demo data,synthetic demo data
REQ-0586,QA Verification,2026-04-20 18:18:17.153894483,QA Team,synthetic demo data,synthetic demo data
REQ-0586,Closed - Completed,2026-04-20 20:34:36.357879262,Service Desk,synthetic demo data,synthetic demo data
REQ-0587,Request Submitted,2026-01-31 08:52:05.296378834,Requester,synthetic demo data,synthetic demo data
REQ-0587,Triage,2026-01-31 11:18:34.187671941,Service Desk,synthetic demo data,synthetic demo data
REQ-0587,Assigned to Team,2026-01-31 13:47:10.815193453,Service Desk,synthetic demo data,synthetic demo data
REQ-0587,Manager Approval,2026-02-01 22:57:04.218484195,Engineering Manager,synthetic demo data,synthetic demo data
REQ-0587,Closed - Rejected,2026-02-01 23:57:04.218484195,Service Desk,synthetic demo data,synthetic demo data
REQ-0588,Request Submitted,2026-05-06 17:07:44.515887722,Requester,synthetic demo data,synthetic demo data
REQ-0588,Triage,2026-05-06 20:18:30.132002711,Service Desk,synthetic demo data,synthetic demo data
REQ-0588,Assigned to Team,2026-05-07 00:08:50.730366170,Service Desk,synthetic demo data,synthetic demo data
REQ-0588,Manager Approval,2026-05-07 09:36:21.733894436,Engineering Manager,synthetic demo data,synthetic demo data
REQ-0588,Security Review,2026-05-07 19:41:12.494146297,Security Team,synthetic demo data,synthetic demo data
REQ-0588,Implementation,2026-05-08 00:21:08.713430090,Dev Team,synthetic demo data,synthetic demo data
REQ-0588,QA Verification,2026-05-08 03:47:16.496327215,QA Team,synthetic demo data,synthetic demo data
REQ-0588,Closed - Completed,2026-05-08 05:41:51.453241230,Service Desk,synthetic demo data,synthetic demo data
REQ-0589,Request Submitted,2026-03-28 23:35:12.895799633,Requester,synthetic demo data,synthetic demo data
REQ-0589,Triage,2026-03-29 01:53:42.326119043,Service Desk,synthetic demo data,synthetic demo data
REQ-0589,Assigned to Team,2026-03-29 04:13:35.656516355,Service Desk,synthetic demo data,synthetic demo data
REQ-0589,Manager Approval,2026-03-29 05:04:30.697837409,Engineering Manager,synthetic demo data,synthetic demo data
REQ-0589,Security Review,2026-03-30 01:42:37.800080930,Security Team,synthetic demo data,synthetic demo data
REQ-0589,Implementation,2026-03-30 09:48:48.890870137,Dev Team,synthetic demo data,synthetic demo data
REQ-0589,QA Verification,2026-03-30 16:21:44.521408357,QA Team,synthetic demo data,synthetic demo data
REQ-0589,Closed - Completed,2026-03-30 20:28:06.986480088,Service Desk,synthetic demo data,synthetic demo data
REQ-0590,Request Submitted,2026-03-19 15:41:58.369562487,Requester,synthetic demo data,synthetic demo data
REQ-0590,Triage,2026-03-19 16:44:14.891894229,Service Desk,synthetic demo data,synthetic demo data
REQ-0590,Assigned to Team,2026-03-19 18:58:04.720248566,Service Desk,synthetic demo data,synthetic demo data
REQ-0590,Manager Approval,2026-03-20 23:38:24.552059369,Engineering Manager,synthetic demo data,synthetic demo data
REQ-0590,Security Review,2026-03-21 12:39:41.361241433,Security Team,synthetic demo data,synthetic demo data
REQ-0590,Implementation,2026-03-21 22:39:48.050401218,Dev Team,synthetic demo data,synthetic demo data
REQ-0590,QA Verification,2026-03-22 05:44:02.665972747,QA Team,synthetic demo data,synthetic demo data
REQ-0590,Closed - Completed,2026-03-22 06:38:44.757917750,Service Desk,synthetic demo data,synthetic demo data
REQ-0591,Request Submitted,2026-02-06 01:05:58.963088118,Requester,synthetic demo data,synthetic demo data
REQ-0591,Triage,2026-02-06 01:22:14.306959845,Service Desk,synthetic demo data,synthetic demo data
REQ-0591,Assigned to Team,2026-02-06 04:17:37.055524782,Service Desk,synthetic demo data,synthetic demo data
REQ-0591,Manager Approval,2026-02-07 14:13:49.860903296,Engineering Manager,synthetic demo data,synthetic demo data
REQ-0591,Security Review,2026-02-08 18:59:08.333413814,Security Team,synthetic demo data,synthetic demo data
REQ-0591,Implementation,2026-02-09 01:38:08.673208790,Dev Team,synthetic demo data,synthetic demo data
REQ-0591,QA Verification,2026-02-09 10:07:10.406497219,QA Team,synthetic demo data,synthetic demo data
REQ-0591,Closed - Completed,2026-02-09 12:18:24.117649591,Service Desk,synthetic demo data,synthetic demo data
REQ-0592,Request Submitted,2026-02-14 14:47:23.288911257,Requester,synthetic demo data,synthetic demo data
REQ-0592,Triage,2026-02-14 17:54:44.504443794,Service Desk,synthetic demo data,synthetic demo data
REQ-0592,Assigned to Team,2026-02-14 22:42:22.819007055,Service Desk,synthetic demo data,synthetic demo data
REQ-0592,Manager Approval,2026-02-16 09:13:37.444219453,Engineering Manager,synthetic demo data,synthetic demo data
REQ-0592,Security Review,2026-02-17 18:41:18.341985685,Security Team,synthetic demo data,synthetic demo data
REQ-0592,Implementation,2026-02-18 06:54:53.523811884,Dev Team,synthetic demo data,synthetic demo data
REQ-0592,QA Verification,2026-02-18 14:57:56.714090264,QA Team,synthetic demo data,synthetic demo data
REQ-0592,Closed - Completed,2026-02-18 16:03:15.992730822,Service Desk,synthetic demo data,synthetic demo data
REQ-0593,Request Submitted,2026-01-23 00:38:03.442107563,Requester,synthetic demo data,synthetic demo data
REQ-0593,Triage,2026-01-23 02:14:54.422518961,Service Desk,synthetic demo data,synthetic demo data
REQ-0593,Assigned to Team,2026-01-23 04:14:45.764490312,Service Desk,synthetic demo data,synthetic demo data
REQ-0593,Manager Approval,2026-01-24 13:50:27.667078610,Engineering Manager,synthetic demo data,synthetic demo data
REQ-0593,Security Review,2026-01-24 18:48:05.352729844,Security Team,synthetic demo data,synthetic demo data
REQ-0593,Implementation,2026-01-25 05:36:00.647894925,Dev Team,synthetic demo data,synthetic demo data
REQ-0593,QA Verification,2026-01-25 08:44:22.083096229,QA Team,synthetic demo data,synthetic demo data
REQ-0593,Closed - Completed,2026-01-25 11:06:36.272287996,Service Desk,synthetic demo data,synthetic demo data
REQ-0594,Request Submitted,2026-02-24 17:51:41.186435328,Requester,synthetic demo data,synthetic demo data
REQ-0594,Triage,2026-02-24 19:42:00.760483077,Service Desk,synthetic demo data,synthetic demo data
REQ-0594,Closed - Cancelled,2026-02-24 20:42:00.760483077,Service Desk,synthetic demo data,synthetic demo data
REQ-0595,Request Submitted,2026-04-22 14:50:40.697072148,Requester,synthetic demo data,synthetic demo data
REQ-0595,Triage,2026-04-22 17:11:56.821310131,Service Desk,synthetic demo data,synthetic demo data
REQ-0595,Assigned to Team,2026-04-22 20:09:40.232276080,Service Desk,synthetic demo data,synthetic demo data
REQ-0595,Manager Approval,2026-04-24 13:58:47.972287001,Engineering Manager,synthetic demo data,synthetic demo data
REQ-0595,Security Review,2026-04-25 20:08:59.013056085,Security Team,synthetic demo data,synthetic demo data
REQ-0595,Implementation,2026-04-26 00:49:49.628352296,Dev Team,synthetic demo data,synthetic demo data
REQ-0595,QA Verification,2026-04-26 06:35:53.288581868,QA Team,synthetic demo data,synthetic demo data
REQ-0595,Closed - Completed,2026-04-26 06:47:53.288581868,Service Desk,synthetic demo data,synthetic demo data
REQ-0596,Request Submitted,2026-02-10 13:45:12.891094499,Requester,synthetic demo data,synthetic demo data
REQ-0596,Triage,2026-02-10 15:50:01.188543142,Service Desk,synthetic demo data,synthetic demo data
REQ-0596,Assigned to Team,2026-02-10 16:02:01.188543142,Service Desk,synthetic demo data,synthetic demo data
REQ-0596,Manager Approval,2026-02-12 06:33:29.270578624,Engineering Manager,synthetic demo data,synthetic demo data
REQ-0596,Security Review,2026-02-12 18:25:16.781595393,Security Team,synthetic demo data,synthetic demo data
REQ-0596,Implementation,2026-02-12 23:46:04.549635424,Dev Team,synthetic demo data,synthetic demo data
REQ-0596,QA Verification,2026-02-13 07:38:51.574645166,QA Team,synthetic demo data,synthetic demo data
REQ-0596,Closed - Completed,2026-02-13 09:54:07.969497011,Service Desk,synthetic demo data,synthetic demo data
REQ-0597,Request Submitted,2026-06-17 07:53:06.155472770,Requester,synthetic demo data,synthetic demo data
REQ-0597,Triage,2026-06-17 10:00:39.165271564,Service Desk,synthetic demo data,synthetic demo data
REQ-0597,Assigned to Team,2026-06-17 12:23:48.051287997,Service Desk,synthetic demo data,synthetic demo data
REQ-0597,Manager Approval,2026-06-18 02:52:02.499754405,Engineering Manager,synthetic demo data,synthetic demo data
REQ-0597,Security Review,2026-06-18 19:52:27.452674506,Security Team,synthetic demo data,synthetic demo data
REQ-0597,Implementation,2026-06-19 05:13:57.586449380,Dev Team,synthetic demo data,synthetic demo data
REQ-0597,QA Verification,2026-06-19 10:41:54.069007727,QA Team,synthetic demo data,synthetic demo data
REQ-0597,Closed - Completed,2026-06-19 11:17:05.438054033,Service Desk,synthetic demo data,synthetic demo data
REQ-0598,Request Submitted,2026-03-06 23:01:21.173404709,Requester,synthetic demo data,synthetic demo data
REQ-0598,Triage,2026-03-07 00:34:34.258846606,Service Desk,synthetic demo data,synthetic demo data
REQ-0598,Assigned to Team,2026-03-07 02:38:45.187192014,Service Desk,synthetic demo data,synthetic demo data
REQ-0598,Manager Approval,2026-03-08 10:43:13.402636733,Engineering Manager,synthetic demo data,synthetic demo data
REQ-0598,Security Review,2026-03-09 11:46:31.245209541,Security Team,synthetic demo data,synthetic demo data
REQ-0598,Implementation,2026-03-10 00:16:56.658448499,Dev Team,synthetic demo data,synthetic demo data
REQ-0598,QA Verification,2026-03-10 04:08:42.685816295,QA Team,synthetic demo data,synthetic demo data
REQ-0598,Closed - Completed,2026-03-10 06:43:54.382230695,Service Desk,synthetic demo data,synthetic demo data
REQ-0599,Request Submitted,2026-01-05 11:29:49.450285925,Requester,synthetic demo data,synthetic demo data
REQ-0599,Triage,2026-01-05 15:23:51.395205487,Service Desk,synthetic demo data,synthetic demo data
REQ-0599,Assigned to Team,2026-01-05 16:14:22.009518389,Service Desk,synthetic demo data,synthetic demo data
REQ-0599,Manager Approval,2026-01-07 04:06:44.672042798,Engineering Manager,synthetic demo data,synthetic demo data
REQ-0599,Security Review,2026-01-08 03:37:19.374234805,Security Team,synthetic demo data,synthetic demo data
REQ-0599,Implementation,2026-01-08 12:43:28.543900343,Dev Team,synthetic demo data,synthetic demo data
REQ-0599,QA Verification,2026-01-08 17:14:27.113572997,QA Team,synthetic demo data,synthetic demo data
REQ-0599,Closed - Completed,2026-01-08 20:04:05.223117102,Service Desk,synthetic demo data,synthetic demo data
REQ-0600,Request Submitted,2026-04-20 13:29:14.867034364,Requester,synthetic demo data,synthetic demo data
REQ-0600,Triage,2026-04-20 14:55:24.918198775,Service Desk,synthetic demo data,synthetic demo data
REQ-0600,Assigned to Team,2026-04-20 16:54:27.509311613,Service Desk,synthetic demo data,synthetic demo data
REQ-0600,Manager Approval,2026-04-22 04:54:36.397799271,Engineering Manager,synthetic demo data,synthetic demo data
REQ-0600,Security Review,2026-04-23 10:36:26.702583388,Security Team,synthetic demo data,synthetic demo data
REQ-0600,Implementation,2026-04-23 17:14:03.819612937,Dev Team,synthetic demo data,synthetic demo data
REQ-0600,QA Verification,2026-04-24 01:34:35.175384135,QA Team,synthetic demo data,synthetic demo data
REQ-0600,Closed - Completed,2026-04-24 03:37:34.241779735,Service Desk,synthetic demo data,synthetic demo data
