employee_id,department,job_role,education_level,years_at_company,monthly_hours_worked,attendance_rate,training_hours,tasks_completed,peer_review_score,manager_rating,promotions_last_3years,salary_band,work_location,performance_score,month,Task_per_100h,Training_flag_missing,Dup_emp_month,Composite_review,data_source
E1000,HR,Manager,PhD,7,154.5,97.6,5.9,4,9.55,6.03,1,Medium,Onsite,14.66,2024-01,2.5889967637540456,0,1,7.790000000000001,public benchmark data
E1000,IT,Executive,PhD,6,174.6,100.0,0.1,3,8.41,4.05,2,Low,Hybrid,20.21,2024-01,1.718213058419244,0,1,6.23,public benchmark data
E1000,Marketing,Manager,PhD,9,161.2,92.4,3.8,4,8.92,8.65,0,Medium,Onsite,7.4,2024-03,2.481389578163772,0,1,8.785,public benchmark data
E1000,HR,Manager,Bachelors,6,163.2,88.0,0.6,12,5.93,5.31,0,Low,Hybrid,10.69,2024-03,7.352941176470589,0,1,5.619999999999999,public benchmark data
E1000,Marketing,Manager,PhD,9,153.2,98.1,,3,8.9,7.66,0,Low,Hybrid,18.92,2024-04,1.95822454308094,1,0,8.280000000000001,public benchmark data
E1000,Marketing,Developer,Bachelors,7,148.9,89.0,6.6,9,9.53,7.17,0,Medium,Hybrid,12.73,2024-05,6.044325050369375,0,0,8.35,public benchmark data
E1000,Finance,Manager,Bachelors,4,157.8,96.8,8.0,3,6.72,8.83,1,High,Remote,15.25,2024-06,1.9011406844106464,0,0,7.775,public benchmark data
E1000,Finance,Analyst,Bachelors,4,161.0,99.8,3.6,4,7.01,1.69,0,Low,Remote,14.38,2024-07,2.484472049689441,0,0,4.35,public benchmark data
E1000,HR,Manager,Masters,3,150.9,90.9,4.0,4,6.65,9.17,0,Low,Remote,17.84,2024-08,2.650762094102054,0,0,7.91,public benchmark data
E1000,Finance,Associate,Masters,8,161.0,92.8,3.7,6,7.51,9.29,0,Low,Hybrid,17.53,2024-09,3.7267080745341614,0,0,8.399999999999999,public benchmark data
E1000,Sales,Associate,Bachelors,6,174.0,88.0,6.2,4,10.0,10.0,0,Medium,Onsite,17.88,2024-10,2.2988505747126435,0,0,10.0,public benchmark data
E1000,Marketing,Analyst,PhD,3,154.6,100.0,5.9,7,3.8,7.03,0,High,Remote,15.65,2024-11,4.527813712807244,0,0,5.415,public benchmark data
E1001,Marketing,Executive,PhD,1,162.6,98.9,2.5,8,5.52,7.35,1,Low,Onsite,7.64,2024-01,4.920049200492005,0,1,6.435,public benchmark data
E1001,IT,Analyst,Bachelors,9,146.7,94.9,7.7,10,6.4,9.6,1,Low,Onsite,8.39,2024-01,6.81663258350375,0,1,8.0,public benchmark data
E1001,Sales,Analyst,Masters,1,166.3,90.7,2.9,6,8.22,6.1,0,High,Remote,16.64,2024-03,3.6079374624173175,0,1,7.16,public benchmark data
E1001,IT,Analyst,Masters,7,158.9,86.3,2.3,6,5.07,4.95,1,Low,Hybrid,5.99,2024-03,3.775959723096287,0,1,5.01,public benchmark data
E1001,Finance,Manager,PhD,9,150.4,100.0,6.8,12,6.59,6.03,0,High,Onsite,15.83,2024-04,7.978723404255319,0,0,6.3100000000000005,public benchmark data
E1001,Marketing,Executive,Bachelors,6,155.9,95.4,3.2,5,7.0,10.0,0,Medium,Remote,22.93,2024-05,3.207184092366902,0,0,8.5,public benchmark data
E1001,Finance,Associate,Bachelors,4,146.9,85.0,3.3,4,8.76,6.77,0,High,Remote,16.32,2024-06,2.722940776038121,0,0,7.765,public benchmark data
E1001,HR,Executive,Bachelors,6,169.5,100.0,,5,9.98,6.53,0,Medium,Remote,23.71,2024-07,2.949852507374631,1,0,8.255,public benchmark data
E1001,Finance,Manager,Bachelors,5,147.1,94.5,1.0,5,5.55,7.81,0,High,Hybrid,17.35,2024-08,3.399048266485384,0,0,6.68,public benchmark data
E1001,Finance,Executive,PhD,8,163.4,99.6,6.2,8,9.05,5.91,0,Medium,Remote,8.49,2024-09,4.895960832313341,0,0,7.48,public benchmark data
E1001,Sales,Executive,Masters,2,155.1,96.0,6.8,3,6.8,8.9,1,Low,Onsite,20.6,2024-10,1.9342359767891684,0,0,7.85,public benchmark data
E1001,Marketing,Associate,Masters,4,164.5,94.6,0.6,7,9.58,8.53,1,High,Hybrid,8.28,2024-11,4.25531914893617,0,0,9.055,public benchmark data
E1002,Sales,Associate,Masters,3,173.1,95.1,6.4,3,7.03,7.65,1,Medium,Onsite,12.45,2024-01,1.733102253032929,0,1,7.34,public benchmark data
E1002,IT,Associate,Masters,3,151.5,94.9,5.4,8,6.29,7.65,1,Low,Onsite,22.25,2024-01,5.2805280528052805,0,1,6.970000000000001,public benchmark data
E1002,HR,Executive,PhD,9,166.1,100.0,4.1,5,7.81,9.31,1,Low,Hybrid,12.04,2024-03,3.0102347983142685,0,1,8.56,public benchmark data
E1002,Sales,Associate,Bachelors,9,142.6,100.0,4.7,5,10.0,9.89,1,Medium,Remote,5.33,2024-03,3.506311360448808,0,1,9.945,public benchmark data
E1002,Marketing,Developer,PhD,8,163.2,90.9,6.0,6,9.8,7.14,2,Medium,Hybrid,18.75,2024-04,3.6764705882352944,0,0,8.47,public benchmark data
E1002,HR,Manager,PhD,5,168.4,89.7,3.6,8,6.05,5.03,1,High,Remote,10.38,2024-05,4.750593824228028,0,0,5.54,public benchmark data
E1002,Finance,Manager,Masters,8,170.3,85.9,1.2,11,8.04,6.85,1,Medium,Onsite,12.14,2024-06,6.459189665296535,0,0,7.444999999999999,public benchmark data
E1002,Sales,Manager,PhD,1,173.7,91.6,7.3,2,6.94,7.44,0,High,Remote,10.08,2024-07,1.1514104778353482,0,0,7.19,public benchmark data
E1002,Marketing,Executive,PhD,5,160.1,95.2,4.1,7,8.43,7.66,0,Low,Hybrid,10.26,2024-08,4.372267332916927,0,0,8.045,public benchmark data
E1002,Finance,Associate,PhD,6,154.8,99.5,3.9,10,10.0,7.72,0,Low,Onsite,23.88,2024-09,6.459948320413436,0,0,8.86,public benchmark data
E1002,Finance,Executive,PhD,7,179.1,96.1,4.6,3,9.63,3.95,0,High,Onsite,19.09,2024-10,1.6750418760469017,0,0,6.790000000000001,public benchmark data
E1002,Marketing,Analyst,Masters,3,138.3,100.0,1.5,8,9.75,5.99,0,Low,Onsite,19.49,2024-11,5.784526391901663,0,0,7.87,public benchmark data
E1003,Finance,Analyst,Bachelors,6,145.7,94.0,5.1,4,4.08,6.78,1,Low,Onsite,11.54,2024-01,2.7453671928620453,0,1,5.43,public benchmark data
E1003,Marketing,Manager,Bachelors,1,161.8,95.2,6.6,5,7.6,7.8,1,High,Remote,9.62,2024-01,3.0902348578491963,0,1,7.699999999999999,public benchmark data
E1003,HR,Associate,Bachelors,2,175.2,82.7,3.4,2,6.14,5.71,0,Low,Hybrid,5.48,2024-03,1.1415525114155252,0,1,5.925,public benchmark data
E1003,Sales,Associate,Bachelors,1,156.5,84.4,7.7,10,5.54,2.84,1,Medium,Hybrid,12.41,2024-03,6.389776357827476,0,1,4.19,public benchmark data
E1003,Marketing,Developer,Bachelors,5,153.5,92.6,3.8,6,6.2,7.78,1,High,Hybrid,12.76,2024-04,3.908794788273615,0,0,6.99,public benchmark data
E1003,IT,Analyst,Masters,6,159.9,97.3,6.6,9,8.35,8.97,0,High,Hybrid,18.91,2024-05,5.628517823639775,0,0,8.66,public benchmark data
E1003,Finance,Developer,PhD,4,168.8,86.6,3.5,5,4.29,10.0,1,Medium,Onsite,9.33,2024-06,2.962085308056872,0,0,7.145,public benchmark data
E1003,IT,Executive,Bachelors,1,164.5,98.2,6.4,5,7.28,8.16,1,Medium,Onsite,16.31,2024-07,3.0395136778115504,0,0,7.720000000000001,public benchmark data
E1003,Marketing,Associate,Bachelors,3,163.9,92.9,5.6,7,10.0,7.04,0,High,Onsite,22.34,2024-08,4.270896888346552,0,0,8.52,public benchmark data
E1003,HR,Manager,PhD,1,166.9,83.3,0.4,11,9.65,6.3,1,High,Onsite,10.89,2024-09,6.59077291791492,0,0,7.975,public benchmark data
E1003,IT,Manager,Bachelors,5,156.5,99.1,7.6,7,,4.88,1,Medium,Onsite,11.51,2024-10,4.472843450479233,0,0,4.88,public benchmark data
E1003,Marketing,Executive,Masters,6,155.9,87.7,6.6,4,5.25,5.25,1,High,Remote,13.13,2024-11,2.565747273893521,0,0,5.25,public benchmark data
E1004,IT,Associate,Bachelors,5,162.2,97.2,5.5,9,5.79,10.0,0,High,Hybrid,17.31,2024-01,5.548705302096178,0,1,7.895,public benchmark data
E1004,Marketing,Developer,Bachelors,9,152.0,98.3,6.0,8,,6.62,0,Medium,Remote,16.45,2024-01,5.263157894736842,0,1,6.62,public benchmark data
E1004,IT,Manager,Bachelors,4,168.0,94.2,7.2,3,4.73,5.4,2,High,Remote,11.63,2024-03,1.7857142857142856,0,1,5.065,public benchmark data
E1004,Finance,Developer,Masters,1,149.4,89.4,2.3,9,4.63,3.93,0,Medium,Hybrid,26.28,2024-03,6.024096385542169,0,1,4.28,public benchmark data
E1004,HR,Manager,Bachelors,3,156.6,93.1,2.2,3,6.33,8.87,0,Medium,Hybrid,18.92,2024-04,1.9157088122605368,0,0,7.6,public benchmark data
E1004,Finance,Manager,Bachelors,7,152.3,91.9,10.1,12,7.72,5.79,0,Low,Onsite,13.69,2024-05,7.879185817465528,0,0,6.755,public benchmark data
E1004,Marketing,Developer,Bachelors,1,163.3,88.7,6.8,7,7.22,2.84,0,Medium,Onsite,21.0,2024-06,4.286589099816289,0,0,5.029999999999999,public benchmark data
E1004,Finance,Developer,Bachelors,4,161.7,90.1,,6,8.0,5.0,0,Low,Remote,22.13,2024-07,3.710575139146568,1,0,6.5,public benchmark data
E1004,Marketing,Manager,Bachelors,2,143.7,97.8,9.0,2,8.58,7.51,0,High,Hybrid,18.5,2024-08,1.3917884481558804,0,0,8.045,public benchmark data
E1004,HR,Manager,Bachelors,9,187.6,93.9,4.4,5,9.21,6.55,1,Low,Remote,19.68,2024-09,2.665245202558636,0,0,7.880000000000001,public benchmark data
E1004,Sales,Developer,Bachelors,7,165.4,95.7,6.0,4,7.32,7.47,1,Medium,Onsite,14.7,2024-10,2.418379685610641,0,0,7.395,public benchmark data
E1004,IT,Developer,Bachelors,2,155.2,100.0,2.5,5,5.51,8.97,2,Medium,Remote,10.55,2024-11,3.221649484536083,0,0,7.24,public benchmark data
E1005,Sales,Analyst,Masters,1,159.3,98.1,,11,5.5,7.86,0,High,Hybrid,15.64,2024-01,6.905210295040804,1,1,6.68,public benchmark data
E1005,Marketing,Developer,Bachelors,5,140.5,93.6,5.7,5,,9.71,1,Low,Remote,0.07,2024-01,3.558718861209965,0,1,9.71,public benchmark data
E1005,IT,Manager,PhD,8,155.7,93.5,5.4,5,,9.06,1,High,Hybrid,6.24,2024-03,3.211303789338472,0,1,9.06,public benchmark data
E1005,HR,Analyst,Bachelors,10,157.8,100.0,5.5,0,7.47,6.12,1,Low,Hybrid,7.16,2024-03,0.0,0,1,6.795,public benchmark data
E1005,Sales,Associate,PhD,7,186.0,91.7,3.6,4,5.22,3.28,1,Low,Onsite,10.46,2024-04,2.1505376344086025,0,0,4.25,public benchmark data
E1005,Marketing,Manager,Bachelors,2,140.7,89.0,2.9,8,8.52,7.33,0,Low,Hybrid,15.72,2024-05,5.68585643212509,0,0,7.925,public benchmark data
E1005,HR,Executive,Masters,10,158.7,92.5,,7,8.26,10.0,1,Low,Hybrid,11.15,2024-06,4.410838059231255,1,0,9.13,public benchmark data
E1005,IT,Associate,PhD,9,175.5,100.0,3.8,9,6.92,6.93,0,Low,Hybrid,23.68,2024-07,5.128205128205128,0,0,6.925,public benchmark data
E1005,HR,Developer,PhD,5,160.4,100.0,5.3,8,8.79,4.66,1,High,Hybrid,10.69,2024-08,4.987531172069825,0,0,6.725,public benchmark data
E1005,Marketing,Analyst,Masters,4,173.8,98.2,4.7,6,7.72,8.64,2,Low,Hybrid,6.7,2024-09,3.452243958573072,0,0,8.18,public benchmark data
E1005,Finance,Executive,Masters,1,157.2,90.6,4.2,4,6.49,8.54,0,Medium,Onsite,15.97,2024-10,2.544529262086514,0,0,7.515,public benchmark data
E1005,Finance,Developer,Masters,4,158.1,93.0,4.3,8,7.76,10.0,1,Low,Onsite,13.86,2024-11,5.0600885515496525,0,0,8.879999999999999,public benchmark data
E1006,Sales,Associate,PhD,10,158.9,88.9,5.2,8,9.25,7.86,1,Low,Onsite,15.29,2024-01,5.034612964128382,0,1,8.555,public benchmark data
E1006,Marketing,Executive,PhD,4,144.7,91.5,4.9,3,7.87,4.5,1,Medium,Onsite,19.52,2024-01,2.073255010366275,0,1,6.1850000000000005,public benchmark data
E1006,Finance,Manager,Bachelors,8,155.8,92.6,8.3,5,3.78,10.0,0,Medium,Remote,21.06,2024-03,3.209242618741977,0,1,6.89,public benchmark data
E1006,IT,Developer,PhD,9,159.6,87.8,5.3,4,6.48,6.65,0,High,Remote,9.09,2024-03,2.5062656641604013,0,1,6.565,public benchmark data
E1006,Marketing,Associate,Bachelors,6,170.2,89.5,5.7,2,8.22,6.99,0,High,Hybrid,6.72,2024-04,1.1750881316098707,0,0,7.605,public benchmark data
E1006,Finance,Manager,Bachelors,4,171.8,91.7,7.0,5,7.64,8.84,0,Medium,Onsite,16.31,2024-05,2.910360884749709,0,0,8.24,public benchmark data
E1006,HR,Associate,Bachelors,1,162.1,99.4,8.0,12,9.79,6.56,1,Medium,Remote,9.56,2024-06,7.402837754472548,0,0,8.174999999999999,public benchmark data
E1006,Marketing,Executive,PhD,7,157.0,100.0,1.9,5,9.08,8.01,0,Medium,Onsite,4.12,2024-07,3.1847133757961785,0,0,8.545,public benchmark data
E1006,Finance,Associate,Masters,10,146.3,92.6,2.3,10,,6.18,0,Medium,Onsite,14.35,2024-08,6.835269993164729,0,0,6.18,public benchmark data
E1006,HR,Developer,Masters,4,143.7,92.1,6.6,7,7.77,7.65,0,Low,Onsite,12.33,2024-09,4.8712595685455815,0,0,7.71,public benchmark data
E1006,Finance,Executive,PhD,6,158.4,100.0,0.5,6,7.85,6.06,2,Medium,Onsite,15.37,2024-10,3.787878787878788,0,0,6.955,public benchmark data
E1006,Sales,Associate,PhD,10,139.0,96.3,4.5,5,9.35,8.69,0,Medium,Hybrid,20.39,2024-11,3.597122302158273,0,0,9.02,public benchmark data
E1007,HR,Manager,Bachelors,1,155.3,100.0,5.3,3,9.13,4.53,0,High,Onsite,16.38,2024-01,1.9317450096587248,0,1,6.83,public benchmark data
E1007,Marketing,Manager,Masters,5,161.9,90.5,3.2,3,9.92,7.14,0,High,Hybrid,14.79,2024-01,1.8529956763434217,0,1,8.53,public benchmark data
E1007,IT,Developer,Bachelors,2,164.3,84.6,3.5,5,8.26,6.79,0,Low,Remote,12.03,2024-03,3.0432136335970785,0,1,7.525,public benchmark data
E1007,Finance,Manager,Masters,10,162.0,100.0,7.2,7,9.28,6.87,1,Low,Hybrid,16.69,2024-03,4.320987654320987,0,1,8.075,public benchmark data
E1007,IT,Manager,Masters,9,157.4,92.5,5.6,10,6.32,9.68,0,High,Remote,22.59,2024-04,6.353240152477764,0,0,8.0,public benchmark data
E1007,Marketing,Executive,Bachelors,3,150.1,84.2,3.7,5,5.52,8.96,0,Low,Onsite,10.49,2024-05,3.3311125916055966,0,0,7.24,public benchmark data
E1007,Sales,Manager,Bachelors,6,143.7,95.9,0.2,9,6.7,4.57,0,High,Remote,10.98,2024-06,6.263048016701461,0,0,5.635,public benchmark data
E1007,Sales,Executive,Masters,3,159.7,90.2,3.3,7,6.02,6.73,1,Low,Hybrid,12.02,2024-07,4.383218534752661,0,0,6.375,public benchmark data
E1007,HR,Developer,Bachelors,10,154.6,97.6,6.9,5,6.51,5.0,0,Medium,Onsite,14.01,2024-08,3.2341526520051747,0,0,5.755,public benchmark data
E1007,IT,Developer,Masters,6,160.5,95.2,3.6,9,6.51,5.65,0,Medium,Onsite,15.2,2024-09,5.607476635514018,0,0,6.08,public benchmark data
E1007,IT,Manager,PhD,1,148.6,93.7,6.0,5,6.96,4.35,0,Low,Remote,16.48,2024-10,3.3647375504710637,0,0,5.654999999999999,public benchmark data
E1007,Finance,Analyst,Bachelors,9,163.1,95.0,5.8,6,6.34,8.14,0,Medium,Remote,22.05,2024-11,3.678724708767627,0,0,7.24,public benchmark data
E1008,Marketing,Developer,PhD,4,154.2,89.9,3.7,2,5.66,5.76,0,High,Remote,15.18,2024-01,1.297016861219196,0,1,5.71,public benchmark data
E1008,HR,Manager,Masters,6,176.9,99.4,4.5,3,5.19,6.98,0,Low,Hybrid,13.68,2024-01,1.6958733747880157,0,1,6.085000000000001,public benchmark data
E1008,Finance,Manager,Bachelors,6,165.6,95.4,,5,6.12,9.18,1,High,Remote,16.79,2024-03,3.0193236714975846,1,1,7.65,public benchmark data
E1008,Finance,Analyst,Masters,7,149.1,93.4,7.4,5,7.71,8.42,0,High,Hybrid,18.64,2024-03,3.35345405767941,0,1,8.065,public benchmark data
E1008,HR,Developer,PhD,1,153.2,89.1,1.9,8,5.71,3.01,0,Low,Remote,18.16,2024-04,5.221932114882507,0,0,4.359999999999999,public benchmark data
E1008,HR,Developer,Bachelors,1,160.8,94.5,6.8,6,7.06,4.93,2,High,Hybrid,19.75,2024-05,3.731343283582089,0,0,5.994999999999999,public benchmark data
E1008,IT,Analyst,Masters,10,157.7,96.0,9.9,5,7.05,8.02,0,Low,Hybrid,14.62,2024-06,3.1705770450221946,0,0,7.535,public benchmark data
E1008,Finance,Associate,Masters,4,150.6,94.3,2.6,5,8.4,7.3,2,High,Onsite,11.56,2024-07,3.3200531208499333,0,0,7.85,public benchmark data
E1008,Finance,Associate,Masters,3,152.9,99.3,6.1,5,6.12,8.9,1,High,Remote,16.07,2024-08,3.2701111837802483,0,0,7.51,public benchmark data
E1008,Finance,Developer,PhD,5,158.7,99.9,4.0,4,5.74,5.85,0,Medium,Hybrid,0.23,2024-09,2.5204788909892883,0,0,5.795,public benchmark data
E1008,IT,Executive,Masters,5,154.5,97.0,2.0,3,7.78,6.97,0,High,Remote,15.86,2024-10,1.9417475728155336,0,0,7.375,public benchmark data
E1008,IT,Associate,PhD,5,148.1,94.8,7.3,10,6.21,8.36,0,Medium,Remote,12.21,2024-11,6.75219446320054,0,0,7.285,public benchmark data
E1009,Marketing,Manager,Masters,8,181.6,92.0,6.5,4,7.95,7.18,1,Medium,Onsite,21.93,2024-01,2.202643171806168,0,1,7.564999999999999,public benchmark data
E1009,Sales,Associate,PhD,8,162.4,92.7,3.4,5,9.45,7.57,1,High,Remote,10.02,2024-01,3.078817733990148,0,1,8.51,public benchmark data
E1009,Sales,Developer,Masters,10,166.1,100.0,2.5,5,6.75,9.91,1,High,Onsite,23.24,2024-03,3.0102347983142685,0,1,8.33,public benchmark data
E1009,Marketing,Developer,PhD,2,156.4,90.8,2.9,5,4.55,7.61,0,Low,Hybrid,16.37,2024-03,3.1969309462915603,0,1,6.08,public benchmark data
E1009,HR,Analyst,PhD,7,156.5,97.7,9.3,5,8.53,9.25,0,High,Hybrid,10.72,2024-04,3.1948881789137378,0,0,8.89,public benchmark data
E1009,Marketing,Analyst,Bachelors,2,163.2,91.6,2.6,6,7.44,7.33,1,Low,Hybrid,8.65,2024-05,3.6764705882352944,0,0,7.385,public benchmark data
E1009,Finance,Executive,Bachelors,5,158.6,88.9,4.6,7,6.22,6.73,1,Low,Onsite,13.01,2024-06,4.4136191677175285,0,0,6.475,public benchmark data
E1009,HR,Executive,Masters,6,168.3,99.0,7.3,7,8.68,7.79,0,High,Onsite,10.42,2024-07,4.159239453357101,0,0,8.235,public benchmark data
E1009,Sales,Developer,PhD,7,171.7,92.1,5.4,6,6.25,9.05,0,High,Onsite,16.56,2024-08,3.4944670937682005,0,0,7.65,public benchmark data
E1009,Sales,Developer,Masters,3,151.8,95.0,4.7,7,6.82,6.83,0,Low,Onsite,12.95,2024-09,4.61133069828722,0,0,6.825,public benchmark data
E1009,HR,Manager,Masters,9,161.9,97.9,8.7,7,5.88,4.18,0,Low,Onsite,8.15,2024-10,4.323656578134651,0,0,5.029999999999999,public benchmark data
E1009,Marketing,Developer,Bachelors,1,176.9,100.0,5.9,5,7.8,1.57,1,High,Onsite,9.04,2024-11,2.826455624646693,0,0,4.685,public benchmark data
E1010,HR,Developer,Bachelors,4,159.7,100.0,8.3,7,6.81,6.8,0,Medium,Hybrid,13.46,2024-01,4.383218534752661,0,1,6.805,public benchmark data
E1010,Marketing,Associate,PhD,3,168.9,91.5,4.9,5,7.87,9.11,0,Medium,Remote,23.5,2024-01,2.960331557134399,0,1,8.49,public benchmark data
E1010,Marketing,Associate,Masters,2,142.4,89.9,5.5,5,7.63,4.78,0,High,Remote,15.33,2024-03,3.511235955056179,0,1,6.205,public benchmark data
E1010,IT,Developer,Masters,3,163.1,94.3,3.4,9,7.25,6.53,0,Medium,Onsite,19.54,2024-03,5.518087063151441,0,1,6.890000000000001,public benchmark data
E1010,Finance,Associate,Masters,6,164.4,99.5,0.3,6,5.99,5.74,0,High,Onsite,16.25,2024-04,3.64963503649635,0,0,5.865,public benchmark data
E1010,Finance,Developer,Bachelors,4,175.8,96.4,5.7,7,6.24,4.43,0,High,Remote,8.8,2024-05,3.981797497155859,0,0,5.335,public benchmark data
E1010,IT,Analyst,Masters,3,163.0,91.2,4.1,9,9.22,7.14,0,Medium,Hybrid,18.21,2024-06,5.521472392638037,0,0,8.18,public benchmark data
E1010,HR,Executive,Bachelors,4,147.7,96.1,1.9,4,9.45,9.71,1,Low,Remote,9.69,2024-07,2.7081922816519977,0,0,9.58,public benchmark data
E1010,IT,Executive,Bachelors,5,180.6,89.7,5.0,8,9.62,7.07,0,Medium,Remote,12.49,2024-08,4.4296788482834994,0,0,8.344999999999999,public benchmark data
E1010,Finance,Associate,Masters,9,155.0,97.8,5.6,8,7.39,8.47,1,Medium,Onsite,11.93,2024-09,5.161290322580645,0,0,7.93,public benchmark data
E1010,IT,Developer,Masters,10,155.4,93.5,5.5,10,6.81,6.36,0,High,Hybrid,11.0,2024-10,6.435006435006435,0,0,6.585,public benchmark data
E1010,HR,Associate,Masters,7,164.7,90.0,4.6,5,6.61,7.69,0,Medium,Onsite,14.05,2024-11,3.035822707953856,0,0,7.15,public benchmark data
E1011,Finance,Analyst,Masters,9,166.3,100.0,5.8,7,7.14,5.93,1,Medium,Hybrid,13.94,2024-01,4.209260372820204,0,1,6.535,public benchmark data
E1011,Marketing,Associate,Bachelors,10,165.4,99.4,7.0,6,10.0,3.6,1,Medium,Onsite,17.02,2024-01,3.627569528415961,0,1,6.8,public benchmark data
E1011,Finance,Developer,Masters,5,149.5,89.7,6.9,5,10.0,7.14,0,Low,Remote,19.29,2024-03,3.3444816053511706,0,1,8.57,public benchmark data
E1011,Finance,Developer,PhD,4,159.4,87.4,5.4,2,10.0,5.96,1,Low,Remote,13.48,2024-03,1.2547051442910917,0,1,7.98,public benchmark data
E1011,IT,Associate,PhD,9,150.1,92.7,7.9,7,7.09,7.71,0,Low,Remote,14.02,2024-04,4.663557628247835,0,0,7.4,public benchmark data
E1011,Marketing,Associate,PhD,6,158.9,94.1,4.1,2,4.19,4.19,0,Low,Onsite,11.36,2024-05,1.2586532410320954,0,0,4.19,public benchmark data
E1011,Sales,Executive,Masters,4,160.8,87.7,4.4,6,6.37,5.23,0,Low,Onsite,13.69,2024-06,3.731343283582089,0,0,5.800000000000001,public benchmark data
E1011,Finance,Developer,Masters,7,155.6,95.3,4.4,8,7.67,9.1,1,Low,Remote,9.55,2024-07,5.141388174807198,0,0,8.385,public benchmark data
E1011,Finance,Analyst,Masters,5,161.4,91.9,3.6,5,8.01,8.02,1,Medium,Remote,12.37,2024-08,3.097893432465923,0,0,8.015,public benchmark data
E1011,Finance,Manager,Masters,9,168.1,96.5,5.1,3,10.0,9.66,0,Low,Hybrid,17.97,2024-09,1.784651992861392,0,0,9.83,public benchmark data
E1011,Marketing,Manager,Masters,3,148.6,95.5,4.9,4,7.19,3.08,1,Low,Hybrid,16.2,2024-10,2.6917900403768504,0,0,5.135,public benchmark data
E1011,HR,Manager,Bachelors,9,158.3,91.8,4.4,5,9.13,10.0,1,Low,Onsite,7.04,2024-11,3.1585596967782688,0,0,9.565,public benchmark data
E1012,HR,Associate,Bachelors,7,167.9,86.3,7.6,5,5.01,6.38,0,Low,Onsite,16.34,2024-01,2.977963073257892,0,1,5.695,public benchmark data
E1012,Sales,Manager,PhD,10,173.1,100.0,3.9,7,7.19,5.38,0,Low,Remote,16.29,2024-01,4.043905257076834,0,1,6.285,public benchmark data
E1012,Finance,Analyst,Bachelors,8,160.3,97.1,1.5,4,5.32,4.19,0,High,Hybrid,5.22,2024-03,2.495321272613849,0,1,4.755000000000001,public benchmark data
E1012,HR,Executive,Masters,6,171.7,96.8,4.8,7,8.17,3.4,0,Low,Hybrid,10.89,2024-03,4.076878276062901,0,1,5.785,public benchmark data
E1012,HR,Analyst,PhD,3,160.3,88.4,2.8,7,8.62,8.42,0,High,Remote,17.5,2024-04,4.366812227074235,0,0,8.52,public benchmark data
E1012,Sales,Executive,Bachelors,6,179.6,100.0,4.1,3,,7.53,1,High,Hybrid,22.12,2024-05,1.670378619153675,0,0,7.53,public benchmark data
E1012,IT,Manager,PhD,5,163.3,100.0,5.3,5,6.91,6.9,0,Medium,Hybrid,22.06,2024-06,3.0618493570116345,0,0,6.905,public benchmark data
E1012,Marketing,Manager,PhD,4,150.9,91.7,3.8,11,9.56,6.61,1,Low,Remote,20.05,2024-07,7.289595758780649,0,0,8.085,public benchmark data
E1012,Marketing,Developer,PhD,8,165.9,80.3,6.3,5,7.79,5.06,1,Medium,Onsite,5.09,2024-08,3.013863773357444,0,0,6.425,public benchmark data
E1012,Marketing,Analyst,Bachelors,8,162.1,100.0,4.8,2,6.97,7.36,1,Medium,Remote,14.15,2024-09,1.2338062924120914,0,0,7.165,public benchmark data
E1012,HR,Developer,Masters,8,175.4,91.5,6.9,4,5.81,5.57,1,High,Remote,14.43,2024-10,2.280501710376283,0,0,5.69,public benchmark data
E1012,IT,Developer,Bachelors,6,143.9,91.2,3.5,10,6.09,5.29,1,High,Hybrid,15.15,2024-11,6.949270326615705,0,0,5.69,public benchmark data
E1013,Finance,Associate,PhD,7,158.6,100.0,5.4,6,9.43,5.61,0,Medium,Remote,22.14,2024-01,3.783102143757881,0,1,7.52,public benchmark data
E1013,Sales,Associate,Masters,2,163.4,90.3,,4,7.52,8.65,0,Medium,Onsite,8.39,2024-01,2.4479804161566707,1,1,8.085,public benchmark data
E1013,HR,Analyst,Masters,9,146.5,90.9,4.0,9,8.81,9.85,0,Low,Remote,19.17,2024-03,6.143344709897611,0,1,9.33,public benchmark data
E1013,Marketing,Associate,PhD,7,165.5,93.2,3.8,7,6.25,2.15,1,Medium,Remote,12.56,2024-03,4.229607250755287,0,1,4.2,public benchmark data
E1013,HR,Developer,Masters,3,145.6,94.0,2.2,6,5.38,9.08,0,Low,Remote,12.75,2024-04,4.12087912087912,0,0,7.23,public benchmark data
E1013,IT,Analyst,Masters,7,144.5,99.1,5.8,7,6.15,5.91,0,Medium,Remote,13.23,2024-05,4.844290657439446,0,0,6.03,public benchmark data
E1013,Marketing,Analyst,PhD,10,150.7,95.5,2.8,8,8.68,8.23,0,Low,Hybrid,16.31,2024-06,5.308560053085601,0,0,8.455,public benchmark data
E1013,IT,Manager,Bachelors,10,148.2,100.0,6.4,3,8.58,8.35,0,High,Remote,17.24,2024-07,2.0242914979757085,0,0,8.465,public benchmark data
E1013,Sales,Associate,Bachelors,6,141.1,91.4,7.5,11,6.26,6.06,1,High,Remote,12.25,2024-08,7.795889440113394,0,0,6.16,public benchmark data
E1013,Sales,Developer,Bachelors,9,161.5,98.2,3.6,9,,8.54,1,Low,Remote,22.06,2024-09,5.572755417956656,0,0,8.54,public benchmark data
E1013,IT,Developer,PhD,9,163.9,100.0,5.7,7,6.95,7.66,0,Low,Remote,17.71,2024-10,4.270896888346552,0,0,7.305,public benchmark data
E1013,Marketing,Analyst,Masters,1,160.0,98.9,1.6,11,,8.91,1,High,Hybrid,14.37,2024-11,6.875000000000001,0,0,8.91,public benchmark data
E1014,Finance,Developer,PhD,1,155.7,97.9,1.8,5,8.19,7.85,1,High,Remote,13.53,2024-01,3.211303789338472,0,1,8.02,public benchmark data
E1014,Finance,Developer,Masters,10,178.0,94.0,6.4,5,,4.5,0,Medium,Remote,16.08,2024-01,2.808988764044944,0,1,4.5,public benchmark data
E1014,IT,Manager,PhD,2,173.9,95.3,,2,6.27,10.0,0,Low,Remote,5.49,2024-03,1.1500862564692351,1,1,8.135,public benchmark data
E1014,HR,Associate,PhD,3,174.2,92.0,,6,9.01,3.95,0,Low,Onsite,12.78,2024-03,3.444316877152698,1,1,6.48,public benchmark data
E1014,IT,Developer,Masters,10,149.1,98.5,8.4,8,6.71,8.32,1,High,Hybrid,17.74,2024-04,5.365526492287056,0,0,7.515000000000001,public benchmark data
E1014,Marketing,Associate,Masters,2,164.1,88.4,,3,5.96,7.02,0,Low,Onsite,15.42,2024-05,1.828153564899452,1,0,6.49,public benchmark data
E1014,Finance,Executive,Masters,8,169.0,98.7,7.1,5,6.78,10.0,0,Low,Remote,26.67,2024-06,2.9585798816568047,0,0,8.39,public benchmark data
E1014,HR,Associate,Bachelors,6,173.7,90.8,,3,6.62,5.81,1,Medium,Onsite,7.4,2024-07,1.7271157167530224,1,0,6.215,public benchmark data
E1014,HR,Associate,Masters,4,166.7,97.3,1.5,10,6.48,5.8,0,High,Onsite,15.07,2024-08,5.99880023995201,0,0,6.140000000000001,public benchmark data
E1014,Sales,Manager,Bachelors,10,142.5,95.7,4.4,7,,6.9,0,High,Remote,16.68,2024-09,4.912280701754386,0,0,6.9,public benchmark data
E1014,Sales,Developer,Masters,7,168.2,94.6,7.2,9,8.89,8.27,0,Medium,Onsite,15.34,2024-10,5.350772889417361,0,0,8.58,public benchmark data
E1014,HR,Analyst,Masters,3,172.9,78.1,6.6,2,7.17,7.97,1,Low,Onsite,17.53,2024-11,1.156737998843262,0,0,7.57,public benchmark data
E1015,Sales,Developer,Bachelors,7,167.7,90.0,5.4,6,9.48,2.69,0,High,Hybrid,18.4,2024-01,3.577817531305904,0,1,6.085,public benchmark data
E1015,HR,Executive,Bachelors,10,165.8,100.0,,8,9.02,6.22,0,High,Remote,12.48,2024-01,4.82509047044632,1,1,7.619999999999999,public benchmark data
E1015,HR,Executive,Bachelors,5,149.7,88.2,2.0,5,9.17,4.77,0,High,Remote,18.54,2024-03,3.3400133600534407,0,1,6.97,public benchmark data
E1015,Marketing,Associate,PhD,7,161.6,97.5,7.2,4,9.67,5.99,2,Low,Hybrid,5.63,2024-03,2.4752475247524752,0,1,7.83,public benchmark data
E1015,Sales,Developer,Masters,10,164.0,94.8,5.2,6,6.09,7.78,1,Medium,Hybrid,26.05,2024-04,3.658536585365853,0,0,6.9350000000000005,public benchmark data
E1015,Sales,Analyst,PhD,2,169.5,88.6,5.2,3,8.09,7.39,0,High,Onsite,8.33,2024-05,1.7699115044247788,0,0,7.74,public benchmark data
E1015,Marketing,Manager,Bachelors,2,171.9,100.0,,5,8.89,6.57,0,High,Onsite,14.99,2024-06,2.9086678301337985,1,0,7.73,public benchmark data
E1015,Finance,Manager,Bachelors,2,155.0,94.3,2.2,9,9.81,5.33,1,Low,Onsite,19.68,2024-07,5.806451612903226,0,0,7.57,public benchmark data
E1015,Marketing,Manager,Bachelors,5,158.7,99.1,4.1,3,5.09,4.42,1,Low,Remote,16.05,2024-08,1.890359168241966,0,0,4.755,public benchmark data
E1015,Sales,Associate,Masters,8,170.6,97.6,4.9,1,7.14,6.51,0,Medium,Onsite,16.38,2024-09,0.5861664712778429,0,0,6.824999999999999,public benchmark data
E1015,IT,Analyst,PhD,10,176.0,100.0,2.0,7,5.8,6.21,0,Medium,Hybrid,21.26,2024-10,3.977272727272727,0,0,6.005,public benchmark data
E1015,Sales,Manager,PhD,9,168.5,93.1,7.0,9,7.14,7.79,0,Low,Remote,7.93,2024-11,5.341246290801187,0,0,7.465,public benchmark data
E1016,Marketing,Executive,Masters,6,169.8,90.0,4.9,10,7.27,6.79,0,Low,Hybrid,17.8,2024-01,5.889281507656065,0,1,7.029999999999999,public benchmark data
E1016,IT,Executive,Masters,9,146.5,88.4,6.0,8,8.32,9.13,0,Low,Onsite,3.4,2024-01,5.460750853242321,0,1,8.725000000000001,public benchmark data
E1016,HR,Executive,Masters,6,174.5,95.5,4.4,3,8.7,2.36,1,High,Hybrid,7.22,2024-03,1.7191977077363898,0,1,5.529999999999999,public benchmark data
E1016,Marketing,Analyst,Masters,4,155.8,93.5,7.0,3,8.88,5.58,0,Low,Remote,6.72,2024-03,1.9255455712451857,0,1,7.23,public benchmark data
E1016,Finance,Developer,Masters,4,157.5,93.3,3.2,9,6.74,9.98,0,High,Hybrid,11.57,2024-04,5.714285714285714,0,0,8.36,public benchmark data
E1016,Sales,Developer,Bachelors,2,170.2,93.8,6.1,4,10.0,5.01,0,High,Onsite,16.4,2024-05,2.3501762632197414,0,0,7.505,public benchmark data
E1016,Sales,Analyst,PhD,1,170.9,98.6,7.1,11,7.98,6.22,0,Medium,Onsite,11.58,2024-06,6.436512580456408,0,0,7.1,public benchmark data
E1016,HR,Executive,PhD,3,156.4,100.0,4.3,3,7.48,4.32,1,High,Hybrid,12.52,2024-07,1.918158567774936,0,0,5.9,public benchmark data
E1016,HR,Analyst,PhD,4,153.9,96.1,,6,6.76,6.63,0,Low,Onsite,10.67,2024-08,3.898635477582846,1,0,6.695,public benchmark data
E1016,Sales,Associate,PhD,4,158.7,93.0,4.6,5,8.48,7.21,0,Medium,Remote,10.42,2024-09,3.1505986137366104,0,0,7.845000000000001,public benchmark data
E1016,IT,Associate,Masters,10,167.0,98.9,5.2,5,9.62,7.59,1,High,Remote,16.81,2024-10,2.9940119760479043,0,0,8.605,public benchmark data
E1016,HR,Developer,Masters,7,147.4,100.0,6.1,7,8.12,9.07,1,Medium,Remote,16.36,2024-11,4.74898236092266,0,0,8.594999999999999,public benchmark data
E1017,Finance,Manager,Bachelors,10,146.3,95.2,5.4,9,6.78,5.37,1,Medium,Remote,11.13,2024-01,6.151742993848257,0,1,6.075,public benchmark data
E1017,Sales,Analyst,PhD,4,166.1,97.6,5.7,6,7.46,8.87,1,Medium,Hybrid,13.16,2024-01,3.6122817579771223,0,1,8.165,public benchmark data
E1017,HR,Developer,Bachelors,8,163.7,97.4,2.3,12,7.02,10.0,0,Medium,Remote,9.43,2024-03,7.330482590103848,0,1,8.51,public benchmark data
E1017,Finance,Manager,Masters,1,157.0,100.0,,2,9.17,6.74,0,High,Onsite,16.43,2024-03,1.2738853503184715,1,1,7.955,public benchmark data
E1017,Marketing,Developer,Masters,3,161.4,95.1,4.3,8,9.85,9.24,1,Low,Onsite,17.3,2024-04,4.956629491945477,0,0,9.545,public benchmark data
E1017,Marketing,Analyst,PhD,9,166.5,95.0,4.1,5,9.09,10.0,1,Medium,Hybrid,16.0,2024-05,3.003003003003003,0,0,9.545,public benchmark data
E1017,Sales,Manager,Bachelors,1,165.6,90.6,9.0,3,6.7,10.0,1,Medium,Hybrid,17.38,2024-06,1.8115942028985508,0,0,8.35,public benchmark data
E1017,IT,Analyst,Masters,6,165.9,96.3,5.9,6,7.7,10.0,0,High,Remote,18.16,2024-07,3.616636528028933,0,0,8.85,public benchmark data
E1017,HR,Manager,PhD,10,162.0,91.2,2.7,7,8.43,7.51,2,High,Onsite,17.79,2024-08,4.320987654320987,0,0,7.97,public benchmark data
E1017,IT,Analyst,PhD,8,156.5,90.7,1.0,8,5.62,9.46,2,Low,Hybrid,0.74,2024-09,5.111821086261981,0,0,7.540000000000001,public benchmark data
E1017,Sales,Manager,Bachelors,9,159.4,97.4,,4,6.53,9.74,0,Low,Remote,8.41,2024-10,2.5094102885821834,1,0,8.135,public benchmark data
E1017,HR,Executive,Masters,5,168.5,100.0,4.8,3,5.67,7.23,0,High,Remote,12.77,2024-11,1.7804154302670625,0,0,6.45,public benchmark data
E1018,Marketing,Analyst,Masters,10,148.1,83.4,6.1,10,9.96,6.9,0,Medium,Remote,22.5,2024-01,6.75219446320054,0,1,8.43,public benchmark data
E1018,IT,Developer,PhD,3,152.0,96.7,4.4,14,7.86,7.47,0,Low,Remote,14.26,2024-01,9.210526315789473,0,1,7.665,public benchmark data
E1018,IT,Associate,PhD,6,154.5,99.2,2.8,7,7.83,4.8,0,High,Onsite,17.2,2024-03,4.53074433656958,0,1,6.315,public benchmark data
E1018,HR,Analyst,Masters,10,185.3,98.1,6.3,4,9.55,4.24,0,Medium,Hybrid,15.06,2024-03,2.1586616297895307,0,1,6.8950000000000005,public benchmark data
E1018,Finance,Manager,Masters,8,150.6,91.7,5.6,8,7.22,9.34,0,High,Remote,12.38,2024-04,5.3120849933598935,0,0,8.28,public benchmark data
E1018,Marketing,Associate,PhD,5,147.8,98.3,4.2,9,10.0,6.14,1,Medium,Onsite,4.49,2024-05,6.089309878213802,0,0,8.07,public benchmark data
E1018,Sales,Associate,Masters,9,144.8,98.8,4.2,7,5.8,6.65,0,Medium,Remote,17.35,2024-06,4.834254143646408,0,0,6.225,public benchmark data
E1018,Marketing,Associate,Masters,5,155.7,100.0,4.5,4,6.8,9.42,1,Medium,Remote,22.45,2024-07,2.5690430314707773,0,0,8.11,public benchmark data
E1018,IT,Executive,PhD,8,168.7,92.7,3.2,3,8.93,8.75,2,Medium,Onsite,20.61,2024-08,1.7783046828689986,0,0,8.84,public benchmark data
E1018,Sales,Manager,Masters,10,152.9,92.8,6.7,7,,8.6,0,High,Remote,9.23,2024-09,4.578155657292348,0,0,8.6,public benchmark data
E1018,Sales,Developer,PhD,7,159.4,97.4,1.7,9,7.51,8.27,0,High,Onsite,8.84,2024-10,5.646173149309912,0,0,7.89,public benchmark data
E1018,Sales,Manager,Bachelors,2,156.2,99.8,3.4,8,9.02,4.94,1,High,Hybrid,13.92,2024-11,5.1216389244558265,0,0,6.98,public benchmark data
E1019,Finance,Manager,Masters,10,167.8,86.9,2.6,10,7.14,3.69,0,Low,Hybrid,8.27,2024-01,5.959475566150179,0,1,5.415,public benchmark data
E1019,Sales,Manager,PhD,7,168.1,91.4,3.5,11,7.13,6.08,1,Low,Remote,6.4,2024-01,6.543723973825104,0,1,6.605,public benchmark data
E1019,IT,Manager,Masters,7,159.3,97.3,4.1,4,7.28,7.97,0,Medium,Remote,5.84,2024-03,2.5109855618330195,0,1,7.625,public benchmark data
E1019,Marketing,Developer,PhD,5,157.5,95.7,5.3,3,7.78,6.12,1,Low,Remote,18.24,2024-03,1.9047619047619049,0,1,6.95,public benchmark data
E1019,Marketing,Developer,Masters,3,154.4,88.5,6.0,7,8.19,6.95,0,High,Hybrid,10.7,2024-04,4.533678756476684,0,0,7.57,public benchmark data
E1019,Sales,Associate,Bachelors,6,171.9,100.0,6.1,5,7.18,9.06,0,High,Onsite,21.07,2024-05,2.9086678301337985,0,0,8.120000000000001,public benchmark data
E1019,IT,Analyst,Bachelors,3,171.6,93.3,5.9,4,9.3,9.31,0,High,Onsite,20.09,2024-06,2.331002331002331,0,0,9.305,public benchmark data
E1019,Sales,Manager,PhD,4,155.4,95.3,5.2,5,5.22,2.49,0,High,Onsite,9.09,2024-07,3.217503217503217,0,0,3.855,public benchmark data
E1019,Sales,Executive,PhD,3,157.3,92.0,2.7,4,4.33,7.51,0,Medium,Onsite,10.33,2024-08,2.5429116338207245,0,0,5.92,public benchmark data
E1019,HR,Analyst,Bachelors,10,159.4,100.0,1.1,3,7.72,6.81,1,Medium,Remote,15.49,2024-09,1.8820577164366368,0,0,7.265,public benchmark data
E1019,Finance,Developer,Bachelors,5,162.7,96.5,2.9,8,7.24,6.61,0,Low,Hybrid,18.61,2024-10,4.917025199754149,0,0,6.925000000000001,public benchmark data
E1019,Sales,Associate,PhD,7,148.4,93.6,4.4,4,5.69,4.73,0,Low,Onsite,14.23,2024-11,2.6954177897574123,0,0,5.210000000000001,public benchmark data
E1020,IT,Manager,PhD,5,156.3,92.5,3.8,3,7.34,6.64,1,Medium,Hybrid,12.73,2024-01,1.919385796545105,0,1,6.99,public benchmark data
E1020,IT,Developer,PhD,10,142.7,100.0,5.1,6,8.16,9.42,1,Low,Onsite,13.5,2024-01,4.204625087596357,0,1,8.79,public benchmark data
E1020,Sales,Analyst,Masters,1,166.4,92.3,1.0,4,6.58,1.19,0,Medium,Hybrid,9.47,2024-03,2.4038461538461537,0,1,3.885,public benchmark data
E1020,HR,Developer,Masters,4,165.0,100.0,3.7,6,6.55,7.77,0,High,Hybrid,11.98,2024-03,3.636363636363636,0,1,7.16,public benchmark data
E1020,IT,Manager,Masters,3,150.5,98.0,2.4,8,8.66,6.25,0,Medium,Hybrid,19.94,2024-04,5.3156146179402,0,0,7.455,public benchmark data
E1020,Finance,Developer,PhD,5,162.5,80.2,7.5,10,6.45,3.66,0,Medium,Remote,9.88,2024-05,6.153846153846154,0,0,5.055,public benchmark data
E1020,Finance,Executive,Masters,5,150.5,91.6,3.5,6,8.75,8.8,0,Medium,Onsite,22.03,2024-06,3.986710963455149,0,0,8.775,public benchmark data
E1020,IT,Developer,PhD,2,142.8,100.0,6.8,6,6.35,7.57,1,Medium,Hybrid,9.13,2024-07,4.201680672268907,0,0,6.96,public benchmark data
E1020,Finance,Analyst,Bachelors,9,144.1,100.0,7.4,11,8.22,6.89,0,High,Remote,14.67,2024-08,7.633587786259542,0,0,7.555,public benchmark data
E1020,Finance,Manager,PhD,5,143.3,100.0,4.7,10,,8.31,0,High,Hybrid,9.57,2024-09,6.978367062107467,0,0,8.31,public benchmark data
E1020,HR,Associate,PhD,7,171.7,88.8,1.1,5,8.56,10.0,1,Medium,Remote,9.83,2024-10,2.9120559114735003,0,0,9.28,public benchmark data
E1020,IT,Associate,Masters,1,148.5,95.9,5.2,7,8.89,6.87,0,Low,Hybrid,15.57,2024-11,4.713804713804714,0,0,7.880000000000001,public benchmark data
E1021,IT,Associate,Masters,3,159.1,99.9,4.5,8,4.51,3.84,1,High,Hybrid,15.79,2024-01,5.02828409805154,0,1,4.175,public benchmark data
E1021,IT,Manager,PhD,3,177.6,95.0,2.6,3,8.17,6.28,0,High,Onsite,14.76,2024-01,1.6891891891891893,0,1,7.225,public benchmark data
E1021,Finance,Developer,Bachelors,10,141.9,96.0,2.9,6,6.06,7.76,0,High,Remote,12.76,2024-03,4.228329809725159,0,1,6.91,public benchmark data
E1021,IT,Manager,Masters,3,149.1,99.2,6.8,10,5.18,6.25,1,Medium,Hybrid,13.69,2024-03,6.70690811535882,0,1,5.715,public benchmark data
E1021,Sales,Executive,Bachelors,6,166.3,95.9,2.6,8,9.13,5.04,0,Low,Hybrid,13.87,2024-04,4.810583283223091,0,0,7.085000000000001,public benchmark data
E1021,Finance,Associate,PhD,4,150.7,93.8,4.6,7,8.94,10.0,0,Medium,Onsite,11.57,2024-05,4.644990046449901,0,0,9.47,public benchmark data
E1021,Finance,Developer,Masters,6,156.0,98.7,6.0,4,,5.46,0,High,Remote,11.99,2024-06,2.564102564102564,0,0,5.46,public benchmark data
E1021,HR,Developer,Bachelors,8,161.8,100.0,5.2,4,6.31,10.0,0,Low,Onsite,7.24,2024-07,2.4721878862793574,0,0,8.155,public benchmark data
E1021,Sales,Associate,Masters,10,162.8,78.3,3.8,8,5.99,10.0,1,Low,Remote,4.81,2024-08,4.914004914004914,0,0,7.995,public benchmark data
E1021,HR,Analyst,PhD,3,186.3,97.7,5.4,5,8.21,5.82,0,Low,Remote,17.78,2024-09,2.6838432635534084,0,0,7.015000000000001,public benchmark data
E1021,Finance,Analyst,PhD,2,147.4,100.0,5.3,4,6.62,7.85,0,Medium,Hybrid,15.69,2024-10,2.7137042062415198,0,0,7.234999999999999,public benchmark data
E1021,Finance,Manager,PhD,1,152.3,95.0,0.1,3,5.23,6.53,0,Low,Remote,11.73,2024-11,1.969796454366382,0,0,5.880000000000001,public benchmark data
E1022,HR,Associate,PhD,10,174.0,97.8,1.9,4,7.7,6.04,0,Medium,Hybrid,7.05,2024-01,2.2988505747126435,0,1,6.87,public benchmark data
E1022,IT,Manager,PhD,6,130.7,100.0,7.2,3,6.94,10.0,1,Medium,Hybrid,23.64,2024-01,2.295332823259373,0,1,8.47,public benchmark data
E1022,Finance,Developer,Bachelors,5,181.0,98.0,4.0,2,8.73,7.1,0,Low,Onsite,7.92,2024-03,1.1049723756906076,0,1,7.915,public benchmark data
E1022,HR,Analyst,Masters,9,161.6,93.2,,3,5.69,10.0,0,Low,Onsite,8.39,2024-03,1.8564356435643563,1,1,7.845000000000001,public benchmark data
E1022,IT,Associate,Bachelors,4,161.1,97.5,3.2,3,9.2,8.24,0,Medium,Remote,18.69,2024-04,1.86219739292365,0,0,8.719999999999999,public benchmark data
E1022,Finance,Associate,Masters,2,171.2,91.7,9.0,10,6.01,8.06,0,High,Hybrid,11.67,2024-05,5.841121495327103,0,0,7.035,public benchmark data
E1022,IT,Developer,PhD,1,164.3,97.4,3.4,7,8.14,5.84,1,Low,Remote,7.76,2024-06,4.26049908703591,0,0,6.99,public benchmark data
E1022,Marketing,Developer,Masters,7,166.5,95.7,2.5,4,6.41,5.93,0,Low,Hybrid,16.4,2024-07,2.4024024024024024,0,0,6.17,public benchmark data
E1022,Finance,Executive,Masters,4,149.6,100.0,3.9,4,9.78,5.14,0,Medium,Onsite,16.47,2024-08,2.6737967914438503,0,0,7.459999999999999,public benchmark data
E1022,Finance,Manager,PhD,9,141.6,94.8,6.3,5,7.68,8.92,0,Medium,Hybrid,14.31,2024-09,3.531073446327684,0,0,8.3,public benchmark data
E1022,Finance,Manager,Masters,1,162.3,100.0,5.4,7,8.86,5.37,0,Medium,Onsite,8.8,2024-10,4.313000616142945,0,0,7.115,public benchmark data
E1022,HR,Developer,Bachelors,6,153.1,95.7,4.2,5,8.1,3.82,1,High,Onsite,20.48,2024-11,3.265839320705421,0,0,5.96,public benchmark data
E1023,Marketing,Manager,Bachelors,9,149.7,90.5,6.3,7,4.61,7.7,0,Medium,Onsite,8.77,2024-01,4.676018704074816,0,1,6.155,public benchmark data
E1023,IT,Associate,Bachelors,9,156.1,88.2,6.4,6,7.13,3.92,1,Low,Hybrid,5.8,2024-01,3.843689942344651,0,1,5.525,public benchmark data
E1023,IT,Associate,Bachelors,9,155.6,90.5,4.9,5,8.23,4.51,0,Low,Remote,21.22,2024-03,3.2133676092544987,0,1,6.37,public benchmark data
E1023,IT,Associate,Bachelors,8,164.8,97.7,7.2,3,,7.31,0,Medium,Onsite,14.1,2024-03,1.820388349514563,0,1,7.31,public benchmark data
E1023,IT,Associate,Masters,3,151.9,89.4,5.5,9,7.82,7.32,0,Low,Onsite,24.78,2024-04,5.924950625411455,0,0,7.57,public benchmark data
E1023,HR,Executive,Bachelors,2,159.9,94.3,5.5,8,6.65,9.53,0,Medium,Onsite,21.54,2024-05,5.003126954346467,0,0,8.09,public benchmark data
E1023,Marketing,Analyst,Bachelors,8,159.4,94.8,6.0,11,6.78,7.9,0,Low,Remote,15.98,2024-06,6.900878293601004,0,0,7.34,public benchmark data
E1023,HR,Executive,PhD,8,163.1,89.9,2.8,5,5.7,7.12,2,Medium,Hybrid,14.34,2024-07,3.065603923973023,0,0,6.41,public benchmark data
E1023,HR,Manager,Masters,4,164.2,95.2,2.1,6,5.53,7.43,0,Medium,Remote,10.27,2024-08,3.654080389768575,0,0,6.48,public benchmark data
E1023,Marketing,Associate,Bachelors,4,174.0,93.1,6.0,7,6.77,6.99,1,Medium,Hybrid,13.68,2024-09,4.022988505747127,0,0,6.88,public benchmark data
E1023,IT,Associate,Bachelors,3,145.9,93.0,6.0,2,8.52,7.64,0,High,Hybrid,13.71,2024-10,1.3708019191226868,0,0,8.08,public benchmark data
E1023,Marketing,Analyst,Masters,8,149.4,91.0,,6,7.17,8.58,0,High,Onsite,6.46,2024-11,4.016064257028113,1,0,7.875,public benchmark data
E1024,HR,Developer,Masters,6,153.1,85.2,5.2,6,10.0,7.5,2,Medium,Hybrid,5.03,2024-01,3.919007184846505,0,1,8.75,public benchmark data
E1024,HR,Developer,PhD,4,155.8,98.2,7.3,3,7.67,7.23,0,Medium,Onsite,8.0,2024-01,1.9255455712451857,0,1,7.45,public benchmark data
E1024,HR,Analyst,PhD,6,142.3,97.4,1.3,6,5.66,4.89,0,Low,Onsite,7.66,2024-03,4.2164441321152495,0,1,5.275,public benchmark data
E1024,IT,Analyst,PhD,9,150.2,100.0,4.8,5,5.56,7.02,0,High,Hybrid,20.11,2024-03,3.3288948069241013,0,1,6.289999999999999,public benchmark data
E1024,Marketing,Analyst,Masters,7,160.5,96.2,7.1,10,7.52,6.51,1,High,Hybrid,10.07,2024-04,6.230529595015576,0,0,7.015,public benchmark data
E1024,Finance,Developer,PhD,6,155.0,94.5,4.7,4,8.12,6.2,2,High,Remote,14.52,2024-05,2.5806451612903225,0,0,7.16,public benchmark data
E1024,HR,Manager,PhD,7,136.7,83.1,6.2,15,9.45,7.92,1,High,Hybrid,14.53,2024-06,10.97293343087052,0,0,8.684999999999999,public benchmark data
E1024,IT,Developer,Masters,3,171.8,100.0,3.0,5,9.61,6.34,1,Low,Remote,17.85,2024-07,2.910360884749709,0,0,7.975,public benchmark data
E1024,Finance,Developer,Masters,6,161.3,91.3,5.9,4,8.56,3.92,1,Medium,Hybrid,13.95,2024-08,2.479851208927464,0,0,6.24,public benchmark data
E1024,HR,Analyst,Masters,9,167.2,92.1,3.4,6,7.03,7.74,0,Medium,Hybrid,16.45,2024-09,3.588516746411483,0,0,7.385,public benchmark data
E1024,Finance,Analyst,Bachelors,2,162.1,94.2,10.4,4,7.6,10.0,0,High,Remote,13.35,2024-10,2.4676125848241828,0,0,8.8,public benchmark data
E1024,HR,Manager,Bachelors,1,154.2,80.5,6.4,13,7.12,6.75,1,Low,Remote,10.58,2024-11,8.430609597924773,0,0,6.9350000000000005,public benchmark data
E1025,HR,Analyst,Bachelors,10,149.7,100.0,4.2,5,,5.31,0,High,Onsite,12.94,2024-01,3.3400133600534407,0,1,5.31,public benchmark data
E1025,Marketing,Associate,PhD,10,159.1,97.7,6.9,5,7.41,8.92,0,Medium,Hybrid,16.73,2024-01,3.142677561282212,0,1,8.165,public benchmark data
E1025,HR,Developer,Masters,4,179.1,94.6,4.5,5,9.14,7.72,0,High,Remote,19.07,2024-03,2.7917364600781687,0,1,8.43,public benchmark data
E1025,HR,Analyst,PhD,8,171.6,94.6,,5,6.95,7.63,0,Medium,Remote,22.9,2024-03,2.913752913752914,1,1,7.29,public benchmark data
E1025,HR,Associate,PhD,6,166.3,85.6,5.8,6,8.82,5.78,0,Low,Onsite,14.65,2024-04,3.6079374624173175,0,0,7.300000000000001,public benchmark data
E1025,Sales,Executive,Bachelors,3,153.1,94.9,6.1,6,6.21,6.69,0,Medium,Hybrid,3.08,2024-05,3.919007184846505,0,0,6.45,public benchmark data
E1025,Finance,Manager,Masters,9,144.1,91.7,5.8,8,,3.97,1,High,Onsite,9.37,2024-06,5.551700208188758,0,0,3.97,public benchmark data
E1025,Sales,Associate,PhD,6,159.7,92.3,6.2,3,7.15,10.0,0,High,Hybrid,15.2,2024-07,1.878522229179712,0,0,8.575,public benchmark data
E1025,Marketing,Manager,PhD,8,175.0,94.3,4.4,8,9.93,3.19,1,High,Hybrid,7.74,2024-08,4.571428571428571,0,0,6.56,public benchmark data
E1025,Finance,Manager,Bachelors,7,171.8,93.9,4.0,4,5.13,5.64,0,Medium,Hybrid,10.96,2024-09,2.328288707799767,0,0,5.385,public benchmark data
E1025,Finance,Analyst,Masters,10,161.9,100.0,1.3,6,7.71,6.66,0,Low,Onsite,9.69,2024-10,3.705991352686844,0,0,7.1850000000000005,public benchmark data
E1025,IT,Associate,PhD,2,162.0,98.8,1.8,5,7.95,6.79,0,Medium,Onsite,15.34,2024-11,3.08641975308642,0,0,7.37,public benchmark data
E1026,IT,Manager,Bachelors,2,155.9,99.7,4.1,7,8.12,3.78,0,High,Hybrid,9.77,2024-01,4.490057729313662,0,1,5.949999999999999,public benchmark data
E1026,IT,Developer,Masters,4,158.4,100.0,6.1,3,5.51,6.42,1,Medium,Remote,11.39,2024-01,1.893939393939394,0,1,5.965,public benchmark data
E1026,IT,Analyst,Masters,4,164.0,97.2,2.0,5,6.15,5.74,1,High,Remote,0.0,2024-03,3.048780487804878,0,1,5.945,public benchmark data
E1026,Marketing,Associate,Bachelors,10,179.3,89.6,6.1,4,5.62,4.14,0,Low,Onsite,9.54,2024-03,2.230897936419409,0,1,4.88,public benchmark data
E1026,IT,Associate,Bachelors,6,172.1,92.5,7.1,6,7.22,10.0,0,High,Onsite,12.18,2024-04,3.486345148169669,0,0,8.61,public benchmark data
E1026,Finance,Developer,PhD,4,157.6,85.5,4.1,4,5.94,10.0,0,Medium,Remote,17.36,2024-05,2.538071065989848,0,0,7.970000000000001,public benchmark data
E1026,Marketing,Developer,Masters,1,166.4,86.9,5.2,8,7.4,10.0,0,Medium,Onsite,14.96,2024-06,4.807692307692308,0,0,8.7,public benchmark data
E1026,Marketing,Manager,Masters,4,167.9,100.0,3.1,4,7.23,5.29,0,Medium,Onsite,4.99,2024-07,2.382370458606313,0,0,6.26,public benchmark data
E1026,Finance,Associate,Masters,5,155.7,99.0,4.4,5,7.13,6.65,2,High,Hybrid,16.11,2024-08,3.211303789338472,0,0,6.890000000000001,public benchmark data
E1026,Finance,Manager,Bachelors,10,156.1,94.3,1.7,7,7.0,6.3,1,Medium,Hybrid,7.12,2024-09,4.4843049327354265,0,0,6.65,public benchmark data
E1026,HR,Manager,Bachelors,3,164.0,96.3,7.6,10,3.86,3.71,0,Medium,Onsite,16.7,2024-10,6.097560975609756,0,0,3.785,public benchmark data
E1026,IT,Analyst,Masters,1,152.1,95.7,4.6,4,5.74,8.6,1,Medium,Onsite,3.74,2024-11,2.629848783694938,0,0,7.17,public benchmark data
E1027,HR,Developer,PhD,1,165.9,95.8,6.4,7,10.0,7.89,0,Medium,Onsite,12.82,2024-01,4.219409282700422,0,1,8.945,public benchmark data
E1027,IT,Developer,PhD,4,185.1,94.8,5.5,8,5.22,9.87,0,High,Onsite,12.36,2024-01,4.321988114532685,0,1,7.545,public benchmark data
E1027,Marketing,Associate,PhD,3,141.6,99.5,3.8,3,8.55,7.33,0,Medium,Onsite,24.44,2024-03,2.1186440677966103,0,1,7.94,public benchmark data
E1027,Sales,Manager,Masters,2,168.6,96.8,4.4,7,5.12,9.21,0,Low,Remote,24.69,2024-03,4.151838671411625,0,1,7.165000000000001,public benchmark data
E1027,HR,Analyst,PhD,4,155.2,99.6,,3,6.36,7.83,0,Medium,Hybrid,10.27,2024-04,1.9329896907216493,1,0,7.095000000000001,public benchmark data
E1027,Sales,Developer,Masters,10,149.9,92.1,2.4,7,4.31,7.29,1,Low,Remote,9.79,2024-05,4.66977985323549,0,0,5.8,public benchmark data
E1027,HR,Analyst,Bachelors,2,158.6,100.0,4.1,5,6.99,6.24,0,High,Remote,10.09,2024-06,3.152585119798234,0,0,6.615,public benchmark data
E1027,Finance,Manager,Masters,6,168.0,99.7,5.0,7,7.14,6.05,0,Low,Onsite,5.97,2024-07,4.166666666666666,0,0,6.595,public benchmark data
E1027,Sales,Associate,Masters,6,148.7,100.0,5.3,2,7.0,9.09,0,High,Onsite,17.45,2024-08,1.3449899125756557,0,0,8.045,public benchmark data
E1027,Sales,Analyst,PhD,7,162.6,96.5,5.3,5,6.12,7.26,1,Medium,Onsite,5.0,2024-09,3.075030750307503,0,0,6.69,public benchmark data
E1027,Finance,Executive,Bachelors,5,179.5,100.0,3.7,5,7.54,6.5,0,High,Hybrid,5.36,2024-10,2.785515320334262,0,0,7.02,public benchmark data
E1027,HR,Associate,PhD,1,147.7,94.2,6.9,5,5.25,5.44,1,Low,Remote,17.16,2024-11,3.385240352064997,0,0,5.345000000000001,public benchmark data
E1028,Finance,Executive,Bachelors,5,161.0,93.4,4.8,5,6.29,7.16,0,Low,Onsite,18.35,2024-01,3.1055900621118013,0,1,6.725,public benchmark data
E1028,Finance,Executive,Bachelors,5,168.9,96.8,5.9,2,9.16,5.79,0,High,Onsite,11.14,2024-01,1.1841326228537596,0,1,7.475,public benchmark data
E1028,HR,Executive,PhD,6,171.7,92.9,4.9,11,8.22,6.07,0,Medium,Remote,7.47,2024-03,6.406523005241701,0,1,7.1450000000000005,public benchmark data
E1028,Marketing,Associate,Masters,2,173.3,100.0,5.7,7,6.19,6.79,0,High,Hybrid,10.84,2024-03,4.039238315060588,0,1,6.49,public benchmark data
E1028,Marketing,Analyst,PhD,10,153.1,87.4,4.6,8,8.3,5.58,0,Medium,Onsite,14.87,2024-04,5.225342913128674,0,0,6.94,public benchmark data
E1028,Sales,Manager,Masters,3,142.2,83.8,5.5,7,6.66,8.1,0,Medium,Hybrid,16.1,2024-05,4.922644163150493,0,0,7.38,public benchmark data
E1028,Finance,Analyst,PhD,10,176.2,100.0,10.0,8,8.74,5.02,0,Low,Remote,15.49,2024-06,4.540295119182748,0,0,6.88,public benchmark data
E1028,Marketing,Manager,Masters,5,148.4,88.3,1.9,6,8.49,5.26,0,Medium,Remote,10.82,2024-07,4.043126684636119,0,0,6.875,public benchmark data
E1028,HR,Manager,Masters,9,166.3,100.0,5.0,5,6.27,9.13,1,Medium,Onsite,17.03,2024-08,3.0066145520144314,0,0,7.7,public benchmark data
E1028,HR,Associate,PhD,4,155.4,98.8,2.2,4,9.08,5.93,0,High,Remote,10.08,2024-09,2.574002574002574,0,0,7.505,public benchmark data
E1028,Sales,Associate,PhD,10,156.6,94.9,3.7,9,6.54,6.68,0,High,Onsite,20.4,2024-10,5.747126436781609,0,0,6.609999999999999,public benchmark data
E1028,Sales,Associate,PhD,1,166.9,96.3,6.3,4,7.4,9.72,0,Low,Remote,11.91,2024-11,2.396644697423607,0,0,8.56,public benchmark data
E1029,Marketing,Developer,PhD,6,176.9,93.3,,3,,4.46,0,Low,Onsite,9.67,2024-01,1.6958733747880157,1,1,4.46,public benchmark data
E1029,Sales,Manager,Masters,7,157.4,88.8,2.7,3,,10.0,0,High,Onsite,11.01,2024-01,1.905972045743329,0,1,10.0,public benchmark data
E1029,Marketing,Executive,Bachelors,10,167.4,91.8,5.4,9,7.04,7.74,0,Low,Hybrid,17.16,2024-03,5.376344086021505,0,1,7.390000000000001,public benchmark data
E1029,Sales,Developer,PhD,4,156.3,98.1,2.3,9,5.86,7.2,1,High,Hybrid,11.18,2024-03,5.758157389635317,0,1,6.53,public benchmark data
E1029,IT,Analyst,Masters,4,153.1,90.8,5.4,7,7.62,6.43,1,Medium,Remote,10.84,2024-04,4.572175048987591,0,0,7.025,public benchmark data
E1029,Sales,Analyst,PhD,9,155.9,93.8,2.1,4,4.78,9.53,1,High,Onsite,17.37,2024-05,2.565747273893521,0,0,7.154999999999999,public benchmark data
E1029,Finance,Manager,Masters,2,158.3,85.3,5.3,7,6.56,8.93,0,Low,Hybrid,14.7,2024-06,4.421983575489576,0,0,7.744999999999999,public benchmark data
E1029,Sales,Analyst,Masters,10,150.2,99.2,,8,7.62,8.88,0,High,Hybrid,21.15,2024-07,5.326231691078562,1,0,8.25,public benchmark data
E1029,Marketing,Executive,Masters,8,163.3,95.7,3.1,6,10.0,6.92,0,Low,Hybrid,14.85,2024-08,3.6742192284139614,0,0,8.46,public benchmark data
E1029,IT,Analyst,Masters,8,166.4,88.4,4.4,7,9.3,6.99,0,High,Hybrid,14.41,2024-09,4.206730769230769,0,0,8.145,public benchmark data
E1029,Sales,Executive,PhD,6,167.1,93.0,8.2,4,8.52,4.85,1,High,Onsite,0.0,2024-10,2.39377618192699,0,0,6.685,public benchmark data
E1029,Finance,Associate,Masters,6,159.0,99.7,2.4,6,7.24,6.35,1,High,Remote,13.34,2024-11,3.7735849056603774,0,0,6.795,public benchmark data
E1030,IT,Associate,Bachelors,7,166.5,86.8,6.0,7,5.92,9.94,1,High,Hybrid,9.91,2024-01,4.2042042042042045,0,1,7.93,public benchmark data
E1030,Sales,Associate,Masters,3,155.9,95.6,3.4,9,7.09,7.62,1,Low,Remote,9.63,2024-01,5.772931366260424,0,1,7.355,public benchmark data
E1030,Finance,Executive,Bachelors,6,166.7,97.9,6.2,9,7.31,7.82,0,Medium,Remote,16.56,2024-03,5.398920215956808,0,1,7.564999999999999,public benchmark data
E1030,IT,Executive,Bachelors,5,183.9,100.0,6.4,4,7.67,5.42,1,Low,Onsite,13.65,2024-03,2.175095160413268,0,1,6.545,public benchmark data
E1030,Finance,Manager,PhD,2,152.8,98.3,7.0,6,6.68,3.86,0,High,Hybrid,16.26,2024-04,3.926701570680628,0,0,5.27,public benchmark data
E1030,Marketing,Manager,PhD,6,129.0,95.6,3.9,6,8.07,6.53,1,Medium,Hybrid,11.61,2024-05,4.651162790697675,0,0,7.300000000000001,public benchmark data
E1030,IT,Associate,Masters,9,164.4,95.6,5.6,5,8.39,5.91,0,Low,Onsite,13.21,2024-06,3.041362530413625,0,0,7.15,public benchmark data
E1030,IT,Associate,Bachelors,3,165.0,90.8,4.2,13,7.9,6.8,0,High,Remote,3.99,2024-07,7.878787878787878,0,0,7.35,public benchmark data
E1030,HR,Developer,Masters,6,159.3,100.0,3.5,5,,6.9,0,High,Hybrid,13.06,2024-08,3.1387319522912738,0,0,6.9,public benchmark data
E1030,IT,Developer,PhD,8,157.6,92.5,2.6,5,9.31,4.65,0,Medium,Hybrid,16.68,2024-09,3.172588832487309,0,0,6.98,public benchmark data
E1030,Sales,Executive,PhD,7,167.6,85.4,6.3,5,,8.26,0,Low,Remote,11.31,2024-10,2.983293556085919,0,0,8.26,public benchmark data
E1030,Sales,Executive,Masters,1,144.2,95.6,8.1,2,8.34,6.97,0,High,Hybrid,17.44,2024-11,1.3869625520110958,0,0,7.654999999999999,public benchmark data
E1031,Sales,Developer,Masters,8,168.7,89.1,6.2,4,8.43,7.5,0,Medium,Hybrid,21.12,2024-01,2.371072910491998,0,1,7.965,public benchmark data
E1031,Marketing,Developer,Bachelors,2,175.1,100.0,3.7,7,8.01,6.85,2,Low,Hybrid,12.23,2024-01,3.997715591090805,0,1,7.43,public benchmark data
E1031,IT,Analyst,Bachelors,3,168.7,99.7,5.3,4,7.29,1.85,2,High,Remote,11.29,2024-03,2.371072910491998,0,1,4.57,public benchmark data
E1031,Finance,Associate,Bachelors,5,146.6,100.0,1.5,3,7.02,7.37,0,High,Hybrid,18.08,2024-03,2.046384720327422,0,1,7.195,public benchmark data
E1031,HR,Analyst,Bachelors,7,155.3,100.0,4.5,2,6.18,6.56,0,Low,Remote,11.24,2024-04,1.28783000643915,0,0,6.369999999999999,public benchmark data
E1031,Sales,Associate,Bachelors,8,172.1,98.0,5.3,4,8.09,5.46,1,Medium,Onsite,21.62,2024-05,2.324230098779779,0,0,6.775,public benchmark data
E1031,IT,Developer,Masters,6,168.7,91.2,4.9,8,8.69,10.0,0,Low,Remote,18.45,2024-06,4.742145820983996,0,0,9.345,public benchmark data
E1031,HR,Developer,PhD,5,166.4,99.6,4.0,5,5.77,8.65,0,Medium,Onsite,14.57,2024-07,3.004807692307692,0,0,7.21,public benchmark data
E1031,Sales,Manager,Masters,10,149.9,85.8,8.2,5,,7.24,1,Low,Onsite,8.53,2024-08,3.3355570380253505,0,0,7.24,public benchmark data
E1031,Finance,Manager,PhD,8,157.4,90.5,4.9,4,9.04,6.23,1,High,Remote,17.43,2024-09,2.541296060991105,0,0,7.635,public benchmark data
E1031,IT,Executive,Bachelors,2,182.1,100.0,2.5,8,8.68,6.61,2,Medium,Remote,19.54,2024-10,4.393190554640308,0,0,7.645,public benchmark data
E1031,IT,Developer,Masters,2,170.6,90.7,7.0,4,5.68,4.87,0,High,Onsite,14.33,2024-11,2.344665885111372,0,0,5.275,public benchmark data
E1032,HR,Manager,Masters,5,145.3,88.1,7.8,8,7.67,7.17,0,Low,Onsite,11.99,2024-01,5.505849965588437,0,1,7.42,public benchmark data
E1032,Marketing,Associate,PhD,1,158.7,91.2,8.8,7,6.51,9.93,1,Medium,Onsite,11.53,2024-01,4.410838059231255,0,1,8.219999999999999,public benchmark data
E1032,Finance,Executive,Masters,8,163.1,91.5,7.3,7,8.27,7.83,0,Low,Onsite,11.45,2024-03,4.291845493562231,0,1,8.05,public benchmark data
E1032,IT,Developer,PhD,10,139.0,100.0,5.3,4,8.1,3.35,0,High,Remote,18.78,2024-03,2.877697841726619,0,1,5.725,public benchmark data
E1032,HR,Manager,Masters,1,164.9,99.9,6.0,7,7.22,6.06,0,High,Hybrid,14.19,2024-04,4.244996967859309,0,0,6.64,public benchmark data
E1032,HR,Associate,PhD,7,160.6,100.0,4.5,9,9.31,9.82,0,Low,Hybrid,16.63,2024-05,5.603985056039851,0,0,9.565,public benchmark data
E1032,IT,Analyst,Masters,1,163.0,100.0,4.9,4,6.97,6.24,1,Low,Hybrid,9.58,2024-06,2.4539877300613497,0,0,6.605,public benchmark data
E1032,Finance,Executive,PhD,9,168.3,98.3,6.1,4,7.01,9.61,0,Medium,Onsite,11.6,2024-07,2.3767082590612003,0,0,8.309999999999999,public benchmark data
E1032,HR,Associate,Masters,4,162.0,95.5,5.1,5,9.06,8.91,2,Low,Hybrid,25.58,2024-08,3.08641975308642,0,0,8.985,public benchmark data
E1032,Marketing,Associate,PhD,8,142.9,92.2,3.9,2,7.69,5.72,1,High,Onsite,13.16,2024-09,1.3995801259622112,0,0,6.705,public benchmark data
E1032,Sales,Developer,Bachelors,6,167.0,96.8,5.0,9,8.49,9.5,0,High,Remote,18.67,2024-10,5.389221556886228,0,0,8.995000000000001,public benchmark data
E1032,Finance,Analyst,PhD,8,149.3,95.4,4.0,2,10.0,8.29,0,Low,Remote,13.43,2024-11,1.3395847287340923,0,0,9.145,public benchmark data
E1033,HR,Analyst,Bachelors,7,154.9,91.1,5.3,5,6.96,8.1,0,High,Hybrid,13.4,2024-01,3.227888960619755,0,1,7.529999999999999,public benchmark data
E1033,HR,Associate,PhD,7,157.3,94.9,,7,7.65,7.96,2,Medium,Onsite,17.76,2024-01,4.450095359186268,1,1,7.805,public benchmark data
E1033,HR,Analyst,PhD,2,153.1,91.7,3.9,2,8.3,6.15,1,Medium,Hybrid,17.51,2024-03,1.3063357282821686,0,1,7.225,public benchmark data
E1033,IT,Developer,PhD,2,155.8,93.5,2.8,8,6.48,7.81,1,Medium,Hybrid,13.56,2024-03,5.134788189987162,0,1,7.145,public benchmark data
E1033,IT,Executive,Bachelors,1,148.3,95.0,1.1,3,6.49,5.24,0,High,Remote,19.05,2024-04,2.0229265003371544,0,0,5.865,public benchmark data
E1033,HR,Analyst,Bachelors,4,150.1,92.2,2.7,6,7.88,7.44,1,Low,Onsite,10.96,2024-05,3.9973351099267154,0,0,7.66,public benchmark data
E1033,HR,Analyst,Masters,4,166.7,94.0,9.2,8,7.56,8.1,0,High,Remote,9.93,2024-06,4.799040191961608,0,0,7.83,public benchmark data
E1033,Marketing,Developer,Masters,1,151.5,99.6,,8,6.73,8.45,0,Low,Hybrid,14.63,2024-07,5.2805280528052805,1,0,7.59,public benchmark data
E1033,IT,Analyst,Masters,7,162.0,91.1,5.3,7,6.87,8.4,2,Low,Hybrid,17.35,2024-08,4.320987654320987,0,0,7.635,public benchmark data
E1033,Finance,Analyst,Bachelors,10,166.0,99.8,,7,8.26,6.8,1,Medium,Remote,10.79,2024-09,4.216867469879518,1,0,7.529999999999999,public benchmark data
E1033,Sales,Developer,Masters,3,176.0,99.1,5.0,6,6.16,4.03,0,Medium,Onsite,3.74,2024-10,3.4090909090909087,0,0,5.095000000000001,public benchmark data
E1033,Sales,Developer,Masters,10,164.4,100.0,7.3,6,6.72,8.76,1,High,Remote,8.11,2024-11,3.64963503649635,0,0,7.74,public benchmark data
E1034,HR,Developer,Bachelors,8,162.6,100.0,6.0,5,10.0,10.0,0,Medium,Hybrid,23.17,2024-01,3.075030750307503,0,1,10.0,public benchmark data
E1034,IT,Associate,Masters,10,166.1,84.6,6.4,10,5.88,9.65,1,Medium,Onsite,13.08,2024-01,6.020469596628537,0,1,7.765000000000001,public benchmark data
E1034,HR,Analyst,PhD,5,152.1,91.3,5.0,3,4.3,7.95,0,Medium,Remote,8.31,2024-03,1.9723865877712032,0,1,6.125,public benchmark data
E1034,Sales,Associate,PhD,5,169.3,96.1,5.6,3,8.23,9.26,0,Medium,Onsite,14.43,2024-03,1.7720023626698167,0,1,8.745000000000001,public benchmark data
E1034,Sales,Analyst,Masters,2,159.7,94.1,5.9,8,6.1,8.1,0,Low,Hybrid,15.55,2024-04,5.009392611145899,0,0,7.1,public benchmark data
E1034,Finance,Associate,Masters,3,143.9,91.5,1.4,1,8.31,9.45,0,Medium,Hybrid,11.38,2024-05,0.6949270326615705,0,0,8.879999999999999,public benchmark data
E1034,HR,Manager,PhD,9,149.9,90.1,4.4,7,7.05,7.67,0,High,Remote,18.09,2024-06,4.66977985323549,0,0,7.359999999999999,public benchmark data
E1034,Finance,Associate,PhD,3,170.0,90.5,5.5,4,7.46,8.23,1,High,Onsite,14.78,2024-07,2.3529411764705883,0,0,7.845000000000001,public benchmark data
E1034,HR,Executive,PhD,1,172.7,96.0,3.3,5,5.09,5.62,0,High,Remote,12.8,2024-08,2.895193977996526,0,0,5.355,public benchmark data
E1034,HR,Executive,Bachelors,10,165.7,84.1,6.2,5,8.29,9.1,0,Low,Hybrid,15.98,2024-09,3.017501508750754,0,0,8.695,public benchmark data
E1034,Finance,Analyst,Masters,1,164.3,98.7,10.1,7,4.13,8.68,1,High,Onsite,14.37,2024-10,4.26049908703591,0,0,6.404999999999999,public benchmark data
E1034,Marketing,Executive,PhD,2,151.4,93.8,2.6,9,8.97,6.57,0,Medium,Remote,19.46,2024-11,5.9445178335535,0,0,7.77,public benchmark data
E1035,Finance,Developer,Bachelors,3,170.9,87.6,5.9,5,7.12,5.28,0,High,Onsite,4.49,2024-01,2.925687536571094,0,1,6.2,public benchmark data
E1035,Marketing,Analyst,Masters,9,160.0,98.0,5.4,6,6.42,5.58,0,Medium,Hybrid,17.01,2024-01,3.75,0,1,6.0,public benchmark data
E1035,Finance,Executive,Bachelors,3,159.4,100.0,5.3,5,10.0,7.27,0,Low,Hybrid,21.31,2024-03,3.1367628607277287,0,1,8.635,public benchmark data
E1035,IT,Developer,PhD,3,163.5,99.9,6.5,5,8.64,4.53,1,Medium,Hybrid,21.39,2024-03,3.058103975535168,0,1,6.585000000000001,public benchmark data
E1035,HR,Analyst,Masters,4,162.2,98.8,6.4,4,7.29,10.0,1,High,Remote,8.57,2024-04,2.466091245376079,0,0,8.645,public benchmark data
E1035,IT,Associate,Masters,10,153.7,93.6,2.9,9,7.19,10.0,0,High,Remote,16.44,2024-05,5.8555627846454135,0,0,8.595,public benchmark data
E1035,IT,Manager,Bachelors,2,163.2,94.0,4.9,10,,8.22,1,Low,Remote,15.59,2024-06,6.127450980392157,0,0,8.22,public benchmark data
E1035,IT,Developer,Bachelors,7,178.7,100.0,4.1,4,8.67,10.0,0,High,Remote,14.71,2024-07,2.2383883603805264,0,0,9.335,public benchmark data
E1035,Finance,Manager,PhD,9,155.2,99.2,2.9,3,3.7,6.55,1,High,Remote,12.09,2024-08,1.9329896907216493,0,0,5.125,public benchmark data
E1035,Finance,Executive,PhD,2,149.5,83.7,6.8,6,8.34,4.71,0,High,Hybrid,16.31,2024-09,4.013377926421405,0,0,6.525,public benchmark data
E1035,IT,Analyst,PhD,9,151.4,91.9,7.2,5,7.52,6.68,0,Low,Onsite,26.0,2024-10,3.302509907529722,0,0,7.1,public benchmark data
E1035,IT,Executive,Bachelors,4,149.4,93.2,2.5,9,8.93,5.05,1,Medium,Onsite,15.71,2024-11,6.024096385542169,0,0,6.99,public benchmark data
E1036,Finance,Associate,PhD,9,170.3,98.4,4.2,8,7.98,5.08,0,Medium,Remote,2.7,2024-01,4.697592483852025,0,1,6.53,public benchmark data
E1036,Marketing,Executive,PhD,8,140.1,91.9,2.2,3,6.59,6.65,0,Low,Onsite,12.53,2024-01,2.1413276231263385,0,1,6.62,public benchmark data
E1036,Finance,Developer,PhD,4,153.6,81.3,,2,9.81,7.45,0,High,Remote,14.57,2024-03,1.3020833333333337,1,1,8.63,public benchmark data
E1036,Marketing,Developer,Masters,10,171.6,96.6,2.1,1,8.53,7.97,0,High,Onsite,11.42,2024-03,0.5827505827505828,0,1,8.25,public benchmark data
E1036,IT,Analyst,PhD,5,158.3,98.8,5.2,6,5.42,9.08,0,Low,Remote,14.49,2024-04,3.7902716361339226,0,0,7.25,public benchmark data
E1036,Sales,Associate,Masters,1,158.3,93.4,5.8,8,7.27,7.7,0,Low,Hybrid,11.46,2024-05,5.05369551484523,0,0,7.484999999999999,public benchmark data
E1036,Marketing,Executive,Bachelors,9,169.5,99.1,4.4,8,5.31,8.52,1,Medium,Hybrid,5.76,2024-06,4.71976401179941,0,0,6.914999999999999,public benchmark data
E1036,HR,Manager,PhD,10,160.0,100.0,9.1,8,5.8,5.82,0,Low,Remote,25.04,2024-07,5.0,0,0,5.8100000000000005,public benchmark data
E1036,IT,Executive,Masters,1,158.4,85.1,0.0,4,4.54,8.59,1,High,Onsite,15.31,2024-08,2.525252525252525,0,0,6.565,public benchmark data
E1036,Finance,Associate,Masters,3,149.2,95.6,4.7,4,8.26,5.87,0,Low,Remote,5.63,2024-09,2.680965147453083,0,0,7.065,public benchmark data
E1036,IT,Associate,Masters,10,163.9,97.5,5.9,9,7.57,5.44,1,Low,Hybrid,19.38,2024-10,5.491153142159853,0,0,6.505000000000001,public benchmark data
E1036,Finance,Associate,PhD,9,169.7,96.5,3.5,5,10.0,8.71,0,Low,Hybrid,16.24,2024-11,2.9463759575721866,0,0,9.355,public benchmark data
E1037,IT,Associate,PhD,8,153.7,85.6,2.3,10,9.94,6.86,0,Low,Onsite,10.64,2024-01,6.506180871828238,0,1,8.4,public benchmark data
E1037,Marketing,Associate,Masters,10,161.4,94.7,,7,7.56,7.68,0,High,Onsite,9.17,2024-01,4.337050805452292,1,1,7.619999999999999,public benchmark data
E1037,HR,Manager,Bachelors,9,142.3,96.8,4.2,4,7.8,2.46,0,High,Hybrid,11.85,2024-03,2.8109627547435,0,1,5.13,public benchmark data
E1037,Finance,Executive,PhD,8,145.7,99.5,8.0,5,5.84,10.0,0,Medium,Hybrid,12.91,2024-03,3.431708991077557,0,1,7.92,public benchmark data
E1037,HR,Developer,PhD,4,161.1,93.4,6.3,5,7.38,8.4,0,High,Remote,9.35,2024-04,3.103662321539417,0,0,7.890000000000001,public benchmark data
E1037,Finance,Developer,Bachelors,9,160.3,89.2,4.1,5,9.05,10.0,0,High,Remote,17.54,2024-05,3.119151590767311,0,0,9.525,public benchmark data
E1037,Finance,Developer,Bachelors,5,165.1,91.8,5.6,8,7.14,7.58,0,High,Onsite,17.16,2024-06,4.845548152634767,0,0,7.359999999999999,public benchmark data
E1037,IT,Developer,Masters,10,149.5,90.5,4.1,10,5.93,9.6,0,Medium,Remote,9.85,2024-07,6.688963210702341,0,0,7.765,public benchmark data
E1037,IT,Analyst,PhD,5,163.1,98.3,6.3,6,10.0,4.01,0,Low,Remote,3.4,2024-08,3.678724708767627,0,0,7.005,public benchmark data
E1037,Finance,Analyst,Masters,5,170.9,89.4,4.2,4,8.63,5.11,0,Low,Remote,14.52,2024-09,2.3405500292568755,0,0,6.870000000000001,public benchmark data
E1037,Marketing,Associate,Bachelors,1,163.4,98.2,3.8,5,6.69,6.46,1,Medium,Onsite,20.73,2024-10,3.0599755201958385,0,0,6.575,public benchmark data
E1037,Sales,Manager,Masters,1,172.7,90.1,,8,8.07,4.22,0,Medium,Onsite,10.27,2024-11,4.632310364794442,1,0,6.145,public benchmark data
E1038,IT,Manager,Bachelors,1,163.5,100.0,7.1,6,7.75,10.0,1,Medium,Remote,18.15,2024-01,3.669724770642202,0,1,8.875,public benchmark data
E1038,Marketing,Developer,Bachelors,8,140.1,91.6,4.6,8,5.85,8.6,1,Low,Remote,4.43,2024-01,5.71020699500357,0,1,7.225,public benchmark data
E1038,Marketing,Analyst,Bachelors,8,160.9,100.0,5.3,8,3.65,6.93,2,Low,Remote,6.41,2024-03,4.972032318210068,0,1,5.29,public benchmark data
E1038,Marketing,Developer,Masters,10,171.8,97.0,3.1,6,6.31,9.71,0,Medium,Remote,23.07,2024-03,3.4924330616996504,0,1,8.01,public benchmark data
E1038,HR,Manager,Masters,2,156.5,94.0,4.4,8,6.89,7.27,0,High,Remote,13.79,2024-04,5.111821086261981,0,0,7.08,public benchmark data
E1038,IT,Executive,PhD,6,144.2,93.8,5.3,6,8.41,3.9,0,Medium,Onsite,14.49,2024-05,4.160887656033287,0,0,6.155,public benchmark data
E1038,HR,Analyst,Masters,8,160.8,93.6,2.4,5,6.06,7.27,1,High,Hybrid,15.49,2024-06,3.109452736318408,0,0,6.664999999999999,public benchmark data
E1038,Sales,Analyst,PhD,4,176.5,98.1,5.5,2,8.23,7.19,1,Low,Onsite,8.09,2024-07,1.13314447592068,0,0,7.710000000000001,public benchmark data
E1038,Sales,Executive,Masters,8,166.0,92.4,2.8,7,10.0,5.2,0,High,Remote,19.0,2024-08,4.216867469879518,0,0,7.6,public benchmark data
E1038,Sales,Analyst,Bachelors,2,168.6,95.9,7.3,5,5.67,6.57,0,Medium,Onsite,17.44,2024-09,2.965599051008304,0,0,6.12,public benchmark data
E1038,Marketing,Associate,Bachelors,4,155.3,95.7,6.1,5,5.99,5.15,0,Medium,Hybrid,11.94,2024-10,3.2195750160978744,0,0,5.57,public benchmark data
E1038,Finance,Manager,Masters,1,170.1,95.4,5.3,5,5.91,5.28,0,High,Remote,14.38,2024-11,2.9394473838918285,0,0,5.595000000000001,public benchmark data
E1039,Marketing,Analyst,PhD,4,152.9,95.8,6.2,7,8.59,2.52,0,High,Hybrid,13.49,2024-01,4.578155657292348,0,1,5.555,public benchmark data
E1039,HR,Executive,Bachelors,5,167.5,97.0,7.4,8,6.46,7.1,0,Medium,Remote,17.93,2024-01,4.776119402985075,0,1,6.779999999999999,public benchmark data
E1039,Finance,Associate,Masters,8,159.9,100.0,,7,6.7,9.4,1,Low,Onsite,13.9,2024-03,4.377736085053159,1,1,8.05,public benchmark data
E1039,Marketing,Associate,Masters,1,167.4,100.0,4.1,5,7.29,4.41,0,High,Onsite,9.93,2024-03,2.986857825567503,0,1,5.85,public benchmark data
E1039,HR,Manager,Bachelors,5,164.4,91.0,5.7,3,6.07,8.49,0,High,Remote,13.29,2024-04,1.824817518248175,0,0,7.28,public benchmark data
E1039,Sales,Associate,Masters,7,167.0,94.4,8.3,1,10.0,8.41,0,Low,Hybrid,14.72,2024-05,0.5988023952095809,0,0,9.205,public benchmark data
E1039,Marketing,Executive,Masters,8,161.8,91.3,6.0,6,6.41,7.96,0,High,Remote,9.13,2024-06,3.708281829419036,0,0,7.1850000000000005,public benchmark data
E1039,IT,Developer,PhD,6,168.2,90.8,6.1,6,6.98,4.12,0,High,Remote,16.99,2024-07,3.567181926278241,0,0,5.550000000000001,public benchmark data
E1039,Marketing,Analyst,PhD,9,146.6,100.0,7.3,9,7.36,4.24,0,High,Hybrid,19.2,2024-08,6.139154160982265,0,0,5.800000000000001,public benchmark data
E1039,Sales,Associate,Masters,7,165.9,93.9,5.1,5,,5.45,0,Medium,Onsite,8.76,2024-09,3.013863773357444,0,0,5.45,public benchmark data
E1039,Finance,Analyst,PhD,8,179.7,92.3,3.0,8,5.21,9.26,0,Low,Remote,4.74,2024-10,4.451864218141347,0,0,7.234999999999999,public benchmark data
E1039,Marketing,Analyst,PhD,7,161.4,99.4,2.5,7,5.2,6.24,0,High,Hybrid,7.05,2024-11,4.337050805452292,0,0,5.720000000000001,public benchmark data
E1040,HR,Associate,Masters,6,180.8,96.8,4.8,6,9.36,4.44,1,Medium,Hybrid,17.46,2024-01,3.31858407079646,0,1,6.9,public benchmark data
E1040,Marketing,Associate,Bachelors,3,132.9,94.3,2.1,2,6.79,4.05,2,High,Onsite,16.93,2024-01,1.5048908954100828,0,1,5.42,public benchmark data
E1040,Marketing,Developer,Bachelors,10,162.9,94.8,6.6,5,,4.06,0,High,Hybrid,11.3,2024-03,3.069367710251688,0,1,4.06,public benchmark data
E1040,Marketing,Developer,Bachelors,6,159.4,91.7,7.0,4,7.69,4.83,0,High,Onsite,11.29,2024-03,2.5094102885821834,0,1,6.26,public benchmark data
E1040,HR,Associate,PhD,7,162.1,92.9,6.9,8,7.44,4.77,1,Low,Onsite,8.64,2024-04,4.9352251696483656,0,0,6.105,public benchmark data
E1040,HR,Developer,Masters,8,170.2,83.2,6.6,5,5.82,8.32,1,Medium,Onsite,10.26,2024-05,2.9377203290246774,0,0,7.07,public benchmark data
E1040,Sales,Executive,Masters,8,163.9,93.0,6.0,5,9.61,2.54,1,High,Hybrid,11.11,2024-06,3.050640634533252,0,0,6.074999999999999,public benchmark data
E1040,Sales,Manager,PhD,9,155.5,93.1,2.5,8,9.45,7.96,0,Low,Hybrid,21.53,2024-07,5.144694533762058,0,0,8.705,public benchmark data
E1040,IT,Associate,Masters,7,183.9,91.2,4.8,10,6.82,5.81,1,High,Remote,10.76,2024-08,5.43773790103317,0,0,6.315,public benchmark data
E1040,Marketing,Developer,Masters,8,158.2,85.2,6.8,9,6.78,9.06,1,Low,Remote,8.57,2024-09,5.689001264222504,0,0,7.92,public benchmark data
E1040,Marketing,Analyst,PhD,2,153.8,96.4,5.3,4,8.67,6.63,0,Medium,Hybrid,19.42,2024-10,2.600780234070221,0,0,7.65,public benchmark data
E1040,Finance,Associate,Masters,3,135.3,97.8,6.9,5,6.57,10.0,0,Low,Onsite,12.58,2024-11,3.695491500369549,0,0,8.285,public benchmark data
E1041,Finance,Associate,Masters,4,161.4,87.3,3.9,4,9.18,8.38,0,Low,Remote,10.53,2024-01,2.4783147459727384,0,1,8.780000000000001,public benchmark data
E1041,Finance,Executive,PhD,7,150.7,94.4,4.7,9,7.25,2.85,0,High,Remote,12.4,2024-01,5.972130059721302,0,1,5.05,public benchmark data
E1041,Finance,Developer,Masters,10,154.8,93.2,4.3,11,7.76,2.07,1,High,Hybrid,18.38,2024-03,7.10594315245478,0,1,4.915,public benchmark data
E1041,Finance,Analyst,Bachelors,4,153.5,88.4,5.7,5,5.25,8.48,1,High,Hybrid,9.63,2024-03,3.257328990228013,0,1,6.865,public benchmark data
E1041,Marketing,Developer,Masters,9,147.3,97.2,8.4,8,7.45,7.23,0,Medium,Onsite,8.38,2024-04,5.431093007467752,0,0,7.34,public benchmark data
E1041,Finance,Manager,Masters,5,159.6,94.4,4.4,5,6.75,6.19,0,High,Onsite,14.68,2024-05,3.132832080200501,0,0,6.470000000000001,public benchmark data
E1041,Finance,Developer,PhD,9,151.7,100.0,4.6,4,9.0,9.03,0,Medium,Hybrid,10.9,2024-06,2.636783124588003,0,0,9.015,public benchmark data
E1041,Sales,Executive,Bachelors,3,149.6,98.0,5.0,8,10.0,10.0,0,High,Remote,21.11,2024-07,5.347593582887701,0,0,10.0,public benchmark data
E1041,Marketing,Analyst,Bachelors,3,169.6,88.0,3.1,3,6.33,6.12,1,Low,Hybrid,8.75,2024-08,1.768867924528302,0,0,6.225,public benchmark data
E1041,Marketing,Executive,Bachelors,10,164.1,91.2,4.4,6,6.85,9.82,0,Low,Hybrid,11.32,2024-09,3.656307129798903,0,0,8.335,public benchmark data
E1041,Marketing,Executive,PhD,1,158.5,93.3,4.3,4,6.99,3.34,0,Low,Onsite,15.24,2024-10,2.5236593059936907,0,0,5.165,public benchmark data
E1041,HR,Developer,Masters,10,155.0,91.7,3.0,4,6.78,7.56,0,High,Remote,3.14,2024-11,2.5806451612903225,0,0,7.17,public benchmark data
E1042,HR,Executive,Bachelors,5,169.6,98.3,2.9,4,8.07,4.79,0,High,Onsite,16.4,2024-01,2.358490566037736,0,1,6.43,public benchmark data
E1042,Sales,Developer,Masters,3,147.3,100.0,4.2,6,8.41,4.55,0,High,Onsite,20.83,2024-01,4.073319755600815,0,1,6.48,public benchmark data
E1042,Finance,Analyst,Masters,7,148.8,94.9,5.6,2,8.72,4.64,0,High,Onsite,14.81,2024-03,1.3440860215053765,0,1,6.68,public benchmark data
E1042,HR,Associate,Bachelors,7,156.3,99.0,7.2,2,7.92,8.0,1,High,Hybrid,13.82,2024-03,1.2795905310300704,0,1,7.96,public benchmark data
E1042,HR,Executive,Masters,8,165.8,91.7,5.7,5,9.12,5.94,0,Low,Onsite,10.94,2024-04,3.01568154402895,0,0,7.529999999999999,public benchmark data
E1042,Sales,Developer,Bachelors,3,127.5,100.0,1.9,7,9.85,5.57,1,High,Remote,13.57,2024-05,5.490196078431373,0,0,7.71,public benchmark data
E1042,HR,Manager,Masters,8,176.6,93.8,7.4,9,8.22,8.01,1,High,Hybrid,14.58,2024-06,5.096262740656852,0,0,8.115,public benchmark data
E1042,HR,Analyst,Masters,6,159.6,92.4,7.1,4,8.19,7.51,0,Medium,Hybrid,4.44,2024-07,2.5062656641604013,0,0,7.85,public benchmark data
E1042,Marketing,Associate,Masters,9,174.6,99.5,,7,7.62,4.93,0,Low,Hybrid,9.43,2024-08,4.009163802978236,1,0,6.275,public benchmark data
E1042,Sales,Analyst,Bachelors,7,165.2,81.6,6.0,6,6.01,5.43,1,Low,Remote,13.04,2024-09,3.631961259079904,0,0,5.72,public benchmark data
E1042,IT,Developer,PhD,4,141.4,100.0,6.7,8,6.57,7.01,0,Medium,Hybrid,14.05,2024-10,5.657708628005658,0,0,6.79,public benchmark data
E1042,IT,Manager,PhD,3,149.1,94.3,,4,8.12,6.21,0,Medium,Remote,9.52,2024-11,2.682763246143528,1,0,7.164999999999999,public benchmark data
E1043,Marketing,Executive,Bachelors,5,133.0,94.5,3.9,4,5.92,3.66,0,High,Hybrid,13.82,2024-01,3.007518796992481,0,1,4.79,public benchmark data
E1043,Sales,Developer,PhD,1,171.1,96.0,5.5,6,6.98,7.93,0,Medium,Onsite,13.04,2024-01,3.5067212156633545,0,1,7.455,public benchmark data
E1043,Sales,Manager,Bachelors,7,170.9,98.9,9.4,5,,8.88,0,Low,Remote,20.63,2024-03,2.925687536571094,0,1,8.88,public benchmark data
E1043,Finance,Executive,Bachelors,10,163.7,95.6,6.9,3,8.67,6.37,0,Medium,Remote,14.94,2024-03,1.832620647525962,0,1,7.52,public benchmark data
E1043,IT,Developer,Masters,1,147.5,96.1,3.5,5,4.83,8.55,0,Medium,Remote,13.91,2024-04,3.389830508474576,0,0,6.69,public benchmark data
E1043,Marketing,Associate,Bachelors,5,158.7,100.0,4.5,6,5.84,6.94,1,Medium,Hybrid,8.89,2024-05,3.780718336483932,0,0,6.390000000000001,public benchmark data
E1043,Finance,Executive,Bachelors,4,175.8,88.0,2.1,6,4.95,6.55,1,High,Onsite,13.1,2024-06,3.4129692832764507,0,0,5.75,public benchmark data
E1043,Sales,Analyst,Bachelors,8,163.3,82.5,4.0,4,9.3,3.57,1,Medium,Hybrid,3.89,2024-07,2.449479485609308,0,0,6.4350000000000005,public benchmark data
E1043,Marketing,Analyst,PhD,10,174.1,97.4,4.2,10,8.07,5.0,1,Low,Hybrid,10.01,2024-08,5.743825387708214,0,0,6.535,public benchmark data
E1043,Finance,Analyst,PhD,5,151.2,89.0,2.4,3,8.98,7.74,1,Low,Onsite,10.07,2024-09,1.9841269841269844,0,0,8.36,public benchmark data
E1043,IT,Developer,Bachelors,3,168.2,94.0,5.6,8,10.0,10.0,0,Medium,Hybrid,10.6,2024-10,4.756242568370987,0,0,10.0,public benchmark data
E1043,Marketing,Analyst,Masters,9,156.1,89.8,3.4,10,4.79,9.11,1,High,Hybrid,16.02,2024-11,6.406149903907751,0,0,6.949999999999999,public benchmark data
E1044,Sales,Associate,PhD,9,155.8,98.5,7.2,3,9.3,8.08,0,Low,Onsite,17.0,2024-01,1.9255455712451857,0,1,8.690000000000001,public benchmark data
E1044,Marketing,Manager,PhD,10,157.2,100.0,3.1,5,6.14,6.25,0,Medium,Hybrid,7.14,2024-01,3.1806615776081424,0,1,6.195,public benchmark data
E1044,Finance,Manager,PhD,2,151.6,84.5,2.2,4,7.77,10.0,0,Low,Onsite,11.67,2024-03,2.638522427440633,0,1,8.885,public benchmark data
E1044,Marketing,Associate,Bachelors,6,164.8,89.9,5.1,3,5.21,4.82,0,High,Hybrid,13.36,2024-03,1.820388349514563,0,1,5.015000000000001,public benchmark data
E1044,IT,Executive,Masters,7,163.9,89.1,6.9,3,4.84,10.0,0,High,Remote,8.52,2024-04,1.8303843807199511,0,0,7.42,public benchmark data
E1044,HR,Executive,PhD,10,148.8,83.3,7.5,13,5.29,9.31,1,High,Remote,19.63,2024-05,8.736559139784946,0,0,7.300000000000001,public benchmark data
E1044,HR,Associate,Masters,3,146.5,92.7,2.3,6,6.15,10.0,0,Low,Remote,21.0,2024-06,4.09556313993174,0,0,8.075,public benchmark data
E1044,IT,Associate,Masters,2,173.6,98.1,6.5,7,7.45,5.93,1,Medium,Hybrid,21.76,2024-07,4.032258064516129,0,0,6.69,public benchmark data
E1044,HR,Associate,Masters,5,153.8,98.8,6.1,1,5.26,7.54,1,High,Remote,4.45,2024-08,0.6501950585175552,0,0,6.4,public benchmark data
E1044,HR,Developer,Masters,7,154.5,94.9,8.7,5,7.98,5.17,0,Low,Hybrid,11.23,2024-09,3.2362459546925564,0,0,6.575,public benchmark data
E1044,IT,Associate,Bachelors,8,159.2,94.7,5.5,4,7.37,1.0,0,Low,Remote,12.85,2024-10,2.512562814070352,0,0,4.1850000000000005,public benchmark data
E1044,Finance,Manager,PhD,3,138.7,94.5,5.3,6,5.78,4.03,0,Low,Onsite,17.15,2024-11,4.3258832011535695,0,0,4.905,public benchmark data
E1045,Sales,Manager,Masters,4,155.8,85.4,6.3,6,5.52,7.56,0,Medium,Onsite,18.29,2024-01,3.851091142490372,0,1,6.539999999999999,public benchmark data
E1045,IT,Developer,Masters,8,160.9,100.0,10.3,6,7.65,7.46,1,Medium,Remote,15.52,2024-01,3.729024238657551,0,1,7.555,public benchmark data
E1045,Sales,Developer,Bachelors,9,154.9,95.9,4.1,6,10.0,3.86,1,High,Hybrid,12.35,2024-03,3.873466752743705,0,1,6.93,public benchmark data
E1045,Marketing,Executive,PhD,6,165.5,99.0,4.1,7,8.24,7.81,1,Medium,Onsite,12.05,2024-03,4.229607250755287,0,1,8.025,public benchmark data
E1045,IT,Associate,Masters,1,161.0,99.2,,5,6.49,7.15,0,High,Onsite,26.23,2024-04,3.1055900621118013,1,0,6.82,public benchmark data
E1045,IT,Manager,Bachelors,1,167.1,93.8,6.4,10,8.67,10.0,1,Medium,Remote,1.24,2024-05,5.9844404548174746,0,0,9.335,public benchmark data
E1045,Marketing,Developer,PhD,1,154.7,96.6,5.2,3,7.69,9.22,0,Medium,Onsite,14.85,2024-06,1.9392372333548804,0,0,8.455,public benchmark data
E1045,IT,Developer,Masters,4,154.6,96.6,4.1,6,6.94,8.96,0,Low,Remote,10.92,2024-07,3.8809831824062098,0,0,7.950000000000001,public benchmark data
E1045,IT,Manager,Bachelors,3,164.6,87.4,6.6,2,6.67,9.24,1,High,Remote,5.49,2024-08,1.2150668286755772,0,0,7.955,public benchmark data
E1045,Marketing,Manager,Bachelors,2,171.4,91.8,6.0,10,5.79,5.51,1,Low,Onsite,10.95,2024-09,5.834305717619603,0,0,5.65,public benchmark data
E1045,HR,Associate,Bachelors,6,150.0,100.0,6.7,11,6.3,5.43,1,Medium,Hybrid,16.15,2024-10,7.333333333333333,0,0,5.865,public benchmark data
E1045,HR,Executive,PhD,1,170.0,84.9,6.7,5,5.87,10.0,1,Low,Remote,9.92,2024-11,2.941176470588235,0,0,7.935,public benchmark data
E1046,Sales,Executive,PhD,6,161.0,93.5,6.3,5,6.92,9.63,0,Low,Onsite,9.02,2024-01,3.1055900621118013,0,1,8.275,public benchmark data
E1046,IT,Associate,Masters,9,160.2,92.9,7.7,8,4.69,1.57,2,Low,Hybrid,16.55,2024-01,4.993757802746567,0,1,3.1300000000000003,public benchmark data
E1046,Marketing,Analyst,PhD,8,161.9,100.0,4.9,9,7.22,1.0,0,High,Hybrid,15.9,2024-03,5.558987029030265,0,1,4.109999999999999,public benchmark data
E1046,Finance,Executive,Masters,9,155.7,98.3,3.0,10,7.55,8.5,1,Low,Hybrid,22.02,2024-03,6.422607578676944,0,1,8.025,public benchmark data
E1046,Marketing,Executive,Masters,3,148.1,100.0,,7,6.33,5.72,1,Medium,Remote,19.16,2024-04,4.726536124240378,1,0,6.025,public benchmark data
E1046,HR,Associate,PhD,6,165.8,94.0,4.4,5,9.54,9.04,0,High,Onsite,24.03,2024-05,3.01568154402895,0,0,9.29,public benchmark data
E1046,Sales,Associate,Masters,8,143.9,96.6,2.3,12,4.61,6.76,1,Low,Remote,21.59,2024-06,8.339124391938846,0,0,5.6850000000000005,public benchmark data
E1046,Sales,Associate,Masters,2,160.6,98.6,4.2,4,7.63,7.94,0,High,Remote,16.26,2024-07,2.4906600249066004,0,0,7.785,public benchmark data
E1046,Sales,Executive,Masters,2,159.9,89.4,4.9,12,7.42,5.01,1,Medium,Onsite,9.13,2024-08,7.504690431519699,0,0,6.215,public benchmark data
E1046,Marketing,Developer,Bachelors,1,151.5,91.8,6.4,2,6.56,5.13,1,Low,Remote,10.91,2024-09,1.32013201320132,0,0,5.845,public benchmark data
E1046,IT,Developer,Bachelors,2,162.3,94.9,3.5,9,5.92,1.72,1,High,Remote,13.74,2024-10,5.5452865064695,0,0,3.82,public benchmark data
E1046,Sales,Associate,PhD,4,154.2,100.0,9.0,6,7.52,7.87,1,Low,Remote,4.58,2024-11,3.891050583657588,0,0,7.695,public benchmark data
E1047,IT,Analyst,Bachelors,8,165.6,100.0,0.3,7,8.57,7.47,0,Medium,Hybrid,12.41,2024-01,4.2270531400966185,0,1,8.02,public benchmark data
E1047,HR,Developer,Masters,3,152.3,100.0,8.9,8,7.44,6.69,0,Low,Hybrid,14.44,2024-01,5.252790544977018,0,1,7.065,public benchmark data
E1047,IT,Manager,Masters,3,152.9,100.0,6.7,8,6.38,9.25,0,Medium,Hybrid,18.63,2024-03,5.232177894048397,0,1,7.814999999999999,public benchmark data
E1047,Marketing,Associate,Bachelors,5,146.7,99.3,7.6,14,7.58,5.27,0,Low,Onsite,16.11,2024-03,9.54328561690525,0,1,6.425,public benchmark data
E1047,Marketing,Associate,Bachelors,1,172.1,94.9,8.3,4,7.55,5.36,1,Medium,Onsite,6.67,2024-04,2.324230098779779,0,0,6.455,public benchmark data
E1047,Finance,Analyst,Bachelors,9,162.1,99.1,8.0,7,7.45,4.67,1,Low,Onsite,6.82,2024-05,4.318322023442319,0,0,6.0600000000000005,public benchmark data
E1047,HR,Developer,Bachelors,9,174.0,90.9,5.7,9,,3.98,0,High,Hybrid,4.96,2024-06,5.172413793103448,0,0,3.98,public benchmark data
E1047,IT,Developer,Bachelors,8,157.5,96.6,4.4,8,7.97,8.14,0,High,Remote,17.49,2024-07,5.079365079365079,0,0,8.055,public benchmark data
E1047,Finance,Developer,Masters,7,168.2,89.7,7.0,2,7.14,3.25,0,High,Hybrid,17.88,2024-08,1.1890606420927468,0,0,5.195,public benchmark data
E1047,Finance,Analyst,Masters,4,161.7,96.0,2.5,4,9.39,8.93,0,Medium,Hybrid,9.7,2024-09,2.473716759431045,0,0,9.16,public benchmark data
E1047,Sales,Developer,Bachelors,4,155.7,94.9,2.7,5,9.04,7.08,0,High,Remote,6.27,2024-10,3.211303789338472,0,0,8.059999999999999,public benchmark data
E1047,Finance,Executive,Masters,9,166.3,93.4,7.5,2,,8.04,0,Medium,Remote,7.0,2024-11,1.2026458208057726,0,0,8.04,public benchmark data
E1048,HR,Associate,Bachelors,9,152.7,99.7,4.5,6,9.25,5.18,0,High,Onsite,18.04,2024-01,3.929273084479372,0,1,7.215,public benchmark data
E1048,HR,Analyst,PhD,6,157.5,93.1,4.1,5,4.01,4.98,0,High,Hybrid,14.17,2024-01,3.1746031746031744,0,1,4.495,public benchmark data
E1048,Sales,Analyst,Bachelors,10,169.5,93.5,2.5,8,9.41,5.92,1,Low,Remote,3.18,2024-03,4.71976401179941,0,1,7.665,public benchmark data
E1048,IT,Developer,PhD,1,156.4,98.1,6.7,4,5.23,6.47,0,Low,Remote,9.21,2024-03,2.557544757033248,0,1,5.85,public benchmark data
E1048,Marketing,Analyst,Masters,8,151.7,97.6,5.5,5,9.32,8.26,0,Medium,Hybrid,14.67,2024-04,3.295978905735004,0,0,8.79,public benchmark data
E1048,Sales,Developer,Bachelors,2,160.9,92.5,4.1,5,6.31,6.87,2,High,Remote,4.33,2024-05,3.107520198881293,0,0,6.59,public benchmark data
E1048,IT,Executive,PhD,6,159.3,91.0,7.0,5,6.89,5.94,0,High,Remote,7.65,2024-06,3.1387319522912738,0,0,6.415,public benchmark data
E1048,IT,Associate,PhD,2,158.8,92.5,2.4,6,4.19,4.32,0,Low,Hybrid,16.32,2024-07,3.778337531486146,0,0,4.255000000000001,public benchmark data
E1048,HR,Manager,PhD,2,171.8,96.5,5.4,8,6.8,3.93,1,Low,Onsite,7.86,2024-08,4.656577415599534,0,0,5.365,public benchmark data
E1048,Sales,Executive,PhD,1,153.4,92.6,4.8,2,8.32,5.58,0,Low,Onsite,11.62,2024-09,1.3037809647979135,0,0,6.95,public benchmark data
E1048,IT,Manager,Bachelors,4,171.8,92.1,2.8,6,7.54,6.49,1,High,Remote,12.72,2024-10,3.4924330616996504,0,0,7.015000000000001,public benchmark data
E1048,Finance,Manager,PhD,6,161.2,93.1,6.3,6,8.34,7.79,1,High,Hybrid,14.71,2024-11,3.722084367245658,0,0,8.065,public benchmark data
E1049,Marketing,Developer,PhD,7,143.6,92.1,6.7,11,7.41,9.53,1,Medium,Onsite,17.12,2024-01,7.660167130919221,0,1,8.469999999999999,public benchmark data
E1049,HR,Associate,PhD,8,139.7,95.1,4.4,6,6.07,5.39,0,Medium,Onsite,9.6,2024-01,4.294917680744453,0,1,5.73,public benchmark data
E1049,HR,Associate,PhD,10,167.9,93.8,3.7,4,5.21,10.0,0,Medium,Hybrid,4.38,2024-03,2.382370458606313,0,1,7.605,public benchmark data
E1049,Finance,Manager,PhD,3,178.5,92.9,,6,6.96,7.44,0,High,Hybrid,19.57,2024-03,3.361344537815126,1,1,7.2,public benchmark data
E1049,Sales,Executive,Bachelors,2,144.7,92.3,5.6,6,6.36,5.8,0,Low,Hybrid,9.99,2024-04,4.14651002073255,0,0,6.08,public benchmark data
E1049,IT,Executive,Bachelors,8,154.3,100.0,0.9,6,6.48,5.6,0,High,Hybrid,9.12,2024-05,3.888528839922229,0,0,6.04,public benchmark data
E1049,Finance,Analyst,Masters,10,169.9,99.5,4.0,3,8.31,9.99,1,Medium,Onsite,13.4,2024-06,1.7657445556209534,0,0,9.15,public benchmark data
E1049,Finance,Developer,Masters,2,160.8,100.0,2.2,12,9.93,7.77,2,High,Onsite,22.51,2024-07,7.462686567164178,0,0,8.85,public benchmark data
E1049,IT,Analyst,PhD,3,163.3,88.3,4.5,7,8.0,6.66,0,Low,Hybrid,20.22,2024-08,4.286589099816289,0,0,7.33,public benchmark data
E1049,HR,Manager,Masters,7,159.1,92.7,4.8,3,6.69,7.18,0,Medium,Remote,12.08,2024-09,1.885606536769328,0,0,6.9350000000000005,public benchmark data
E1049,Marketing,Developer,Bachelors,9,187.1,97.6,5.4,7,8.42,8.46,2,High,Onsite,21.64,2024-10,3.741314804917157,0,0,8.440000000000001,public benchmark data
E1049,IT,Manager,Masters,9,168.1,91.4,5.1,7,7.69,9.94,0,Medium,Hybrid,13.99,2024-11,4.164187983343249,0,0,8.815,public benchmark data
E1050,Finance,Associate,Bachelors,9,166.9,100.0,6.8,3,7.19,6.42,1,High,Onsite,15.99,2024-01,1.797483523067705,0,1,6.805,public benchmark data
E1050,IT,Executive,PhD,3,155.7,100.0,6.1,4,8.93,10.0,1,High,Remote,15.4,2024-01,2.5690430314707773,0,1,9.465,public benchmark data
E1050,Finance,Manager,Bachelors,6,159.5,100.0,3.1,8,6.83,8.94,0,High,Remote,10.76,2024-03,5.015673981191222,0,1,7.885,public benchmark data
E1050,Marketing,Associate,PhD,9,151.7,91.6,3.4,5,7.79,8.15,0,Low,Onsite,12.45,2024-03,3.295978905735004,0,1,7.970000000000001,public benchmark data
E1050,Finance,Manager,Bachelors,10,151.7,92.1,2.1,11,7.9,8.41,0,High,Onsite,13.84,2024-04,7.251153592617007,0,0,8.155000000000001,public benchmark data
E1050,Sales,Manager,Masters,3,166.4,93.6,5.4,4,6.26,3.64,1,Low,Hybrid,9.84,2024-05,2.4038461538461537,0,0,4.95,public benchmark data
E1050,IT,Associate,Masters,8,182.4,96.8,,11,5.29,8.06,0,High,Hybrid,19.7,2024-06,6.030701754385965,1,0,6.675000000000001,public benchmark data
E1050,Finance,Developer,PhD,8,158.5,90.8,10.1,13,5.87,9.68,0,Low,Hybrid,11.53,2024-07,8.201892744479496,0,0,7.775,public benchmark data
E1050,HR,Associate,PhD,2,154.2,97.0,2.4,10,,6.58,0,Medium,Onsite,20.7,2024-08,6.48508430609598,0,0,6.58,public benchmark data
E1050,HR,Developer,Bachelors,10,169.1,94.8,4.5,9,7.84,6.66,0,Low,Remote,17.23,2024-09,5.322294500295683,0,0,7.25,public benchmark data
E1050,Marketing,Associate,PhD,9,163.4,97.8,4.6,2,8.31,6.26,0,Medium,Remote,12.07,2024-10,1.2239902080783354,0,0,7.285,public benchmark data
E1050,HR,Analyst,Masters,10,158.3,95.2,6.2,8,5.05,7.98,0,Medium,Onsite,16.0,2024-11,5.05369551484523,0,0,6.515000000000001,public benchmark data
E1051,Finance,Associate,Masters,1,156.2,92.5,8.1,2,8.01,6.65,1,Medium,Onsite,19.5,2024-01,1.2804097311139566,0,1,7.33,public benchmark data
E1051,Marketing,Developer,Bachelors,5,148.7,95.2,2.9,8,6.69,7.71,1,High,Remote,16.58,2024-01,5.379959650302623,0,1,7.2,public benchmark data
E1051,IT,Manager,Bachelors,7,145.8,99.9,4.5,6,5.42,10.0,0,Medium,Onsite,18.21,2024-03,4.11522633744856,0,1,7.71,public benchmark data
E1051,Sales,Executive,PhD,3,163.0,91.1,2.9,7,5.51,6.48,0,Medium,Remote,25.08,2024-03,4.294478527607362,0,1,5.995,public benchmark data
E1051,Finance,Manager,Bachelors,6,138.8,93.8,8.9,4,8.2,4.26,1,Low,Remote,16.71,2024-04,2.881844380403458,0,0,6.23,public benchmark data
E1051,Sales,Analyst,Masters,6,170.8,100.0,5.4,3,,6.71,0,Low,Onsite,8.78,2024-05,1.756440281030445,0,0,6.71,public benchmark data
E1051,HR,Executive,Masters,4,171.1,97.1,4.1,5,7.78,7.28,0,Medium,Hybrid,14.31,2024-06,2.922267679719462,0,0,7.53,public benchmark data
E1051,Marketing,Associate,Masters,7,152.0,90.3,2.1,8,6.84,3.38,0,Low,Onsite,7.97,2024-07,5.263157894736842,0,0,5.109999999999999,public benchmark data
E1051,HR,Analyst,PhD,6,156.0,94.8,,9,5.18,6.37,0,Low,Hybrid,17.49,2024-08,5.769230769230769,1,0,5.775,public benchmark data
E1051,Marketing,Analyst,Masters,4,159.6,93.8,9.0,7,7.83,7.96,0,Low,Remote,12.28,2024-09,4.385964912280702,0,0,7.895,public benchmark data
E1051,Sales,Developer,Bachelors,4,166.1,91.9,5.5,7,7.59,7.54,1,High,Hybrid,10.51,2024-10,4.214328717639976,0,0,7.564999999999999,public benchmark data
E1051,IT,Associate,PhD,8,155.4,100.0,7.0,7,9.92,5.07,0,Low,Hybrid,5.64,2024-11,4.504504504504505,0,0,7.495,public benchmark data
E1052,Sales,Executive,Bachelors,7,145.4,96.2,1.0,5,,4.9,0,Medium,Remote,17.1,2024-01,3.43878954607978,0,1,4.9,public benchmark data
E1052,Finance,Developer,Bachelors,10,162.3,97.9,5.8,4,7.12,7.78,0,Low,Onsite,14.88,2024-01,2.4645717806531118,0,1,7.45,public benchmark data
E1052,Sales,Analyst,Masters,5,143.8,90.7,0.7,8,6.13,3.49,1,Medium,Remote,6.08,2024-03,5.563282336578581,0,1,4.8100000000000005,public benchmark data
E1052,HR,Analyst,Masters,4,151.9,97.6,5.2,7,7.98,6.06,1,Low,Hybrid,10.74,2024-03,4.6082949308755765,0,1,7.02,public benchmark data
E1052,Sales,Associate,PhD,8,151.6,88.0,,1,6.87,3.63,1,Low,Remote,8.08,2024-04,0.6596306068601583,1,0,5.25,public benchmark data
E1052,HR,Executive,Masters,1,166.0,94.2,8.1,5,4.37,7.93,0,Low,Remote,4.0,2024-05,3.0120481927710845,0,0,6.15,public benchmark data
E1052,Finance,Associate,Masters,10,146.4,89.0,3.6,8,8.91,10.0,0,Medium,Remote,10.15,2024-06,5.46448087431694,0,0,9.455,public benchmark data
E1052,Finance,Developer,PhD,4,152.5,94.4,3.9,6,9.4,9.32,0,High,Onsite,11.86,2024-07,3.934426229508197,0,0,9.36,public benchmark data
E1052,Finance,Analyst,PhD,6,157.4,96.1,5.1,4,8.19,8.49,0,High,Onsite,10.48,2024-08,2.541296060991105,0,0,8.34,public benchmark data
E1052,Sales,Analyst,Bachelors,3,149.9,99.3,4.4,9,7.11,7.08,0,Medium,Remote,25.48,2024-09,6.00400266844563,0,0,7.095000000000001,public benchmark data
E1052,Finance,Developer,PhD,1,160.9,96.9,8.4,4,5.75,7.37,1,Low,Remote,18.74,2024-10,2.486016159105034,0,0,6.5600000000000005,public benchmark data
E1052,Sales,Analyst,Masters,1,163.0,94.3,6.1,4,8.84,3.7,1,Medium,Onsite,17.6,2024-11,2.4539877300613497,0,0,6.27,public benchmark data
E1053,Marketing,Executive,PhD,6,172.5,91.1,4.3,9,9.06,3.99,0,High,Onsite,19.54,2024-01,5.217391304347826,0,1,6.525,public benchmark data
E1053,Marketing,Manager,PhD,7,176.2,90.2,5.4,8,7.48,8.43,0,Medium,Hybrid,30.89,2024-01,4.540295119182748,0,1,7.955,public benchmark data
E1053,IT,Developer,Masters,9,160.2,93.2,5.7,2,7.72,10.0,1,High,Onsite,8.17,2024-03,1.248439450686642,0,1,8.86,public benchmark data
E1053,Sales,Developer,Bachelors,9,164.0,91.5,1.5,3,6.67,9.07,0,High,Remote,16.46,2024-03,1.829268292682927,0,1,7.87,public benchmark data
E1053,IT,Analyst,PhD,1,161.7,97.9,2.7,1,6.31,7.62,0,Low,Hybrid,7.38,2024-04,0.6184291898577613,0,0,6.965,public benchmark data
E1053,Sales,Developer,Bachelors,2,143.5,98.7,7.1,5,6.55,3.17,0,Medium,Hybrid,16.23,2024-05,3.484320557491289,0,0,4.859999999999999,public benchmark data
E1053,Sales,Associate,Masters,7,147.8,89.2,7.2,5,7.76,7.43,0,High,Hybrid,14.23,2024-06,3.3829499323410013,0,0,7.595,public benchmark data
E1053,Sales,Associate,Bachelors,5,171.2,96.2,1.8,2,6.26,7.2,1,Medium,Hybrid,14.96,2024-07,1.1682242990654208,0,0,6.73,public benchmark data
E1053,Marketing,Associate,PhD,4,154.8,90.4,7.3,6,5.57,5.81,0,Low,Onsite,13.92,2024-08,3.875968992248062,0,0,5.69,public benchmark data
E1053,IT,Analyst,Bachelors,2,160.5,93.3,5.3,6,7.51,5.83,0,High,Hybrid,9.9,2024-09,3.738317757009345,0,0,6.67,public benchmark data
E1053,HR,Associate,PhD,8,169.3,97.0,3.3,3,6.63,4.52,0,High,Hybrid,12.28,2024-10,1.7720023626698167,0,0,5.574999999999999,public benchmark data
E1053,Sales,Analyst,Masters,3,156.2,96.6,6.2,6,9.43,4.22,0,Low,Onsite,13.08,2024-11,3.84122919334187,0,0,6.824999999999999,public benchmark data
E1054,HR,Analyst,Bachelors,1,158.1,99.0,6.2,8,,6.63,0,High,Hybrid,13.0,2024-01,5.0600885515496525,0,1,6.63,public benchmark data
E1054,Marketing,Associate,PhD,7,161.8,90.3,4.9,5,7.03,3.72,1,High,Hybrid,8.49,2024-01,3.0902348578491963,0,1,5.375,public benchmark data
E1054,IT,Developer,Masters,4,159.3,97.8,6.6,6,8.74,7.47,0,Medium,Remote,20.09,2024-03,3.766478342749529,0,1,8.105,public benchmark data
E1054,Marketing,Associate,Bachelors,4,161.7,88.4,6.9,8,6.11,4.91,0,Medium,Onsite,1.18,2024-03,4.94743351886209,0,1,5.51,public benchmark data
E1054,Sales,Manager,Masters,8,154.5,92.4,5.6,6,8.92,6.2,0,Medium,Onsite,4.49,2024-04,3.883495145631068,0,0,7.56,public benchmark data
E1054,HR,Executive,Masters,2,166.4,92.1,4.6,6,7.36,5.83,1,Medium,Remote,14.96,2024-05,3.6057692307692304,0,0,6.595000000000001,public benchmark data
E1054,Sales,Executive,PhD,8,167.8,89.4,5.1,7,5.14,7.87,0,Medium,Remote,16.2,2024-06,4.171632896305125,0,0,6.505,public benchmark data
E1054,Sales,Manager,Masters,9,159.4,100.0,4.0,5,8.08,6.24,0,High,Hybrid,15.93,2024-07,3.1367628607277287,0,0,7.16,public benchmark data
E1054,Sales,Analyst,Bachelors,6,150.6,100.0,3.1,4,8.99,5.3,1,Medium,Onsite,9.17,2024-08,2.6560424966799467,0,0,7.145,public benchmark data
E1054,HR,Manager,Masters,5,157.4,84.0,,4,10.0,9.1,1,High,Onsite,8.49,2024-09,2.541296060991105,1,0,9.55,public benchmark data
E1054,IT,Executive,PhD,10,140.2,94.7,1.0,8,7.2,9.01,0,Low,Hybrid,20.16,2024-10,5.706134094151213,0,0,8.105,public benchmark data
E1054,IT,Analyst,PhD,10,142.6,89.7,4.4,5,7.82,5.24,1,Medium,Remote,5.65,2024-11,3.506311360448808,0,0,6.53,public benchmark data
E1055,IT,Developer,PhD,2,153.0,100.0,,7,6.35,5.2,1,Low,Onsite,12.42,2024-01,4.57516339869281,1,1,5.775,public benchmark data
E1055,Sales,Developer,Bachelors,10,155.4,95.0,1.9,7,7.71,9.33,0,High,Hybrid,13.74,2024-01,4.504504504504505,0,1,8.52,public benchmark data
E1055,IT,Developer,PhD,10,187.1,100.0,7.3,7,9.28,7.13,0,Medium,Remote,23.09,2024-03,3.741314804917157,0,1,8.205,public benchmark data
E1055,HR,Executive,Bachelors,6,158.6,97.0,5.0,3,6.02,2.49,0,Medium,Hybrid,14.54,2024-03,1.8915510718789408,0,1,4.255,public benchmark data
E1055,HR,Associate,Bachelors,1,151.3,99.1,4.3,5,9.25,9.93,1,High,Onsite,16.94,2024-04,3.304692663582286,0,0,9.59,public benchmark data
E1055,Finance,Analyst,Bachelors,1,155.6,100.0,2.9,2,8.02,7.3,0,Medium,Onsite,3.18,2024-05,1.2853470437017995,0,0,7.66,public benchmark data
E1055,Finance,Developer,PhD,7,159.7,100.0,3.3,6,6.76,8.36,0,High,Remote,7.17,2024-06,3.757044458359424,0,0,7.56,public benchmark data
E1055,Marketing,Developer,PhD,10,184.6,94.5,6.9,4,,6.43,0,Medium,Hybrid,19.26,2024-07,2.1668472372697725,0,0,6.43,public benchmark data
E1055,HR,Analyst,Masters,3,167.0,86.6,5.9,4,7.39,5.45,2,Medium,Hybrid,6.46,2024-08,2.395209580838324,0,0,6.42,public benchmark data
E1055,IT,Analyst,PhD,1,167.2,93.7,5.7,4,,9.36,1,High,Onsite,11.29,2024-09,2.392344497607656,0,0,9.36,public benchmark data
E1055,IT,Analyst,Bachelors,3,164.5,96.4,4.6,4,8.5,4.19,0,Low,Remote,4.18,2024-10,2.43161094224924,0,0,6.345000000000001,public benchmark data
E1055,HR,Executive,Masters,4,156.4,100.0,5.1,7,7.69,7.77,1,High,Onsite,18.43,2024-11,4.475703324808184,0,0,7.73,public benchmark data
E1056,Marketing,Developer,Masters,8,159.3,100.0,4.3,7,8.85,8.74,1,High,Onsite,16.51,2024-01,4.394224733207784,0,1,8.795,public benchmark data
E1056,Marketing,Developer,Masters,9,158.0,93.4,,5,8.93,5.91,1,Low,Remote,14.52,2024-01,3.1645569620253164,1,1,7.42,public benchmark data
E1056,Marketing,Executive,PhD,5,148.6,96.1,7.5,2,7.32,10.0,1,Low,Remote,10.67,2024-03,1.3458950201884252,0,1,8.66,public benchmark data
E1056,Finance,Executive,Bachelors,6,165.1,100.0,4.4,6,8.27,8.53,0,Medium,Remote,18.55,2024-03,3.634161114476076,0,1,8.399999999999999,public benchmark data
E1056,Marketing,Manager,Masters,5,170.9,86.6,6.9,3,8.73,7.24,0,Low,Remote,2.1,2024-04,1.7554125219426564,0,0,7.985,public benchmark data
E1056,IT,Executive,Masters,5,157.7,98.6,4.9,6,7.27,9.96,1,High,Hybrid,6.97,2024-05,3.804692454026634,0,0,8.615,public benchmark data
E1056,Sales,Developer,PhD,4,175.6,94.1,5.5,8,6.97,7.49,0,Medium,Remote,13.55,2024-06,4.555808656036446,0,0,7.23,public benchmark data
E1056,Sales,Developer,Bachelors,3,158.0,95.3,5.1,9,8.93,6.75,1,Low,Hybrid,16.51,2024-07,5.69620253164557,0,0,7.84,public benchmark data
E1056,HR,Executive,Masters,3,156.6,100.0,7.3,6,7.24,7.6,2,Low,Remote,17.48,2024-08,3.831417624521073,0,0,7.42,public benchmark data
E1056,IT,Associate,Masters,10,149.7,96.7,6.2,5,8.33,8.75,0,Low,Remote,15.22,2024-09,3.3400133600534407,0,0,8.54,public benchmark data
E1056,Marketing,Developer,PhD,10,164.0,84.9,3.3,9,7.46,7.97,1,High,Onsite,14.77,2024-10,5.487804878048781,0,0,7.715,public benchmark data
E1056,Marketing,Manager,Masters,6,144.6,89.8,5.4,7,5.13,10.0,1,High,Remote,15.8,2024-11,4.840940525587829,0,0,7.564999999999999,public benchmark data
E1057,Marketing,Manager,PhD,8,175.1,87.2,5.7,4,7.86,7.87,1,Medium,Hybrid,9.14,2024-01,2.2844089091947457,0,1,7.865,public benchmark data
E1057,IT,Developer,Bachelors,5,154.9,99.2,6.4,5,7.32,8.64,0,High,Hybrid,11.76,2024-01,3.227888960619755,0,1,7.98,public benchmark data
E1057,IT,Analyst,Bachelors,7,173.9,93.6,3.2,7,7.87,6.85,0,Medium,Remote,14.08,2024-03,4.025301897642323,0,1,7.359999999999999,public benchmark data
E1057,Finance,Manager,Masters,6,138.4,93.1,7.0,7,6.92,6.4,0,Low,Onsite,16.36,2024-03,5.057803468208092,0,1,6.66,public benchmark data
E1057,IT,Associate,PhD,1,139.9,97.8,,8,5.27,6.63,0,Medium,Hybrid,19.18,2024-04,5.718370264474625,1,0,5.949999999999999,public benchmark data
E1057,Marketing,Developer,Bachelors,3,164.5,90.9,5.6,3,8.73,4.33,1,High,Onsite,15.1,2024-05,1.82370820668693,0,0,6.53,public benchmark data
E1057,IT,Executive,Bachelors,2,176.8,97.0,2.8,5,7.31,6.27,0,High,Remote,14.0,2024-06,2.8280542986425337,0,0,6.789999999999999,public benchmark data
E1057,Marketing,Analyst,PhD,5,166.3,94.8,3.0,5,10.0,6.71,0,High,Onsite,15.27,2024-07,3.0066145520144314,0,0,8.355,public benchmark data
E1057,Finance,Analyst,Masters,3,154.6,98.7,6.0,8,7.83,8.76,0,High,Remote,17.91,2024-08,5.17464424320828,0,0,8.295,public benchmark data
E1057,Marketing,Manager,Bachelors,3,171.8,93.9,8.1,4,8.5,7.63,2,Medium,Onsite,11.5,2024-09,2.328288707799767,0,0,8.065,public benchmark data
E1057,Finance,Executive,PhD,8,174.3,97.4,8.0,8,6.87,6.39,1,Low,Onsite,21.38,2024-10,4.589787722317842,0,0,6.63,public benchmark data
E1057,IT,Analyst,Bachelors,1,161.9,94.2,,3,8.1,5.26,0,High,Remote,19.24,2024-11,1.8529956763434217,1,0,6.68,public benchmark data
E1058,Sales,Executive,PhD,9,158.7,94.9,5.9,7,5.96,9.04,0,High,Remote,13.55,2024-01,4.410838059231255,0,1,7.5,public benchmark data
E1058,Sales,Developer,Masters,4,163.8,100.0,7.0,6,7.46,8.54,0,Low,Hybrid,23.26,2024-01,3.6630036630036624,0,1,8.0,public benchmark data
E1058,HR,Developer,PhD,5,168.9,91.1,4.3,6,5.05,9.08,0,High,Remote,10.24,2024-03,3.5523978685612785,0,1,7.065,public benchmark data
E1058,Finance,Developer,Masters,1,160.3,100.0,6.5,9,7.49,7.84,0,Medium,Hybrid,9.16,2024-03,5.61447286338116,0,1,7.665,public benchmark data
E1058,HR,Manager,PhD,5,179.2,90.5,2.5,6,6.54,7.4,0,Medium,Hybrid,15.18,2024-04,3.3482142857142856,0,0,6.970000000000001,public benchmark data
E1058,Finance,Manager,PhD,10,164.6,93.2,3.2,8,8.36,3.61,0,Medium,Onsite,8.26,2024-05,4.860267314702309,0,0,5.984999999999999,public benchmark data
E1058,Sales,Executive,Masters,4,167.1,94.9,3.6,5,5.0,7.68,0,Medium,Remote,16.67,2024-06,2.9922202274087373,0,0,6.34,public benchmark data
E1058,Finance,Analyst,PhD,6,152.0,93.5,5.0,2,8.48,6.61,0,High,Onsite,15.81,2024-07,1.3157894736842104,0,0,7.545,public benchmark data
E1058,Marketing,Developer,Masters,3,150.1,93.3,6.5,3,8.17,10.0,0,High,Onsite,15.56,2024-08,1.9986675549633577,0,0,9.085,public benchmark data
E1058,HR,Manager,PhD,8,164.9,95.4,5.5,6,6.95,5.13,0,Medium,Onsite,12.95,2024-09,3.6385688295936927,0,0,6.04,public benchmark data
E1058,HR,Executive,Masters,1,168.8,87.3,5.4,8,9.11,4.53,0,Medium,Onsite,6.72,2024-10,4.739336492890995,0,0,6.82,public benchmark data
E1058,Sales,Executive,PhD,6,170.3,86.4,5.2,6,7.38,7.2,0,Low,Hybrid,15.92,2024-11,3.523194362889019,0,0,7.29,public benchmark data
E1059,Finance,Executive,Masters,3,157.0,92.7,5.6,6,8.36,6.42,0,Low,Hybrid,16.94,2024-01,3.821656050955414,0,1,7.39,public benchmark data
E1059,Finance,Analyst,Bachelors,4,152.0,99.4,5.9,4,6.29,8.26,0,Medium,Hybrid,15.35,2024-01,2.631578947368421,0,1,7.275,public benchmark data
E1059,IT,Manager,Masters,3,168.1,93.9,3.5,4,,3.58,0,High,Remote,14.16,2024-03,2.3795359904818563,0,1,3.58,public benchmark data
E1059,IT,Developer,PhD,10,159.1,100.0,3.1,12,4.79,5.12,0,Low,Hybrid,19.33,2024-03,7.542426147077311,0,1,4.955,public benchmark data
E1059,HR,Manager,Bachelors,7,180.0,96.5,3.0,6,6.22,9.67,0,Medium,Onsite,12.95,2024-04,3.333333333333333,0,0,7.945,public benchmark data
E1059,IT,Associate,Bachelors,5,170.9,89.6,2.1,4,4.82,6.66,1,High,Hybrid,13.02,2024-05,2.3405500292568755,0,0,5.74,public benchmark data
E1059,Sales,Manager,Bachelors,5,159.5,98.3,5.1,7,7.3,8.56,1,High,Remote,14.04,2024-06,4.38871473354232,0,0,7.93,public benchmark data
E1059,HR,Developer,PhD,5,159.9,89.5,4.4,7,6.35,5.39,0,Low,Remote,21.18,2024-07,4.377736085053159,0,0,5.869999999999999,public benchmark data
E1059,HR,Executive,Masters,1,151.1,96.9,8.1,4,7.66,7.49,0,Low,Hybrid,20.0,2024-08,2.647253474520185,0,0,7.575,public benchmark data
E1059,HR,Manager,Masters,2,134.1,94.5,6.2,10,7.93,10.0,0,Medium,Remote,12.72,2024-09,7.457121551081284,0,0,8.965,public benchmark data
E1059,IT,Developer,Bachelors,9,173.8,95.2,8.9,5,7.64,6.43,0,High,Hybrid,11.85,2024-10,2.87686996547756,0,0,7.035,public benchmark data
E1059,IT,Manager,PhD,8,157.3,96.6,2.4,8,6.69,9.29,1,High,Onsite,13.03,2024-11,5.085823267641449,0,0,7.99,public benchmark data
E1060,Marketing,Executive,Masters,3,158.7,88.3,4.3,4,,6.1,0,Medium,Hybrid,10.33,2024-01,2.5204788909892883,0,1,6.1,public benchmark data
E1060,IT,Executive,Masters,2,153.4,89.2,5.8,6,9.7,5.41,1,High,Hybrid,9.06,2024-01,3.911342894393742,0,1,7.555,public benchmark data
E1060,Sales,Executive,Bachelors,7,173.9,93.9,5.1,4,7.53,8.86,1,Low,Onsite,14.63,2024-03,2.3001725129384702,0,1,8.195,public benchmark data
E1060,HR,Associate,PhD,8,156.8,95.4,4.6,12,8.37,7.03,1,Medium,Remote,15.51,2024-03,7.653061224489795,0,1,7.699999999999999,public benchmark data
E1060,Sales,Analyst,Bachelors,2,170.6,99.9,2.0,3,3.58,6.33,0,Low,Remote,15.27,2024-04,1.7584994138335288,0,0,4.955,public benchmark data
E1060,HR,Executive,PhD,4,144.9,94.8,3.8,5,8.0,7.0,0,High,Hybrid,7.97,2024-05,3.450655624568668,0,0,7.5,public benchmark data
E1060,Marketing,Analyst,PhD,3,187.3,90.6,6.1,7,8.9,6.62,1,Low,Hybrid,9.12,2024-06,3.737319807794981,0,0,7.76,public benchmark data
E1060,Finance,Executive,PhD,5,163.4,96.8,4.4,3,7.19,6.94,0,High,Hybrid,11.08,2024-07,1.8359853121175032,0,0,7.065,public benchmark data
E1060,IT,Developer,Masters,3,167.5,97.9,3.8,8,10.0,5.61,0,High,Onsite,20.97,2024-08,4.776119402985075,0,0,7.805,public benchmark data
E1060,IT,Developer,Masters,8,168.8,97.6,5.9,10,8.83,8.73,0,Low,Onsite,11.23,2024-09,5.924170616113743,0,0,8.780000000000001,public benchmark data
E1060,Sales,Associate,Bachelors,2,156.9,99.6,4.5,5,9.27,7.33,0,High,Onsite,9.45,2024-10,3.186743148502231,0,0,8.3,public benchmark data
E1060,Finance,Analyst,Bachelors,7,152.0,92.2,4.2,6,8.61,6.75,1,Medium,Hybrid,17.22,2024-11,3.947368421052632,0,0,7.68,public benchmark data
E1061,Sales,Analyst,PhD,5,157.0,96.1,5.9,7,7.02,5.77,0,High,Onsite,18.38,2024-01,4.45859872611465,0,1,6.395,public benchmark data
E1061,Sales,Manager,Bachelors,2,143.3,100.0,5.0,8,4.56,4.02,1,High,Onsite,19.97,2024-01,5.5826936496859725,0,1,4.289999999999999,public benchmark data
E1061,HR,Analyst,Bachelors,3,174.8,98.5,4.2,8,7.11,4.21,0,Low,Onsite,15.54,2024-03,4.576659038901601,0,1,5.66,public benchmark data
E1061,Sales,Associate,Masters,3,165.8,96.0,1.3,9,6.32,6.16,1,High,Hybrid,13.76,2024-03,5.42822677925211,0,1,6.24,public benchmark data
E1061,Marketing,Developer,Masters,10,173.4,100.0,2.8,3,6.63,8.69,0,High,Remote,9.41,2024-04,1.7301038062283736,0,0,7.66,public benchmark data
E1061,HR,Associate,PhD,3,148.1,97.2,5.4,9,7.27,4.42,0,High,Onsite,12.45,2024-05,6.076975016880486,0,0,5.845,public benchmark data
E1061,Finance,Manager,Masters,4,167.8,92.2,,11,7.31,4.06,0,Low,Hybrid,17.77,2024-06,6.555423122765196,1,0,5.685,public benchmark data
E1061,IT,Executive,PhD,8,164.6,100.0,5.4,8,6.18,8.53,0,Medium,Remote,14.05,2024-07,4.860267314702309,0,0,7.354999999999999,public benchmark data
E1061,Marketing,Manager,Masters,6,143.9,98.8,,8,6.99,4.27,1,High,Remote,6.78,2024-08,5.559416261292564,1,0,5.63,public benchmark data
E1061,IT,Manager,Bachelors,8,158.4,95.3,4.3,5,10.0,9.0,0,Low,Remote,19.48,2024-09,3.156565656565657,0,0,9.5,public benchmark data
E1061,HR,Developer,PhD,4,154.0,91.2,4.9,14,9.3,6.95,0,High,Onsite,20.72,2024-10,9.090909090909092,0,0,8.125,public benchmark data
E1061,Finance,Executive,Bachelors,10,153.4,96.5,3.9,5,7.17,7.2,0,Low,Hybrid,9.57,2024-11,3.259452411994785,0,0,7.1850000000000005,public benchmark data
E1062,IT,Manager,Bachelors,9,154.7,90.2,8.2,4,9.63,5.35,1,Medium,Remote,15.29,2024-01,2.585649644473174,0,1,7.49,public benchmark data
E1062,Marketing,Associate,PhD,8,171.2,98.4,5.4,9,9.78,5.82,0,Medium,Onsite,21.29,2024-01,5.257009345794393,0,1,7.8,public benchmark data
E1062,Finance,Executive,PhD,2,165.9,100.0,2.6,4,7.88,7.88,1,Medium,Hybrid,19.41,2024-03,2.4110910186859558,0,1,7.88,public benchmark data
E1062,HR,Manager,Masters,3,167.0,90.6,5.9,10,5.49,8.15,0,Medium,Remote,13.41,2024-03,5.9880239520958085,0,1,6.82,public benchmark data
E1062,Marketing,Manager,Masters,6,157.5,97.2,6.2,7,7.51,4.43,0,High,Hybrid,12.18,2024-04,4.444444444444445,0,0,5.97,public benchmark data
E1062,HR,Developer,Masters,2,164.5,94.7,5.5,6,5.9,6.76,0,High,Remote,14.98,2024-05,3.64741641337386,0,0,6.33,public benchmark data
E1062,HR,Developer,PhD,8,174.6,95.0,5.9,7,6.1,8.11,1,Low,Remote,8.56,2024-06,4.009163802978236,0,0,7.105,public benchmark data
E1062,IT,Analyst,Bachelors,6,165.9,95.3,0.0,7,7.38,4.63,1,High,Hybrid,12.99,2024-07,4.219409282700422,0,0,6.005,public benchmark data
E1062,HR,Executive,PhD,9,167.7,92.5,4.7,6,,6.41,0,High,Onsite,16.51,2024-08,3.577817531305904,0,0,6.41,public benchmark data
E1062,HR,Manager,Bachelors,6,140.9,100.0,5.7,5,8.63,10.0,0,Low,Remote,17.47,2024-09,3.5486160397445,0,0,9.315,public benchmark data
E1062,Finance,Developer,Bachelors,2,179.8,100.0,2.2,5,8.98,7.35,0,Low,Onsite,8.68,2024-10,2.7808676307007785,0,0,8.165,public benchmark data
E1062,Marketing,Developer,Bachelors,2,164.5,98.7,5.9,10,,6.76,0,Medium,Onsite,11.67,2024-11,6.079027355623101,0,0,6.76,public benchmark data
E1063,Sales,Analyst,Masters,4,159.8,98.1,,6,6.7,7.23,1,Low,Hybrid,13.6,2024-01,3.754693366708385,1,1,6.965,public benchmark data
E1063,Finance,Manager,PhD,2,174.5,94.0,10.0,11,5.73,3.56,0,High,Onsite,19.48,2024-01,6.303724928366762,0,1,4.6450000000000005,public benchmark data
E1063,IT,Executive,PhD,4,145.5,93.8,5.8,5,7.0,6.04,0,Low,Remote,19.45,2024-03,3.436426116838488,0,1,6.52,public benchmark data
E1063,HR,Developer,Masters,2,160.8,94.3,4.0,4,5.54,5.28,0,Medium,Remote,10.43,2024-03,2.487562189054726,0,1,5.41,public benchmark data
E1063,HR,Associate,Masters,2,169.2,87.7,5.1,8,9.49,6.65,0,Low,Remote,9.64,2024-04,4.728132387706856,0,0,8.07,public benchmark data
E1063,IT,Analyst,PhD,5,160.6,88.9,4.4,7,9.59,7.09,0,Medium,Hybrid,12.26,2024-05,4.35865504358655,0,0,8.34,public benchmark data
E1063,Marketing,Executive,Masters,5,148.0,97.2,6.1,3,5.86,9.5,0,Medium,Hybrid,18.07,2024-06,2.027027027027027,0,0,7.68,public benchmark data
E1063,Sales,Executive,PhD,4,163.2,98.8,,5,9.61,5.89,0,High,Onsite,22.11,2024-07,3.063725490196078,1,0,7.75,public benchmark data
E1063,IT,Manager,Masters,4,166.4,100.0,7.1,9,9.62,4.94,2,Low,Onsite,16.03,2024-08,5.408653846153846,0,0,7.279999999999999,public benchmark data
E1063,Marketing,Analyst,PhD,1,140.3,94.7,2.5,3,7.52,9.15,1,High,Onsite,11.01,2024-09,2.1382751247327154,0,0,8.335,public benchmark data
E1063,Finance,Manager,PhD,3,151.7,91.6,6.3,4,8.04,5.87,0,Medium,Hybrid,21.83,2024-10,2.636783124588003,0,0,6.955,public benchmark data
E1063,Finance,Manager,Bachelors,1,158.1,86.1,0.3,7,6.58,5.22,1,High,Onsite,7.06,2024-11,4.427577482605946,0,0,5.9,public benchmark data
E1064,Sales,Developer,Bachelors,8,163.9,89.8,6.3,7,8.14,6.03,0,Low,Hybrid,13.49,2024-01,4.270896888346552,0,1,7.085000000000001,public benchmark data
E1064,Finance,Manager,Bachelors,4,163.4,93.4,7.0,4,6.0,8.56,0,Low,Hybrid,7.73,2024-01,2.4479804161566707,0,1,7.28,public benchmark data
E1064,Sales,Analyst,Masters,8,152.9,95.7,1.7,8,7.55,3.98,0,High,Onsite,13.03,2024-03,5.232177894048397,0,1,5.765,public benchmark data
E1064,Marketing,Manager,PhD,6,169.8,93.4,7.5,4,8.87,8.95,0,Low,Hybrid,13.11,2024-03,2.3557126030624262,0,1,8.91,public benchmark data
E1064,Sales,Manager,PhD,1,162.2,98.3,6.0,10,6.09,3.59,1,High,Onsite,13.52,2024-04,6.165228113440198,0,0,4.84,public benchmark data
E1064,Sales,Executive,Bachelors,10,166.0,92.0,4.7,5,10.0,5.3,1,Medium,Remote,13.71,2024-05,3.0120481927710845,0,0,7.65,public benchmark data
E1064,Finance,Developer,PhD,9,160.1,92.4,3.8,5,8.03,10.0,1,High,Remote,16.21,2024-06,3.1230480949406623,0,0,9.015,public benchmark data
E1064,Finance,Developer,Masters,5,168.0,100.0,4.2,5,10.0,6.42,0,Low,Onsite,13.74,2024-07,2.976190476190476,0,0,8.21,public benchmark data
E1064,IT,Executive,PhD,4,166.4,99.2,6.3,8,,5.25,1,Low,Onsite,12.04,2024-08,4.807692307692308,0,0,5.25,public benchmark data
E1064,HR,Executive,Masters,1,148.3,97.0,3.8,7,4.11,7.56,1,Medium,Remote,5.16,2024-09,4.720161834120026,0,0,5.835,public benchmark data
E1064,Sales,Manager,PhD,3,153.7,100.0,5.4,6,,4.0,0,Medium,Onsite,6.9,2024-10,3.903708523096942,0,0,4.0,public benchmark data
E1064,Sales,Analyst,Masters,1,161.5,93.3,3.9,6,8.49,7.95,0,Medium,Onsite,0.0,2024-11,3.7151702786377703,0,0,8.22,public benchmark data
E1065,HR,Executive,PhD,7,153.1,90.3,3.3,5,6.83,10.0,0,Medium,Hybrid,2.89,2024-01,3.265839320705421,0,1,8.415,public benchmark data
E1065,Marketing,Manager,Bachelors,2,159.5,97.8,1.8,11,7.71,4.4,0,Medium,Onsite,7.86,2024-01,6.896551724137931,0,1,6.055,public benchmark data
E1065,HR,Executive,Masters,7,154.2,100.0,3.7,8,5.82,8.28,0,Medium,Hybrid,16.22,2024-03,5.188067444876784,0,1,7.05,public benchmark data
E1065,HR,Analyst,Masters,10,160.3,97.6,6.8,7,7.67,6.28,1,Low,Onsite,13.44,2024-03,4.366812227074235,0,1,6.975,public benchmark data
E1065,Sales,Developer,PhD,3,161.4,90.5,8.2,7,6.5,6.48,1,High,Hybrid,15.84,2024-04,4.337050805452292,0,0,6.49,public benchmark data
E1065,IT,Manager,Masters,10,165.5,98.0,5.3,7,8.95,9.19,0,Low,Onsite,15.04,2024-05,4.229607250755287,0,0,9.07,public benchmark data
E1065,HR,Manager,Bachelors,5,158.9,98.4,3.3,10,4.49,5.93,0,Low,Onsite,9.89,2024-06,6.293266205160478,0,0,5.21,public benchmark data
E1065,IT,Developer,Masters,9,149.6,98.2,6.3,3,10.0,5.89,0,High,Hybrid,4.63,2024-07,2.005347593582888,0,0,7.945,public benchmark data
E1065,HR,Associate,PhD,8,165.1,100.0,0.2,4,10.0,9.95,2,Medium,Onsite,23.96,2024-08,2.4227740763173835,0,0,9.975,public benchmark data
E1065,HR,Manager,Bachelors,7,160.2,87.0,4.4,3,7.73,5.19,1,High,Remote,12.15,2024-09,1.872659176029963,0,0,6.460000000000001,public benchmark data
E1065,IT,Manager,Masters,9,157.8,91.8,7.1,6,6.44,6.98,0,Low,Onsite,14.96,2024-10,3.802281368821293,0,0,6.710000000000001,public benchmark data
E1065,Sales,Manager,Bachelors,2,165.9,97.7,3.8,8,6.45,9.22,2,High,Remote,10.43,2024-11,4.822182037371911,0,0,7.835000000000001,public benchmark data
E1066,Sales,Developer,Bachelors,6,163.5,94.7,7.1,3,7.85,5.83,0,Medium,Hybrid,9.37,2024-01,1.834862385321101,0,1,6.84,public benchmark data
E1066,Sales,Executive,Masters,1,141.1,93.8,2.7,8,6.22,6.48,1,Low,Onsite,14.46,2024-01,5.669737774627924,0,1,6.35,public benchmark data
E1066,Finance,Analyst,Masters,5,158.5,98.6,5.2,3,6.72,5.69,0,Low,Onsite,17.67,2024-03,1.892744479495268,0,1,6.205,public benchmark data
E1066,Marketing,Associate,PhD,9,172.2,86.7,7.3,12,10.0,6.88,1,Low,Hybrid,8.35,2024-03,6.96864111498258,0,1,8.44,public benchmark data
E1066,Finance,Developer,Masters,3,162.4,93.2,1.9,8,8.49,5.17,1,High,Remote,3.8,2024-04,4.926108374384236,0,0,6.83,public benchmark data
E1066,HR,Manager,Masters,5,167.4,99.8,2.4,5,9.85,10.0,0,Medium,Onsite,6.75,2024-05,2.986857825567503,0,0,9.925,public benchmark data
E1066,Sales,Executive,PhD,9,165.6,89.5,5.9,7,7.79,9.29,0,High,Onsite,4.38,2024-06,4.2270531400966185,0,0,8.54,public benchmark data
E1066,Marketing,Manager,Masters,5,152.3,93.9,5.7,6,6.65,4.51,0,High,Remote,9.49,2024-07,3.939592908732764,0,0,5.58,public benchmark data
E1066,Sales,Associate,Masters,10,142.9,96.1,7.7,7,8.94,9.84,1,Medium,Hybrid,25.25,2024-08,4.89853044086774,0,0,9.39,public benchmark data
E1066,Marketing,Analyst,Masters,3,168.7,98.4,3.4,9,5.23,3.29,2,Medium,Onsite,6.52,2024-09,5.334914048606995,0,0,4.26,public benchmark data
E1066,HR,Analyst,PhD,9,147.4,86.7,5.9,5,6.5,4.02,1,Low,Onsite,13.41,2024-10,3.3921302578018997,0,0,5.26,public benchmark data
E1066,Finance,Manager,Masters,4,150.5,97.5,4.9,9,6.75,10.0,0,High,Remote,11.46,2024-11,5.980066445182724,0,0,8.375,public benchmark data
E1067,Marketing,Executive,Bachelors,7,163.2,100.0,5.9,7,6.45,3.67,0,Low,Onsite,8.61,2024-01,4.28921568627451,0,1,5.0600000000000005,public benchmark data
E1067,IT,Analyst,PhD,1,160.6,86.1,7.1,5,7.21,4.4,0,High,Onsite,10.29,2024-01,3.1133250311332503,0,1,5.805,public benchmark data
E1067,IT,Associate,Masters,4,165.2,95.5,4.0,8,6.07,7.34,0,Medium,Onsite,10.69,2024-03,4.842615012106538,0,1,6.705,public benchmark data
E1067,IT,Executive,PhD,8,157.6,99.8,3.0,3,6.34,4.82,2,Medium,Hybrid,9.54,2024-03,1.903553299492386,0,1,5.58,public benchmark data
E1067,Finance,Associate,Bachelors,7,155.1,99.4,8.8,6,8.85,9.28,0,High,Hybrid,19.21,2024-04,3.8684719535783367,0,0,9.065,public benchmark data
E1067,Finance,Associate,PhD,1,150.4,95.0,4.8,7,5.38,3.22,0,Low,Hybrid,12.41,2024-05,4.654255319148936,0,0,4.3,public benchmark data
E1067,IT,Developer,PhD,6,179.5,92.8,4.4,8,7.66,7.43,0,Medium,Onsite,20.26,2024-06,4.456824512534819,0,0,7.545,public benchmark data
E1067,Sales,Manager,Bachelors,1,160.7,80.9,4.5,4,8.17,4.92,0,Low,Onsite,7.01,2024-07,2.4891101431238334,0,0,6.545,public benchmark data
E1067,Marketing,Executive,Bachelors,2,145.3,89.8,2.8,5,8.09,5.44,0,High,Remote,23.45,2024-08,3.441156228492773,0,0,6.765000000000001,public benchmark data
E1067,HR,Analyst,PhD,1,164.6,92.6,4.7,8,8.2,5.44,0,Low,Onsite,20.25,2024-09,4.860267314702309,0,0,6.82,public benchmark data
E1067,Finance,Executive,Masters,1,161.2,96.1,8.0,8,7.93,7.71,0,Low,Onsite,15.61,2024-10,4.962779156327544,0,0,7.82,public benchmark data
E1067,IT,Associate,PhD,5,172.1,97.9,3.1,6,8.48,5.15,1,Low,Onsite,18.37,2024-11,3.486345148169669,0,0,6.815,public benchmark data
E1068,Marketing,Analyst,Bachelors,2,154.2,100.0,3.5,5,8.78,6.8,1,Medium,Hybrid,15.22,2024-01,3.24254215304799,0,1,7.789999999999999,public benchmark data
E1068,Sales,Associate,Bachelors,9,175.0,91.5,4.0,4,5.64,8.12,0,Medium,Remote,18.56,2024-01,2.2857142857142856,0,1,6.879999999999999,public benchmark data
E1068,Finance,Executive,Bachelors,7,183.9,94.4,5.3,4,6.96,7.21,0,High,Remote,12.29,2024-03,2.175095160413268,0,1,7.085,public benchmark data
E1068,Sales,Analyst,Bachelors,8,169.2,100.0,4.1,5,8.39,5.63,1,High,Hybrid,22.88,2024-03,2.955082742316785,0,1,7.01,public benchmark data
E1068,Marketing,Analyst,Bachelors,8,162.3,100.0,4.5,8,7.03,9.71,1,High,Hybrid,12.69,2024-04,4.929143561306223,0,0,8.370000000000001,public benchmark data
E1068,IT,Developer,Masters,3,166.7,89.1,7.8,6,7.87,3.77,1,High,Hybrid,24.93,2024-05,3.5992801439712063,0,0,5.82,public benchmark data
E1068,Finance,Executive,Bachelors,10,161.7,97.1,3.6,5,8.06,7.6,0,High,Onsite,12.63,2024-06,3.0921459492888066,0,0,7.83,public benchmark data
E1068,Marketing,Developer,PhD,5,154.9,99.4,7.1,5,7.37,8.04,1,Low,Onsite,3.79,2024-07,3.227888960619755,0,0,7.705,public benchmark data
E1068,Marketing,Analyst,PhD,6,155.8,100.0,6.2,3,6.44,9.35,0,Low,Hybrid,24.47,2024-08,1.9255455712451857,0,0,7.895,public benchmark data
E1068,Marketing,Manager,Masters,7,175.4,91.3,2.0,8,8.69,4.68,1,Low,Remote,4.66,2024-09,4.561003420752566,0,0,6.685,public benchmark data
E1068,HR,Executive,Masters,7,169.3,100.0,4.0,8,7.25,8.39,0,Medium,Onsite,12.98,2024-10,4.725339633786178,0,0,7.82,public benchmark data
E1068,HR,Analyst,Masters,3,151.7,93.0,8.4,2,7.39,6.96,0,Low,Remote,10.22,2024-11,1.3183915622940017,0,0,7.175,public benchmark data
E1069,IT,Executive,PhD,4,149.9,100.0,4.8,4,3.6,7.82,1,Low,Remote,8.68,2024-01,2.66844563042028,0,1,5.71,public benchmark data
E1069,Finance,Manager,PhD,4,177.0,98.2,3.3,5,6.41,4.28,0,Low,Onsite,6.88,2024-01,2.824858757062147,0,1,5.345000000000001,public benchmark data
E1069,Sales,Developer,PhD,1,154.7,100.0,9.1,4,9.54,5.52,0,Medium,Onsite,18.06,2024-03,2.585649644473174,0,1,7.529999999999999,public benchmark data
E1069,Sales,Developer,Masters,10,170.6,94.6,1.5,4,6.82,2.9,1,Medium,Hybrid,17.1,2024-03,2.344665885111372,0,1,4.86,public benchmark data
E1069,Sales,Manager,Masters,9,159.5,100.0,4.5,4,7.68,4.57,1,High,Hybrid,0.0,2024-04,2.507836990595611,0,0,6.125,public benchmark data
E1069,IT,Executive,Masters,1,164.3,89.6,3.1,6,6.39,3.85,2,Low,Onsite,13.91,2024-05,3.651856360316494,0,0,5.12,public benchmark data
E1069,Finance,Manager,Masters,8,156.8,98.3,2.9,5,6.4,6.43,0,Medium,Onsite,18.59,2024-06,3.188775510204082,0,0,6.415,public benchmark data
E1069,HR,Analyst,Bachelors,5,154.8,97.6,3.7,9,5.81,7.47,1,Medium,Onsite,11.05,2024-07,5.813953488372093,0,0,6.64,public benchmark data
E1069,HR,Associate,Bachelors,7,171.6,99.5,3.1,5,,6.37,0,Medium,Hybrid,13.39,2024-08,2.913752913752914,0,0,6.37,public benchmark data
E1069,Marketing,Developer,PhD,9,156.6,90.0,6.4,4,6.86,6.42,0,Low,Remote,15.25,2024-09,2.554278416347382,0,0,6.640000000000001,public benchmark data
E1069,IT,Associate,Masters,2,152.5,93.5,3.0,9,8.49,7.57,0,Low,Onsite,9.22,2024-10,5.901639344262295,0,0,8.030000000000001,public benchmark data
E1069,HR,Analyst,Bachelors,4,170.9,96.5,1.7,9,,6.65,0,Low,Remote,15.0,2024-11,5.26623756582797,0,0,6.65,public benchmark data
E1070,Marketing,Associate,Masters,2,159.3,94.6,8.1,3,5.08,2.24,0,High,Remote,8.4,2024-01,1.8832391713747645,0,1,3.66,public benchmark data
E1070,Finance,Executive,Bachelors,9,164.0,95.5,4.7,4,9.4,4.91,1,Low,Remote,12.38,2024-01,2.4390243902439024,0,1,7.155,public benchmark data
E1070,Marketing,Associate,Masters,5,162.2,93.8,4.2,5,5.52,8.16,1,Low,Onsite,16.71,2024-03,3.082614056720099,0,1,6.84,public benchmark data
E1070,Finance,Manager,Masters,10,163.4,97.9,7.1,8,8.41,2.69,1,Low,Remote,15.39,2024-03,4.895960832313341,0,1,5.55,public benchmark data
E1070,Marketing,Developer,Bachelors,6,149.4,93.7,,4,7.64,6.92,0,Low,Onsite,11.9,2024-04,2.677376171352075,1,0,7.279999999999999,public benchmark data
E1070,IT,Executive,PhD,9,160.9,98.7,6.6,5,9.95,7.12,0,Medium,Onsite,20.78,2024-05,3.107520198881293,0,0,8.535,public benchmark data
E1070,Sales,Manager,Masters,2,179.5,95.8,5.1,3,7.35,10.0,0,Medium,Remote,14.16,2024-06,1.6713091922005572,0,0,8.675,public benchmark data
E1070,Sales,Analyst,Bachelors,5,159.0,98.9,3.8,3,6.87,7.65,0,High,Hybrid,19.19,2024-07,1.8867924528301887,0,0,7.26,public benchmark data
E1070,Sales,Executive,Masters,9,148.2,97.2,7.2,4,8.63,5.66,1,Medium,Remote,10.13,2024-08,2.699055330634278,0,0,7.1450000000000005,public benchmark data
E1070,IT,Developer,Bachelors,7,171.1,82.6,4.1,6,7.84,8.53,2,Medium,Remote,17.29,2024-09,3.5067212156633545,0,0,8.184999999999999,public benchmark data
E1070,Sales,Analyst,Bachelors,3,171.4,100.0,7.4,6,6.29,5.27,1,Medium,Hybrid,12.7,2024-10,3.5005834305717616,0,0,5.779999999999999,public benchmark data
E1070,HR,Executive,PhD,2,171.0,100.0,6.7,2,10.0,6.59,0,High,Onsite,10.64,2024-11,1.1695906432748535,0,0,8.295,public benchmark data
E1071,HR,Analyst,PhD,2,134.7,94.7,,7,7.65,6.58,1,Medium,Hybrid,15.33,2024-01,5.1967334818114335,1,1,7.115,public benchmark data
E1071,IT,Associate,Bachelors,10,161.7,90.4,6.2,8,7.65,10.0,0,Medium,Hybrid,10.41,2024-01,4.94743351886209,0,1,8.825,public benchmark data
E1071,Sales,Associate,PhD,5,160.3,95.1,5.9,5,5.21,7.75,0,Medium,Hybrid,8.13,2024-03,3.119151590767311,0,1,6.48,public benchmark data
E1071,IT,Developer,Masters,3,154.1,93.9,8.1,11,5.94,9.09,0,Low,Remote,11.73,2024-03,7.138221933809215,0,1,7.515000000000001,public benchmark data
E1071,HR,Associate,PhD,8,166.7,92.9,3.8,7,9.07,8.69,0,High,Hybrid,9.44,2024-04,4.199160167966407,0,0,8.879999999999999,public benchmark data
E1071,Marketing,Executive,Bachelors,1,162.3,100.0,3.5,8,6.93,9.55,0,Medium,Onsite,10.04,2024-05,4.929143561306223,0,0,8.24,public benchmark data
E1071,IT,Executive,Bachelors,2,167.2,92.1,2.5,4,8.1,4.67,1,Low,Onsite,19.64,2024-06,2.392344497607656,0,0,6.385,public benchmark data
E1071,Sales,Manager,PhD,4,171.9,99.5,3.6,3,8.01,4.55,1,Medium,Onsite,0.61,2024-07,1.7452006980802792,0,0,6.279999999999999,public benchmark data
E1071,IT,Associate,Masters,6,156.0,94.2,6.3,8,10.0,7.82,1,Medium,Hybrid,9.55,2024-08,5.128205128205128,0,0,8.91,public benchmark data
E1071,HR,Manager,Masters,8,162.3,93.3,6.8,10,,5.23,0,High,Remote,12.4,2024-09,6.161429451632778,0,0,5.23,public benchmark data
E1071,Marketing,Analyst,Masters,4,160.7,89.3,4.9,6,,6.98,0,High,Remote,7.57,2024-10,3.7336652146857503,0,0,6.98,public benchmark data
E1071,HR,Associate,PhD,3,162.5,91.5,2.3,5,8.38,4.41,0,High,Remote,8.6,2024-11,3.076923076923077,0,0,6.3950000000000005,public benchmark data
E1072,HR,Developer,Bachelors,3,166.4,93.1,3.2,3,7.1,8.72,0,Low,Hybrid,0.0,2024-01,1.8028846153846152,0,1,7.91,public benchmark data
E1072,Marketing,Associate,Bachelors,9,176.3,99.3,7.3,7,9.05,4.1,1,Low,Hybrid,13.63,2024-01,3.970504821327283,0,1,6.575,public benchmark data
E1072,HR,Analyst,PhD,6,175.3,93.0,4.1,9,9.8,6.74,1,Medium,Remote,10.27,2024-03,5.134055904164289,0,1,8.27,public benchmark data
E1072,Finance,Developer,PhD,10,165.4,98.8,5.0,4,4.59,6.9,1,Medium,Hybrid,6.57,2024-03,2.418379685610641,0,1,5.745,public benchmark data
E1072,Marketing,Developer,Bachelors,9,176.1,97.4,0.8,5,8.33,7.37,1,Low,Remote,5.99,2024-04,2.839295854628052,0,0,7.85,public benchmark data
E1072,Sales,Executive,PhD,2,151.9,97.4,3.7,4,7.86,5.71,0,High,Hybrid,9.4,2024-05,2.633311389071758,0,0,6.785,public benchmark data
E1072,Sales,Manager,Masters,5,170.4,100.0,5.8,6,7.78,6.09,0,Medium,Hybrid,18.61,2024-06,3.5211267605633805,0,0,6.9350000000000005,public benchmark data
E1072,IT,Manager,PhD,10,157.0,92.8,5.4,4,7.55,4.43,0,Medium,Remote,11.35,2024-07,2.547770700636943,0,0,5.99,public benchmark data
E1072,Finance,Manager,Masters,2,142.8,93.4,3.6,10,7.11,7.76,1,Medium,Remote,17.48,2024-08,7.002801120448179,0,0,7.435,public benchmark data
E1072,Finance,Developer,PhD,7,154.8,100.0,5.2,6,7.25,8.45,1,High,Onsite,15.25,2024-09,3.875968992248062,0,0,7.85,public benchmark data
E1072,IT,Executive,Masters,9,168.6,98.7,5.6,2,9.48,7.51,2,High,Remote,9.21,2024-10,1.1862396204033214,0,0,8.495000000000001,public benchmark data
E1072,Finance,Analyst,PhD,7,153.1,94.4,5.3,1,9.7,9.45,0,Medium,Hybrid,15.65,2024-11,0.6531678641410843,0,0,9.575,public benchmark data
E1073,HR,Executive,Masters,9,146.6,97.7,8.1,8,9.55,8.52,0,Low,Remote,20.27,2024-01,5.457025920873124,0,1,9.035,public benchmark data
E1073,Sales,Associate,Masters,8,173.3,90.6,8.9,5,6.4,8.76,0,Low,Hybrid,12.51,2024-01,2.8851702250432774,0,1,7.58,public benchmark data
E1073,IT,Manager,Masters,7,157.6,93.9,9.5,6,7.58,7.73,1,High,Hybrid,19.27,2024-03,3.807106598984772,0,1,7.655,public benchmark data
E1073,Sales,Executive,PhD,6,167.3,100.0,5.1,5,6.56,7.32,0,High,Onsite,18.92,2024-03,2.9886431560071727,0,1,6.94,public benchmark data
E1073,IT,Executive,Bachelors,4,162.5,97.4,4.5,4,6.91,9.3,1,Low,Onsite,7.72,2024-04,2.4615384615384617,0,0,8.105,public benchmark data
E1073,HR,Developer,Bachelors,4,153.6,84.9,5.8,2,7.87,9.02,0,Medium,Hybrid,11.79,2024-05,1.3020833333333337,0,0,8.445,public benchmark data
E1073,IT,Analyst,Masters,3,156.5,96.9,4.7,5,6.6,5.14,0,Medium,Hybrid,18.6,2024-06,3.1948881789137378,0,0,5.869999999999999,public benchmark data
E1073,Sales,Manager,PhD,9,138.2,94.7,1.6,7,5.69,4.23,1,Low,Onsite,15.94,2024-07,5.065123010130247,0,0,4.960000000000001,public benchmark data
E1073,Finance,Developer,PhD,9,162.3,98.1,4.6,11,4.83,10.0,0,Medium,Onsite,4.98,2024-08,6.777572396796057,0,0,7.415,public benchmark data
E1073,Sales,Associate,PhD,8,159.5,91.4,4.6,9,9.4,4.71,0,Medium,Remote,14.27,2024-09,5.6426332288401255,0,0,7.055,public benchmark data
E1073,IT,Analyst,PhD,6,159.5,92.1,7.8,5,6.88,5.45,1,High,Onsite,27.31,2024-10,3.1347962382445136,0,0,6.165,public benchmark data
E1073,Finance,Manager,Masters,2,157.9,90.2,6.6,2,6.86,4.32,2,Low,Onsite,12.07,2024-11,1.2666244458518048,0,0,5.59,public benchmark data
E1074,Marketing,Executive,Bachelors,7,152.0,100.0,5.9,9,8.86,6.82,0,High,Onsite,20.05,2024-01,5.921052631578947,0,1,7.84,public benchmark data
E1074,IT,Analyst,PhD,9,168.9,88.6,3.7,7,8.36,8.51,0,Medium,Hybrid,17.53,2024-01,4.144464179988158,0,1,8.434999999999999,public benchmark data
E1074,HR,Manager,Masters,10,160.2,95.2,9.5,7,7.32,7.03,0,Low,Hybrid,12.36,2024-03,4.369538077403246,0,1,7.175000000000001,public benchmark data
E1074,IT,Associate,Bachelors,10,159.2,86.2,2.6,7,6.99,9.94,0,Low,Remote,14.76,2024-03,4.396984924623116,0,1,8.465,public benchmark data
E1074,Marketing,Analyst,PhD,7,155.8,95.1,3.8,7,7.99,8.11,0,High,Hybrid,19.47,2024-04,4.492939666238768,0,0,8.05,public benchmark data
E1074,Finance,Developer,Masters,8,150.7,90.1,5.6,6,5.65,9.46,0,Medium,Remote,16.4,2024-05,3.981420039814201,0,0,7.555000000000001,public benchmark data
E1074,Finance,Executive,Masters,10,148.9,95.5,3.9,6,5.88,8.54,1,Medium,Hybrid,13.99,2024-06,4.029550033579583,0,0,7.209999999999999,public benchmark data
E1074,Marketing,Associate,Masters,5,148.6,96.2,7.0,4,6.56,8.18,0,High,Onsite,14.66,2024-07,2.6917900403768504,0,0,7.369999999999999,public benchmark data
E1074,HR,Associate,PhD,8,143.9,100.0,7.2,5,7.46,8.85,0,Medium,Hybrid,8.71,2024-08,3.4746351633078527,0,0,8.155,public benchmark data
E1074,Marketing,Associate,Masters,4,163.0,94.7,10.9,14,8.14,5.04,0,Medium,Hybrid,14.0,2024-09,8.588957055214724,0,0,6.59,public benchmark data
E1074,HR,Developer,Bachelors,6,160.6,100.0,1.2,7,8.05,6.74,0,Medium,Remote,15.01,2024-10,4.35865504358655,0,0,7.395,public benchmark data
E1074,Finance,Analyst,Masters,3,161.0,91.2,6.7,8,6.69,2.84,0,High,Hybrid,14.37,2024-11,4.968944099378882,0,0,4.765000000000001,public benchmark data
E1075,Finance,Executive,Bachelors,5,152.7,87.4,5.0,11,5.84,4.69,0,High,Onsite,9.9,2024-01,7.203667321545515,0,1,5.265000000000001,public benchmark data
E1075,HR,Associate,Masters,4,154.1,87.8,6.4,4,7.98,5.06,1,High,Remote,19.16,2024-01,2.5957170668397147,0,1,6.52,public benchmark data
E1075,IT,Manager,PhD,3,160.1,100.0,6.6,6,10.0,5.31,0,Medium,Remote,23.03,2024-03,3.7476577139287945,0,1,7.654999999999999,public benchmark data
E1075,Finance,Developer,Masters,7,156.4,88.5,7.9,5,6.46,6.0,0,Medium,Hybrid,15.52,2024-03,3.1969309462915603,0,1,6.23,public benchmark data
E1075,HR,Associate,PhD,9,159.9,98.5,3.2,5,6.51,4.98,0,High,Onsite,5.16,2024-04,3.126954346466541,0,0,5.745,public benchmark data
E1075,Finance,Executive,PhD,8,149.3,93.9,6.3,4,6.14,7.6,1,High,Hybrid,5.0,2024-05,2.6791694574681846,0,0,6.869999999999999,public benchmark data
E1075,Sales,Analyst,PhD,7,150.7,93.7,3.8,10,9.35,4.93,0,Medium,Onsite,13.31,2024-06,6.635700066357002,0,0,7.14,public benchmark data
E1075,Marketing,Executive,Masters,2,162.1,98.0,2.9,10,9.56,6.85,1,Low,Remote,12.03,2024-07,6.169031462060456,0,0,8.205,public benchmark data
E1075,IT,Analyst,PhD,5,156.3,99.1,5.5,7,7.06,7.8,1,High,Onsite,18.58,2024-08,4.478566858605245,0,0,7.43,public benchmark data
E1075,Finance,Manager,Bachelors,4,160.0,95.2,4.0,4,6.83,5.25,0,Medium,Onsite,17.11,2024-09,2.5,0,0,6.04,public benchmark data
E1075,Finance,Developer,Masters,4,157.2,100.0,6.3,9,8.56,4.76,0,Medium,Remote,18.74,2024-10,5.725190839694657,0,0,6.66,public benchmark data
E1075,Marketing,Analyst,Masters,4,152.9,90.9,5.3,2,10.0,6.96,1,Low,Remote,14.48,2024-11,1.3080444735120993,0,0,8.48,public benchmark data
E1076,HR,Associate,PhD,1,168.3,97.7,6.5,5,7.88,4.74,1,High,Onsite,8.77,2024-01,2.9708853238265003,0,1,6.3100000000000005,public benchmark data
E1076,Sales,Executive,PhD,10,174.2,88.5,5.4,6,8.6,7.84,1,Low,Hybrid,8.48,2024-01,3.444316877152698,0,1,8.219999999999999,public benchmark data
E1076,Sales,Associate,Masters,5,159.5,91.3,7.3,5,8.58,6.9,1,Medium,Onsite,10.99,2024-03,3.1347962382445136,0,1,7.74,public benchmark data
E1076,IT,Executive,Bachelors,2,156.8,94.8,4.3,3,7.15,8.11,0,Medium,Remote,6.24,2024-03,1.9132653061224487,0,1,7.63,public benchmark data
E1076,Marketing,Developer,Bachelors,7,152.6,90.4,7.1,6,,3.74,0,Medium,Hybrid,19.44,2024-04,3.931847968545216,0,0,3.74,public benchmark data
E1076,IT,Manager,Masters,10,175.5,86.7,1.1,4,7.37,7.51,1,Medium,Hybrid,5.74,2024-05,2.2792022792022792,0,0,7.439999999999999,public benchmark data
E1076,IT,Analyst,PhD,3,149.2,95.4,10.3,4,5.78,6.7,1,Low,Onsite,17.21,2024-06,2.680965147453083,0,0,6.24,public benchmark data
E1076,Sales,Analyst,Bachelors,10,161.3,91.9,4.0,7,7.61,6.25,0,Low,Hybrid,14.88,2024-07,4.339739615623063,0,0,6.93,public benchmark data
E1076,IT,Developer,Bachelors,10,149.5,98.6,3.6,10,7.19,5.26,0,Low,Hybrid,20.59,2024-08,6.688963210702341,0,0,6.225,public benchmark data
E1076,Sales,Developer,Masters,3,163.5,88.4,,6,8.22,5.35,0,Medium,Remote,12.85,2024-09,3.669724770642202,1,0,6.785,public benchmark data
E1076,Sales,Manager,Bachelors,3,142.2,95.9,5.9,4,6.63,8.02,1,High,Onsite,16.22,2024-10,2.8129395218002817,0,0,7.324999999999999,public benchmark data
E1076,Finance,Manager,Masters,8,181.3,98.3,0.0,6,8.82,7.15,1,High,Onsite,18.28,2024-11,3.309431880860452,0,0,7.985,public benchmark data
E1077,HR,Manager,PhD,10,185.5,100.0,4.0,5,5.32,6.19,1,High,Onsite,8.89,2024-01,2.6954177897574128,0,1,5.755000000000001,public benchmark data
E1077,IT,Analyst,Masters,3,168.4,82.2,0.7,15,9.04,6.11,0,Low,Onsite,9.23,2024-01,8.907363420427552,0,1,7.574999999999999,public benchmark data
E1077,Sales,Associate,PhD,1,164.0,95.5,2.7,8,9.62,7.3,1,Medium,Onsite,12.66,2024-03,4.878048780487805,0,1,8.459999999999999,public benchmark data
E1077,HR,Manager,Masters,6,173.1,91.4,4.5,14,4.0,8.03,1,Medium,Remote,18.84,2024-03,8.087810514153668,0,1,6.015,public benchmark data
E1077,Marketing,Associate,PhD,4,155.9,95.9,,8,7.96,4.53,0,Medium,Remote,7.54,2024-04,5.131494547787042,1,0,6.245,public benchmark data
E1077,IT,Analyst,Masters,3,163.5,93.3,6.0,6,9.72,5.6,1,Medium,Onsite,13.49,2024-05,3.669724770642202,0,0,7.66,public benchmark data
E1077,IT,Developer,Bachelors,1,159.3,99.3,7.3,3,6.39,6.67,0,Low,Onsite,12.98,2024-06,1.8832391713747645,0,0,6.529999999999999,public benchmark data
E1077,IT,Executive,PhD,10,167.9,97.6,7.5,2,4.47,10.0,1,Low,Hybrid,12.7,2024-07,1.1911852293031566,0,0,7.234999999999999,public benchmark data
E1077,Marketing,Executive,Bachelors,6,145.2,95.8,5.5,10,10.0,9.92,0,Medium,Hybrid,14.75,2024-08,6.887052341597796,0,0,9.96,public benchmark data
E1077,HR,Developer,PhD,5,161.1,93.4,6.0,4,8.65,4.61,0,Medium,Hybrid,16.43,2024-09,2.4829298572315333,0,0,6.630000000000001,public benchmark data
E1077,Marketing,Manager,PhD,8,174.5,88.1,1.0,4,7.87,6.87,0,Low,Hybrid,19.79,2024-10,2.292263610315186,0,0,7.37,public benchmark data
E1077,HR,Manager,Bachelors,3,162.1,94.0,6.7,7,6.15,5.75,0,High,Onsite,15.67,2024-11,4.318322023442319,0,0,5.95,public benchmark data
E1078,Sales,Developer,Masters,9,156.4,90.6,6.1,4,9.36,8.29,0,Low,Hybrid,14.84,2024-01,2.557544757033248,0,1,8.825,public benchmark data
E1078,Finance,Developer,PhD,1,160.6,96.5,4.2,2,10.0,6.85,0,Low,Onsite,13.45,2024-01,1.2453300124533002,0,1,8.425,public benchmark data
E1078,HR,Analyst,Masters,4,162.5,94.5,10.5,4,7.09,7.46,1,High,Onsite,16.07,2024-03,2.4615384615384617,0,1,7.275,public benchmark data
E1078,Marketing,Analyst,PhD,8,145.7,90.5,5.9,7,9.11,5.3,1,High,Hybrid,13.69,2024-03,4.80439258750858,0,1,7.205,public benchmark data
E1078,IT,Developer,Bachelors,9,151.1,94.9,3.4,1,7.17,5.93,0,High,Hybrid,7.4,2024-04,0.6618133686300464,0,0,6.55,public benchmark data
E1078,Marketing,Manager,Masters,8,159.9,100.0,5.5,4,5.48,7.1,0,Low,Onsite,14.27,2024-05,2.5015634771732334,0,0,6.29,public benchmark data
E1078,Sales,Executive,PhD,10,174.1,88.5,5.7,5,5.23,7.57,0,Low,Remote,22.5,2024-06,2.871912693854107,0,0,6.4,public benchmark data
E1078,Marketing,Executive,Masters,4,165.8,99.4,3.7,8,8.55,7.32,1,High,Remote,8.6,2024-07,4.82509047044632,0,0,7.935,public benchmark data
E1078,Finance,Executive,Bachelors,8,144.6,100.0,4.6,5,7.36,6.92,0,High,Remote,20.94,2024-08,3.457814661134164,0,0,7.140000000000001,public benchmark data
E1078,IT,Developer,Masters,3,158.9,98.4,4.7,6,9.8,7.3,0,Low,Onsite,17.76,2024-09,3.775959723096287,0,0,8.55,public benchmark data
E1078,HR,Manager,Bachelors,3,151.1,92.7,7.1,7,7.3,4.39,0,High,Hybrid,11.03,2024-10,4.632693580410324,0,0,5.845,public benchmark data
E1078,Sales,Executive,Bachelors,6,160.0,96.8,3.4,2,7.38,4.53,0,High,Onsite,22.05,2024-11,1.25,0,0,5.955,public benchmark data
E1079,HR,Analyst,PhD,9,164.8,98.3,3.8,10,5.84,5.32,1,Low,Remote,7.79,2024-01,6.067961165048543,0,1,5.58,public benchmark data
E1079,Finance,Analyst,Masters,1,137.7,100.0,0.2,9,5.61,8.74,0,Low,Onsite,12.51,2024-01,6.535947712418301,0,1,7.175000000000001,public benchmark data
E1079,IT,Manager,Masters,3,151.2,100.0,5.1,7,6.88,6.04,0,Medium,Hybrid,16.53,2024-03,4.62962962962963,0,1,6.46,public benchmark data
E1079,Finance,Developer,PhD,3,155.8,97.4,4.4,7,4.15,8.46,0,Low,Onsite,13.3,2024-03,4.492939666238768,0,1,6.305000000000001,public benchmark data
E1079,HR,Manager,Bachelors,9,165.2,92.5,6.5,3,4.97,8.48,1,High,Hybrid,16.32,2024-04,1.815980629539952,0,0,6.725,public benchmark data
E1079,IT,Analyst,Masters,8,168.2,87.5,7.9,5,7.88,6.45,0,Medium,Hybrid,13.23,2024-05,2.9726516052318672,0,0,7.165,public benchmark data
E1079,Finance,Manager,Masters,3,157.7,90.2,1.2,3,5.11,5.62,1,Medium,Onsite,17.95,2024-06,1.902346227013317,0,0,5.365,public benchmark data
E1079,HR,Developer,Masters,10,150.1,98.8,5.2,5,9.04,6.01,0,Medium,Remote,8.62,2024-07,3.3311125916055966,0,0,7.524999999999999,public benchmark data
E1079,Sales,Developer,Masters,10,137.3,95.5,6.7,9,6.25,9.57,0,High,Onsite,14.05,2024-08,6.5549890750182085,0,0,7.91,public benchmark data
E1079,HR,Executive,PhD,3,169.9,94.4,2.9,9,9.49,6.49,0,High,Onsite,17.48,2024-09,5.29723366686286,0,0,7.99,public benchmark data
E1079,IT,Manager,Masters,4,157.0,95.5,2.8,7,8.74,4.2,1,High,Remote,12.39,2024-10,4.45859872611465,0,0,6.470000000000001,public benchmark data
E1079,Marketing,Developer,Bachelors,3,169.6,96.5,2.9,5,8.71,5.93,0,High,Remote,8.67,2024-11,2.94811320754717,0,0,7.32,public benchmark data
E1080,Finance,Associate,Bachelors,5,161.4,92.2,3.3,5,9.65,7.62,0,High,Hybrid,15.33,2024-01,3.097893432465923,0,1,8.635,public benchmark data
E1080,IT,Developer,Masters,5,164.9,97.5,7.9,5,8.23,7.56,0,Low,Remote,18.28,2024-01,3.032140691328077,0,1,7.895,public benchmark data
E1080,Sales,Manager,Bachelors,7,167.0,95.6,2.8,4,5.35,4.44,1,Medium,Hybrid,11.36,2024-03,2.395209580838324,0,1,4.895,public benchmark data
E1080,Finance,Manager,PhD,7,154.1,87.6,5.9,4,7.22,7.01,0,High,Hybrid,14.96,2024-03,2.5957170668397147,0,1,7.115,public benchmark data
E1080,Marketing,Associate,Bachelors,6,147.6,94.2,4.0,8,8.93,6.81,0,High,Remote,3.17,2024-04,5.420054200542006,0,0,7.869999999999999,public benchmark data
E1080,Marketing,Associate,PhD,1,171.7,95.0,1.8,4,8.44,4.76,0,High,Hybrid,8.84,2024-05,2.3296447291788005,0,0,6.6,public benchmark data
E1080,HR,Developer,PhD,2,148.4,94.8,5.3,4,6.69,8.88,0,High,Onsite,4.34,2024-06,2.6954177897574123,0,0,7.785,public benchmark data
E1080,Sales,Analyst,PhD,6,165.1,87.0,6.0,4,8.41,6.19,0,High,Hybrid,16.88,2024-07,2.4227740763173835,0,0,7.300000000000001,public benchmark data
E1080,Sales,Executive,PhD,4,155.8,94.6,2.8,5,6.85,7.64,0,High,Onsite,4.82,2024-08,3.209242618741977,0,0,7.244999999999999,public benchmark data
E1080,HR,Executive,PhD,6,155.7,91.5,5.4,5,8.15,8.72,0,Medium,Remote,5.38,2024-09,3.211303789338472,0,0,8.435,public benchmark data
E1080,IT,Manager,Masters,4,156.0,94.5,6.5,5,7.24,7.87,0,Medium,Onsite,21.5,2024-10,3.205128205128205,0,0,7.555,public benchmark data
E1080,Finance,Analyst,Bachelors,7,171.4,90.8,9.7,4,8.53,10.0,1,High,Onsite,16.78,2024-11,2.3337222870478413,0,0,9.265,public benchmark data
E1081,Marketing,Developer,Masters,3,167.4,90.5,2.0,5,7.74,4.6,0,Low,Onsite,17.26,2024-01,2.986857825567503,0,1,6.17,public benchmark data
E1081,Sales,Developer,PhD,1,162.9,95.1,5.0,7,8.27,6.77,0,Medium,Onsite,18.98,2024-01,4.297114794352364,0,1,7.52,public benchmark data
E1081,Sales,Developer,Masters,7,170.4,94.0,6.3,4,8.3,4.63,1,Low,Remote,14.19,2024-03,2.3474178403755865,0,1,6.465,public benchmark data
E1081,HR,Manager,Masters,7,166.5,96.1,5.4,10,,5.2,0,Medium,Onsite,12.48,2024-03,6.006006006006006,0,1,5.2,public benchmark data
E1081,Marketing,Associate,Bachelors,10,177.9,85.3,6.2,4,7.77,8.79,0,Low,Hybrid,14.35,2024-04,2.2484541877459243,0,0,8.28,public benchmark data
E1081,Marketing,Analyst,PhD,8,161.0,91.3,3.4,14,6.29,9.34,1,High,Onsite,14.54,2024-05,8.695652173913043,0,0,7.814999999999999,public benchmark data
E1081,Sales,Analyst,Masters,8,147.8,96.3,3.4,8,,8.3,0,Low,Onsite,13.79,2024-06,5.412719891745602,0,0,8.3,public benchmark data
E1081,Sales,Analyst,PhD,9,166.3,92.5,2.8,10,,6.77,0,High,Hybrid,7.05,2024-07,6.013229104028863,0,0,6.77,public benchmark data
E1081,Sales,Analyst,PhD,7,157.5,89.4,4.8,2,8.2,8.03,0,Medium,Onsite,12.8,2024-08,1.2698412698412698,0,0,8.114999999999998,public benchmark data
E1081,HR,Executive,Bachelors,6,142.4,97.9,2.1,3,10.0,10.0,0,Medium,Remote,18.6,2024-09,2.106741573033708,0,0,10.0,public benchmark data
E1081,Finance,Associate,PhD,10,171.9,93.6,5.6,7,7.48,4.13,0,Medium,Hybrid,24.52,2024-10,4.072134962187318,0,0,5.805,public benchmark data
E1081,HR,Manager,Bachelors,9,158.4,88.4,,5,8.58,8.33,1,Medium,Onsite,14.86,2024-11,3.156565656565657,1,0,8.455,public benchmark data
E1082,Sales,Manager,Masters,1,161.6,92.3,,7,,7.38,0,High,Onsite,13.4,2024-01,4.331683168316832,1,1,7.38,public benchmark data
E1082,IT,Manager,Masters,8,161.0,92.7,5.0,8,5.9,8.44,1,Low,Remote,13.69,2024-01,4.968944099378882,0,1,7.17,public benchmark data
E1082,IT,Analyst,Bachelors,6,169.8,90.0,3.1,8,7.7,10.0,1,Medium,Onsite,8.79,2024-03,4.7114252061248525,0,1,8.85,public benchmark data
E1082,Marketing,Manager,Masters,10,150.4,86.2,4.6,4,7.02,6.05,1,Medium,Hybrid,20.89,2024-03,2.6595744680851063,0,1,6.535,public benchmark data
E1082,Marketing,Associate,Bachelors,4,170.8,100.0,1.4,7,5.66,6.35,0,Medium,Onsite,14.49,2024-04,4.098360655737705,0,0,6.005,public benchmark data
E1082,Marketing,Manager,PhD,8,181.4,99.8,5.5,11,8.26,8.6,1,Medium,Hybrid,9.61,2024-05,6.063947078280044,0,0,8.43,public benchmark data
E1082,Sales,Associate,Bachelors,7,178.1,89.1,1.9,6,5.82,5.55,0,High,Hybrid,9.31,2024-06,3.368893879842785,0,0,5.6850000000000005,public benchmark data
E1082,IT,Executive,Bachelors,5,159.9,92.1,3.9,7,8.32,8.0,1,Medium,Hybrid,4.82,2024-07,4.377736085053159,0,0,8.16,public benchmark data
E1082,Marketing,Associate,Masters,5,162.3,95.4,2.5,2,5.52,8.81,1,High,Remote,16.75,2024-08,1.2322858903265557,0,0,7.165,public benchmark data
E1082,Sales,Associate,PhD,2,137.8,96.8,5.1,3,7.04,7.04,2,Low,Remote,15.91,2024-09,2.177068214804064,0,0,7.04,public benchmark data
E1082,Sales,Analyst,Masters,4,144.5,91.9,5.2,6,7.34,4.62,0,Medium,Onsite,10.92,2024-10,4.1522491349480966,0,0,5.98,public benchmark data
E1082,IT,Developer,PhD,4,155.0,100.0,3.4,5,7.26,8.29,0,High,Hybrid,26.0,2024-11,3.225806451612903,0,0,7.774999999999999,public benchmark data
E1083,Marketing,Analyst,PhD,10,163.8,100.0,3.5,6,,6.64,0,High,Remote,18.02,2024-01,3.6630036630036624,0,1,6.64,public benchmark data
E1083,Marketing,Executive,Bachelors,4,167.5,93.0,0.6,4,8.21,3.81,0,Low,Hybrid,18.96,2024-01,2.388059701492537,0,1,6.010000000000001,public benchmark data
E1083,Finance,Analyst,PhD,6,160.9,97.0,3.3,7,9.41,10.0,0,Low,Hybrid,8.51,2024-03,4.350528278433809,0,1,9.705,public benchmark data
E1083,IT,Associate,PhD,2,153.8,98.9,7.1,6,5.59,5.83,1,High,Hybrid,15.0,2024-03,3.901170351105331,0,1,5.71,public benchmark data
E1083,Finance,Manager,Masters,6,155.4,90.0,4.2,7,9.25,7.81,0,High,Remote,11.15,2024-04,4.504504504504505,0,0,8.53,public benchmark data
E1083,Marketing,Associate,PhD,7,159.7,91.2,6.1,6,6.35,6.52,0,High,Remote,10.26,2024-05,3.757044458359424,0,0,6.435,public benchmark data
E1083,Marketing,Analyst,Masters,10,157.9,98.0,3.1,0,9.1,9.83,0,Low,Hybrid,9.87,2024-06,0.0,0,0,9.465,public benchmark data
E1083,HR,Manager,Masters,4,156.4,89.3,3.7,5,,8.58,0,Low,Onsite,20.41,2024-07,3.1969309462915603,0,0,8.58,public benchmark data
E1083,HR,Executive,Masters,4,172.3,86.3,2.6,9,6.58,8.07,0,Low,Remote,15.37,2024-08,5.22344747533372,0,0,7.325,public benchmark data
E1083,Finance,Executive,Bachelors,6,178.6,91.9,6.4,6,9.51,10.0,0,High,Remote,12.75,2024-09,3.3594624860022395,0,0,9.755,public benchmark data
E1083,IT,Associate,Bachelors,4,162.5,95.0,5.0,3,6.48,9.38,0,Medium,Remote,6.2,2024-10,1.8461538461538465,0,0,7.930000000000001,public benchmark data
E1083,HR,Associate,PhD,6,163.2,93.7,2.6,7,,5.92,0,High,Hybrid,11.13,2024-11,4.28921568627451,0,0,5.92,public benchmark data
E1084,IT,Associate,Masters,5,179.2,95.2,9.0,5,8.27,4.33,1,Low,Hybrid,6.02,2024-01,2.790178571428572,0,1,6.3,public benchmark data
E1084,Finance,Manager,Masters,5,163.1,100.0,1.9,4,9.67,5.72,0,Medium,Remote,10.0,2024-01,2.452483139178418,0,1,7.695,public benchmark data
E1084,Finance,Associate,Bachelors,10,181.7,100.0,0.7,4,7.98,5.91,0,Low,Hybrid,8.52,2024-03,2.2014309301045683,0,1,6.945,public benchmark data
E1084,Finance,Executive,PhD,4,168.2,91.4,3.7,6,6.82,5.72,0,Medium,Onsite,6.53,2024-03,3.567181926278241,0,1,6.27,public benchmark data
E1084,Finance,Associate,PhD,4,173.0,95.3,4.6,9,6.58,6.88,1,High,Hybrid,12.65,2024-04,5.202312138728324,0,0,6.73,public benchmark data
E1084,IT,Executive,Masters,2,148.7,97.0,4.0,6,10.0,4.15,1,Medium,Onsite,21.53,2024-05,4.034969737726967,0,0,7.075,public benchmark data
E1084,HR,Executive,Bachelors,6,170.2,100.0,7.0,10,8.54,7.81,1,High,Hybrid,3.17,2024-06,5.875440658049355,0,0,8.174999999999999,public benchmark data
E1084,HR,Developer,Bachelors,1,150.3,100.0,3.8,7,8.26,7.49,1,Medium,Remote,8.59,2024-07,4.657351962741184,0,0,7.875,public benchmark data
E1084,Marketing,Analyst,Bachelors,1,151.9,100.0,5.1,8,10.0,8.69,0,Low,Hybrid,17.32,2024-08,5.266622778143516,0,0,9.345,public benchmark data
E1084,Finance,Manager,Masters,7,173.5,98.1,6.6,1,8.38,7.33,0,Medium,Hybrid,20.68,2024-09,0.5763688760806917,0,0,7.855,public benchmark data
E1084,IT,Manager,Bachelors,6,191.0,95.1,5.3,9,9.39,7.89,0,Medium,Hybrid,20.84,2024-10,4.712041884816754,0,0,8.64,public benchmark data
E1084,HR,Associate,PhD,10,147.9,94.8,5.9,10,,8.32,0,Medium,Remote,10.16,2024-11,6.761325219743069,0,0,8.32,public benchmark data
E1085,Marketing,Associate,Masters,2,158.0,90.5,4.8,6,8.17,9.26,0,Low,Hybrid,14.22,2024-01,3.79746835443038,0,1,8.715,public benchmark data
E1085,Finance,Associate,Bachelors,4,150.0,100.0,5.2,12,,6.61,0,Low,Hybrid,15.61,2024-01,8.0,0,1,6.61,public benchmark data
E1085,HR,Associate,Bachelors,3,154.8,97.8,2.1,4,7.7,7.24,0,Medium,Hybrid,8.41,2024-03,2.5839793281653747,0,1,7.470000000000001,public benchmark data
E1085,Marketing,Developer,Bachelors,4,162.1,96.5,4.4,5,8.11,5.59,1,Medium,Onsite,12.3,2024-03,3.084515731030228,0,1,6.85,public benchmark data
E1085,IT,Analyst,Masters,8,160.8,100.0,4.8,8,7.77,8.84,2,Medium,Remote,13.6,2024-04,4.975124378109452,0,0,8.305,public benchmark data
E1085,IT,Associate,PhD,2,174.9,88.2,3.8,4,8.86,7.14,0,Medium,Hybrid,18.38,2024-05,2.287021154945683,0,0,8.0,public benchmark data
E1085,HR,Manager,PhD,9,145.3,93.2,5.1,9,4.97,6.52,1,Medium,Remote,13.85,2024-06,6.194081211286992,0,0,5.744999999999999,public benchmark data
E1085,IT,Associate,PhD,4,172.8,100.0,8.2,6,9.63,9.1,0,Low,Onsite,14.61,2024-07,3.472222222222222,0,0,9.365,public benchmark data
E1085,Finance,Developer,Bachelors,8,164.6,95.8,0.0,9,6.45,6.64,1,Medium,Remote,13.27,2024-08,5.467800729040097,0,0,6.545,public benchmark data
E1085,Marketing,Analyst,Bachelors,2,154.9,91.0,4.7,5,10.0,6.89,1,High,Remote,15.4,2024-09,3.227888960619755,0,0,8.445,public benchmark data
E1085,Marketing,Associate,Masters,10,158.1,94.2,4.6,7,6.56,9.76,1,Medium,Onsite,17.02,2024-10,4.427577482605946,0,0,8.16,public benchmark data
E1085,Finance,Executive,Masters,10,165.3,99.6,1.8,8,7.81,9.27,0,High,Onsite,17.85,2024-11,4.839685420447671,0,0,8.54,public benchmark data
E1086,HR,Executive,PhD,10,165.5,88.7,3.9,5,9.05,7.85,1,High,Onsite,18.16,2024-01,3.0211480362537766,0,1,8.45,public benchmark data
E1086,HR,Executive,PhD,4,163.1,87.9,9.7,1,8.97,7.16,0,High,Onsite,11.46,2024-01,0.6131207847946045,0,1,8.065000000000001,public benchmark data
E1086,Sales,Manager,Bachelors,2,161.6,96.6,3.2,6,7.89,6.43,0,High,Hybrid,4.09,2024-03,3.7128712871287126,0,1,7.16,public benchmark data
E1086,Sales,Manager,PhD,6,162.3,90.5,5.9,6,9.38,7.52,1,High,Onsite,5.8,2024-03,3.696857670979667,0,1,8.45,public benchmark data
E1086,HR,Developer,PhD,10,147.1,100.0,6.1,3,6.46,5.31,1,Medium,Onsite,8.58,2024-04,2.0394289598912305,0,0,5.885,public benchmark data
E1086,HR,Manager,Bachelors,8,160.1,92.5,4.9,6,6.22,7.52,0,Low,Remote,19.98,2024-05,3.7476577139287945,0,0,6.869999999999999,public benchmark data
E1086,Marketing,Manager,PhD,6,156.0,99.9,9.2,4,8.99,7.7,0,Low,Remote,15.52,2024-06,2.564102564102564,0,0,8.345,public benchmark data
E1086,Sales,Developer,Masters,9,161.5,97.8,6.8,4,9.25,6.82,0,High,Remote,16.87,2024-07,2.476780185758514,0,0,8.035,public benchmark data
E1086,Sales,Analyst,Bachelors,2,151.7,98.8,4.6,11,7.38,8.77,1,Medium,Hybrid,14.25,2024-08,7.251153592617007,0,0,8.075,public benchmark data
E1086,HR,Associate,Bachelors,4,153.4,92.6,5.7,6,6.73,9.27,0,High,Hybrid,14.66,2024-09,3.911342894393742,0,0,8.0,public benchmark data
E1086,Marketing,Manager,PhD,7,160.8,98.0,6.9,10,8.44,1.0,2,High,Onsite,16.26,2024-10,6.218905472636815,0,0,4.72,public benchmark data
E1086,HR,Analyst,PhD,2,151.3,100.0,4.4,4,7.18,7.2,0,Low,Remote,15.34,2024-11,2.643754130865829,0,0,7.19,public benchmark data
E1087,Finance,Associate,Bachelors,2,140.8,99.7,5.5,10,9.77,4.85,0,Medium,Remote,18.29,2024-01,7.102272727272727,0,1,7.31,public benchmark data
E1087,Sales,Developer,PhD,3,150.3,91.9,3.2,2,5.7,4.93,0,Low,Remote,6.42,2024-01,1.330671989354624,0,1,5.315,public benchmark data
E1087,IT,Associate,Bachelors,6,154.8,92.8,9.3,7,8.65,6.68,0,Low,Hybrid,19.47,2024-03,4.521963824289405,0,1,7.665,public benchmark data
E1087,Sales,Associate,Masters,7,160.4,92.6,5.3,6,8.6,9.95,1,High,Onsite,17.73,2024-03,3.740648379052369,0,1,9.275,public benchmark data
E1087,Finance,Analyst,Bachelors,3,163.5,92.0,7.4,4,10.0,8.71,0,High,Hybrid,8.43,2024-04,2.4464831804281344,0,0,9.355,public benchmark data
E1087,IT,Manager,Bachelors,9,145.3,100.0,6.5,7,4.66,8.67,0,Low,Hybrid,13.32,2024-05,4.817618719889882,0,0,6.665,public benchmark data
E1087,Marketing,Developer,PhD,7,158.1,92.4,7.3,4,7.93,6.19,0,High,Onsite,21.13,2024-06,2.5300442757748263,0,0,7.0600000000000005,public benchmark data
E1087,Finance,Executive,PhD,7,159.1,86.5,0.3,6,5.43,3.69,0,High,Hybrid,13.64,2024-07,3.771213073538656,0,0,4.56,public benchmark data
E1087,Finance,Executive,Masters,10,174.4,97.9,8.1,3,4.21,7.92,0,High,Hybrid,10.94,2024-08,1.720183486238532,0,0,6.065,public benchmark data
E1087,IT,Executive,Bachelors,1,175.4,91.3,5.4,6,8.27,7.58,1,Low,Hybrid,11.22,2024-09,3.4207525655644244,0,0,7.925,public benchmark data
E1087,Finance,Executive,Bachelors,7,143.0,96.8,3.6,6,8.8,5.37,0,Low,Hybrid,10.51,2024-10,4.195804195804196,0,0,7.085000000000001,public benchmark data
E1087,Marketing,Manager,PhD,9,175.2,99.6,6.4,7,5.95,3.45,0,Medium,Hybrid,2.54,2024-11,3.995433789954338,0,0,4.7,public benchmark data
E1088,Marketing,Manager,Masters,6,150.7,91.2,6.0,9,9.23,5.75,0,High,Onsite,8.82,2024-01,5.972130059721302,0,1,7.49,public benchmark data
E1088,Finance,Manager,Bachelors,7,164.3,100.0,3.4,3,7.0,7.25,0,High,Hybrid,10.49,2024-01,1.825928180158247,0,1,7.125,public benchmark data
E1088,Sales,Analyst,Masters,5,165.9,100.0,8.0,9,,8.51,1,Low,Hybrid,18.84,2024-03,5.424954792043399,0,1,8.51,public benchmark data
E1088,IT,Manager,Masters,3,157.8,99.8,6.2,5,10.0,5.15,0,High,Onsite,15.86,2024-03,3.168567807351077,0,1,7.575,public benchmark data
E1088,IT,Analyst,Masters,3,151.0,100.0,2.7,7,7.52,8.23,1,Medium,Remote,17.94,2024-04,4.635761589403973,0,0,7.875,public benchmark data
E1088,Marketing,Analyst,PhD,3,160.6,98.7,6.3,3,7.97,2.96,0,High,Onsite,13.6,2024-05,1.8679950186799503,0,0,5.465,public benchmark data
E1088,Marketing,Associate,Masters,7,161.4,89.0,,5,6.53,8.17,0,Medium,Remote,6.23,2024-06,3.097893432465923,1,0,7.35,public benchmark data
E1088,IT,Manager,Masters,4,151.5,100.0,4.8,6,7.83,5.73,0,Low,Onsite,8.92,2024-07,3.96039603960396,0,0,6.78,public benchmark data
E1088,Sales,Analyst,Masters,5,166.6,100.0,5.0,6,9.12,9.39,0,Low,Hybrid,12.41,2024-08,3.601440576230492,0,0,9.255,public benchmark data
E1088,Finance,Developer,Masters,7,167.5,94.8,3.4,6,6.12,5.56,0,Medium,Remote,12.28,2024-09,3.582089552238806,0,0,5.84,public benchmark data
E1088,Finance,Developer,PhD,5,167.5,95.4,10.4,10,6.08,8.8,1,Low,Onsite,14.7,2024-10,5.970149253731343,0,0,7.44,public benchmark data
E1088,Marketing,Manager,Masters,9,179.4,94.7,4.9,4,7.74,10.0,0,Low,Hybrid,12.93,2024-11,2.229654403567447,0,0,8.870000000000001,public benchmark data
E1089,IT,Analyst,PhD,1,161.5,100.0,3.2,7,,9.56,0,High,Onsite,21.99,2024-01,4.3343653250774,0,1,9.56,public benchmark data
E1089,HR,Manager,PhD,8,148.2,95.7,6.2,5,9.01,5.19,1,High,Onsite,13.14,2024-01,3.373819163292848,0,1,7.1,public benchmark data
E1089,Marketing,Associate,Masters,1,160.1,100.0,3.4,7,7.09,5.72,0,High,Onsite,17.18,2024-03,4.372267332916927,0,1,6.404999999999999,public benchmark data
E1089,HR,Associate,Masters,7,171.2,92.6,5.7,6,8.01,7.08,0,High,Hybrid,14.83,2024-03,3.504672897196262,0,1,7.545,public benchmark data
E1089,Sales,Executive,Masters,9,172.9,91.5,7.8,5,6.21,8.1,2,Medium,Onsite,14.19,2024-04,2.8918449971081546,0,0,7.154999999999999,public benchmark data
E1089,Marketing,Analyst,Bachelors,7,169.0,89.7,5.1,6,7.67,5.25,0,Medium,Hybrid,12.46,2024-05,3.5502958579881656,0,0,6.46,public benchmark data
E1089,Marketing,Manager,Masters,2,163.5,88.2,4.1,2,6.49,8.97,0,Medium,Hybrid,7.24,2024-06,1.2232415902140672,0,0,7.73,public benchmark data
E1089,HR,Executive,PhD,1,166.1,90.5,0.0,8,6.72,9.03,0,High,Onsite,18.11,2024-07,4.81637567730283,0,0,7.875,public benchmark data
E1089,Marketing,Executive,Masters,5,154.2,96.3,2.1,8,8.74,5.51,0,Low,Onsite,18.5,2024-08,5.188067444876784,0,0,7.125,public benchmark data
E1089,Marketing,Associate,PhD,6,161.5,91.8,5.5,9,7.0,7.85,1,Low,Hybrid,10.79,2024-09,5.572755417956656,0,0,7.425,public benchmark data
E1089,Sales,Analyst,Bachelors,10,150.6,88.4,2.4,8,5.74,7.27,0,Low,Remote,7.39,2024-10,5.3120849933598935,0,0,6.505,public benchmark data
E1089,IT,Manager,Masters,1,152.6,94.2,3.9,9,9.67,8.88,0,Medium,Onsite,19.21,2024-11,5.897771952817825,0,0,9.275,public benchmark data
E1090,HR,Executive,PhD,5,141.7,100.0,4.3,6,6.34,4.64,0,Medium,Remote,15.24,2024-01,4.234297812279464,0,1,5.49,public benchmark data
E1090,Sales,Developer,Bachelors,6,158.0,96.7,4.7,7,6.11,4.61,2,Low,Hybrid,20.12,2024-01,4.430379746835443,0,1,5.36,public benchmark data
E1090,Finance,Manager,PhD,3,152.2,90.2,,7,6.23,10.0,0,High,Hybrid,8.54,2024-03,4.599211563731933,1,1,8.115,public benchmark data
E1090,Finance,Analyst,PhD,10,151.3,91.3,4.9,5,8.37,6.78,0,High,Hybrid,12.34,2024-03,3.304692663582286,0,1,7.574999999999999,public benchmark data
E1090,IT,Developer,PhD,1,180.3,91.6,,8,8.69,9.77,0,Medium,Remote,10.44,2024-04,4.437049362174154,1,0,9.23,public benchmark data
E1090,Marketing,Manager,PhD,10,158.7,99.0,5.5,7,5.4,7.26,0,Medium,Remote,11.55,2024-05,4.410838059231255,0,0,6.33,public benchmark data
E1090,IT,Associate,Masters,1,164.8,98.3,3.2,8,7.38,6.53,0,Medium,Remote,11.45,2024-06,4.854368932038835,0,0,6.955,public benchmark data
E1090,Sales,Developer,PhD,5,150.3,100.0,3.1,1,7.42,6.61,0,Low,Hybrid,6.03,2024-07,0.665335994677312,0,0,7.015000000000001,public benchmark data
E1090,IT,Developer,Bachelors,3,143.3,91.8,4.8,7,9.58,7.7,0,Low,Onsite,14.57,2024-08,4.884856943475226,0,0,8.64,public benchmark data
E1090,Marketing,Analyst,Bachelors,1,167.7,95.7,8.2,7,5.56,6.66,0,Low,Onsite,15.48,2024-09,4.174120453190221,0,0,6.109999999999999,public benchmark data
E1090,IT,Analyst,PhD,5,158.2,93.8,7.3,6,6.76,5.88,0,High,Onsite,15.83,2024-10,3.792667509481669,0,0,6.32,public benchmark data
E1090,IT,Developer,Masters,1,164.3,98.0,10.4,10,8.46,3.82,0,High,Onsite,10.39,2024-11,6.086427267194157,0,0,6.140000000000001,public benchmark data
E1091,Sales,Developer,Masters,1,160.9,97.2,6.0,6,9.13,5.24,0,Low,Hybrid,10.16,2024-01,3.729024238657551,0,1,7.1850000000000005,public benchmark data
E1091,IT,Developer,Bachelors,4,151.9,94.7,4.3,3,6.5,4.6,1,Low,Onsite,11.53,2024-01,1.9749835418038184,0,1,5.55,public benchmark data
E1091,IT,Associate,PhD,3,173.7,93.6,2.7,7,,8.43,0,Low,Onsite,11.57,2024-03,4.02993667242372,0,1,8.43,public benchmark data
E1091,Marketing,Manager,PhD,10,168.7,100.0,5.9,2,5.67,8.46,0,Low,Onsite,14.07,2024-03,1.185536455245999,0,1,7.065,public benchmark data
E1091,IT,Analyst,Bachelors,10,165.5,94.0,2.5,9,7.96,3.51,1,High,Remote,12.76,2024-04,5.438066465256798,0,0,5.734999999999999,public benchmark data
E1091,Marketing,Associate,PhD,5,166.9,96.7,8.0,12,7.11,6.73,0,Low,Hybrid,20.27,2024-05,7.18993409227082,0,0,6.92,public benchmark data
E1091,Finance,Manager,Bachelors,10,168.9,97.2,6.0,7,,5.47,1,Medium,Hybrid,17.5,2024-06,4.144464179988158,0,0,5.47,public benchmark data
E1091,Sales,Developer,Bachelors,4,163.4,100.0,3.9,8,,5.3,2,Low,Remote,12.68,2024-07,4.895960832313341,0,0,5.3,public benchmark data
E1091,Marketing,Executive,PhD,8,170.8,93.2,3.8,8,3.35,10.0,0,Low,Hybrid,13.9,2024-08,4.68384074941452,0,0,6.675,public benchmark data
E1091,Marketing,Analyst,Bachelors,1,151.4,95.1,,9,6.57,4.76,1,High,Hybrid,11.2,2024-09,5.9445178335535,1,0,5.665,public benchmark data
E1091,Finance,Developer,PhD,2,172.1,97.2,7.7,4,8.11,5.46,1,High,Onsite,11.78,2024-10,2.324230098779779,0,0,6.785,public benchmark data
E1091,IT,Developer,Masters,9,167.3,100.0,,1,9.25,8.75,0,Low,Onsite,13.07,2024-11,0.5977286312014345,1,0,9.0,public benchmark data
E1092,HR,Executive,PhD,6,153.2,85.9,7.1,10,6.46,6.54,0,High,Hybrid,15.68,2024-01,6.527415143603134,0,1,6.5,public benchmark data
E1092,Sales,Executive,PhD,6,158.6,91.9,,5,7.67,8.03,2,Low,Onsite,9.61,2024-01,3.152585119798234,1,1,7.85,public benchmark data
E1092,Sales,Associate,PhD,9,149.1,94.0,4.8,6,6.02,7.2,1,Low,Hybrid,6.05,2024-03,4.024144869215292,0,1,6.609999999999999,public benchmark data
E1092,Marketing,Manager,Bachelors,2,177.7,98.4,7.1,3,5.15,8.92,1,Medium,Hybrid,15.84,2024-03,1.6882386043894204,0,1,7.035,public benchmark data
E1092,IT,Associate,PhD,8,166.5,89.8,3.0,4,6.93,4.8,0,Low,Hybrid,16.68,2024-04,2.4024024024024024,0,0,5.865,public benchmark data
E1092,Sales,Associate,Masters,4,157.5,93.8,6.7,2,4.98,8.94,0,Medium,Onsite,6.37,2024-05,1.2698412698412698,0,0,6.96,public benchmark data
E1092,Marketing,Developer,Bachelors,7,165.8,94.7,6.6,9,8.31,3.84,0,Medium,Remote,13.26,2024-06,5.42822677925211,0,0,6.075,public benchmark data
E1092,Finance,Associate,PhD,8,151.1,95.2,3.0,7,8.12,6.21,0,High,Hybrid,12.64,2024-07,4.632693580410324,0,0,7.164999999999999,public benchmark data
E1092,HR,Developer,Bachelors,6,158.1,91.0,5.6,3,9.38,7.28,1,Medium,Remote,2.33,2024-08,1.8975332068311197,0,0,8.33,public benchmark data
E1092,IT,Manager,Masters,10,164.5,91.8,2.7,7,8.24,8.92,0,High,Hybrid,12.1,2024-09,4.25531914893617,0,0,8.58,public benchmark data
E1092,Sales,Analyst,Bachelors,8,174.7,92.7,8.3,6,,8.06,0,Low,Hybrid,15.39,2024-10,3.434459072696051,0,0,8.06,public benchmark data
E1092,HR,Associate,PhD,2,163.1,91.6,5.0,7,9.79,5.69,1,Low,Hybrid,25.07,2024-11,4.291845493562231,0,0,7.74,public benchmark data
E1093,HR,Developer,PhD,9,171.7,95.1,6.6,7,8.58,7.03,0,Low,Hybrid,8.52,2024-01,4.076878276062901,0,1,7.805,public benchmark data
E1093,Finance,Developer,Masters,1,152.1,93.6,3.1,11,6.74,9.45,0,Low,Onsite,21.02,2024-01,7.232084155161078,0,1,8.094999999999999,public benchmark data
E1093,Sales,Associate,Masters,9,162.8,91.4,4.6,7,7.54,5.27,1,Medium,Hybrid,7.9,2024-03,4.2997542997543,0,1,6.404999999999999,public benchmark data
E1093,Sales,Associate,Masters,2,162.6,95.2,3.8,11,7.68,8.06,2,High,Remote,18.74,2024-03,6.765067650676507,0,1,7.87,public benchmark data
E1093,Sales,Executive,Masters,1,168.5,100.0,4.4,7,8.22,8.27,0,High,Hybrid,29.91,2024-04,4.154302670623145,0,0,8.245000000000001,public benchmark data
E1093,Sales,Executive,Masters,9,150.2,100.0,4.2,5,9.65,4.31,0,High,Hybrid,12.7,2024-05,3.3288948069241013,0,0,6.98,public benchmark data
E1093,Sales,Analyst,Masters,6,160.8,93.1,6.3,9,8.65,8.07,2,High,Remote,13.38,2024-06,5.597014925373134,0,0,8.36,public benchmark data
E1093,Sales,Executive,PhD,9,146.6,91.7,7.4,8,7.59,7.49,0,Low,Hybrid,22.4,2024-07,5.457025920873124,0,0,7.54,public benchmark data
E1093,IT,Developer,PhD,2,152.8,93.1,5.7,5,6.42,10.0,2,Low,Onsite,8.4,2024-08,3.272251308900524,0,0,8.21,public benchmark data
E1093,IT,Associate,Masters,7,174.0,91.2,8.4,6,5.59,6.12,1,Medium,Hybrid,18.94,2024-09,3.4482758620689653,0,0,5.855,public benchmark data
E1093,Marketing,Manager,Bachelors,6,157.0,89.6,6.3,7,8.2,6.42,1,Medium,Hybrid,8.13,2024-10,4.45859872611465,0,0,7.31,public benchmark data
E1093,HR,Manager,Bachelors,7,163.5,96.9,6.3,6,7.07,6.45,0,Medium,Hybrid,12.27,2024-11,3.669724770642202,0,0,6.76,public benchmark data
E1094,Sales,Manager,Bachelors,10,127.5,100.0,5.4,6,6.11,7.67,1,Medium,Onsite,16.86,2024-01,4.705882352941177,0,1,6.890000000000001,public benchmark data
E1094,Finance,Manager,PhD,8,160.6,100.0,5.7,4,8.93,9.83,1,Low,Hybrid,18.85,2024-01,2.4906600249066004,0,1,9.38,public benchmark data
E1094,Sales,Developer,PhD,2,169.5,88.1,4.9,3,6.52,7.37,0,High,Hybrid,12.03,2024-03,1.7699115044247788,0,1,6.945,public benchmark data
E1094,Finance,Associate,Bachelors,7,140.6,97.7,4.9,6,7.4,1.0,0,Low,Hybrid,12.43,2024-03,4.2674253200569,0,1,4.2,public benchmark data
E1094,Sales,Developer,Bachelors,7,160.5,98.8,2.0,9,9.98,6.57,2,Low,Hybrid,13.27,2024-04,5.607476635514018,0,0,8.275,public benchmark data
E1094,Marketing,Analyst,Bachelors,10,157.5,97.6,6.8,11,8.99,7.1,0,Low,Hybrid,7.32,2024-05,6.984126984126984,0,0,8.045,public benchmark data
E1094,Marketing,Associate,PhD,1,156.0,97.4,7.0,3,8.88,4.77,0,Low,Hybrid,11.6,2024-06,1.9230769230769231,0,0,6.825,public benchmark data
E1094,IT,Manager,Masters,3,158.7,98.0,2.9,14,7.62,8.11,0,Low,Hybrid,11.34,2024-07,8.82167611846251,0,0,7.865,public benchmark data
E1094,HR,Executive,Bachelors,3,163.2,92.2,4.8,9,5.79,5.48,1,Medium,Remote,19.92,2024-08,5.514705882352942,0,0,5.635,public benchmark data
E1094,Finance,Developer,Masters,6,161.2,100.0,7.3,4,6.44,6.68,1,High,Onsite,11.2,2024-09,2.481389578163772,0,0,6.5600000000000005,public benchmark data
E1094,Marketing,Manager,PhD,1,163.0,100.0,4.7,11,7.22,9.39,2,High,Onsite,8.94,2024-10,6.748466257668712,0,0,8.305,public benchmark data
E1094,HR,Associate,Masters,5,168.5,95.6,8.8,4,6.7,10.0,0,High,Hybrid,14.65,2024-11,2.373887240356084,0,0,8.35,public benchmark data
E1095,Marketing,Analyst,Masters,9,155.9,87.4,6.5,11,7.0,8.29,1,Medium,Onsite,17.28,2024-01,7.055805003207184,0,1,7.645,public benchmark data
E1095,Marketing,Executive,Masters,7,155.4,90.3,7.6,5,7.17,5.27,0,Medium,Hybrid,13.45,2024-01,3.217503217503217,0,1,6.22,public benchmark data
E1095,HR,Analyst,Bachelors,2,166.7,96.7,7.6,6,7.57,7.89,1,Medium,Hybrid,19.9,2024-03,3.5992801439712063,0,1,7.73,public benchmark data
E1095,HR,Associate,Bachelors,7,142.3,86.3,4.0,7,6.46,4.24,0,High,Remote,8.59,2024-03,4.919184820801124,0,1,5.35,public benchmark data
E1095,Finance,Manager,PhD,9,160.9,99.9,6.2,5,6.96,7.33,1,Medium,Hybrid,19.19,2024-04,3.107520198881293,0,0,7.145,public benchmark data
E1095,Marketing,Analyst,PhD,2,163.5,100.0,6.9,5,6.12,5.98,0,Medium,Remote,13.81,2024-05,3.058103975535168,0,0,6.050000000000001,public benchmark data
E1095,Marketing,Developer,Bachelors,2,164.5,91.8,3.9,3,6.48,9.63,0,Medium,Remote,7.62,2024-06,1.82370820668693,0,0,8.055,public benchmark data
E1095,Sales,Associate,Bachelors,4,151.2,92.5,8.2,7,9.1,6.14,0,Medium,Onsite,12.63,2024-07,4.62962962962963,0,0,7.619999999999999,public benchmark data
E1095,Finance,Manager,Masters,6,156.4,85.5,11.3,6,7.28,8.65,0,High,Onsite,13.48,2024-08,3.836317135549872,0,0,7.965,public benchmark data
E1095,IT,Analyst,Masters,9,165.9,92.3,4.2,6,5.18,5.33,0,Medium,Hybrid,12.23,2024-09,3.616636528028933,0,0,5.255,public benchmark data
E1095,Marketing,Manager,PhD,10,162.0,92.7,7.6,5,6.31,5.09,1,Medium,Onsite,16.79,2024-10,3.08641975308642,0,0,5.699999999999999,public benchmark data
E1095,Finance,Manager,Masters,6,165.9,97.3,4.8,0,6.0,8.62,0,High,Hybrid,12.76,2024-11,0.0,0,0,7.31,public benchmark data
E1096,Finance,Manager,PhD,7,166.1,100.0,6.0,8,7.5,5.08,1,Low,Remote,16.26,2024-01,4.81637567730283,0,1,6.29,public benchmark data
E1096,Finance,Analyst,Bachelors,8,149.3,91.4,4.3,7,7.4,7.66,0,High,Remote,12.66,2024-01,4.688546550569323,0,1,7.53,public benchmark data
E1096,IT,Executive,Masters,6,158.6,95.6,8.0,5,5.76,9.37,0,High,Onsite,14.39,2024-03,3.152585119798234,0,1,7.564999999999999,public benchmark data
E1096,IT,Executive,Masters,5,172.4,92.7,2.5,3,6.77,8.85,0,Low,Onsite,18.45,2024-03,1.740139211136891,0,1,7.81,public benchmark data
E1096,IT,Executive,PhD,5,164.4,89.5,2.3,5,8.83,7.72,0,Medium,Onsite,13.93,2024-04,3.041362530413625,0,0,8.275,public benchmark data
E1096,HR,Manager,Bachelors,8,173.1,89.3,6.0,1,5.63,7.19,1,High,Hybrid,15.75,2024-05,0.5777007510109763,0,0,6.41,public benchmark data
E1096,Sales,Associate,Bachelors,6,156.0,100.0,2.5,10,6.57,5.24,1,High,Onsite,18.97,2024-06,6.41025641025641,0,0,5.905,public benchmark data
E1096,Sales,Analyst,PhD,2,160.8,92.4,3.2,2,8.78,7.14,0,Medium,Remote,23.21,2024-07,1.243781094527363,0,0,7.959999999999999,public benchmark data
E1096,Marketing,Analyst,Masters,4,162.1,100.0,6.8,8,5.61,8.8,0,Low,Hybrid,21.06,2024-08,4.9352251696483656,0,0,7.205,public benchmark data
E1096,Finance,Developer,Bachelors,3,165.6,92.6,,4,8.48,6.23,0,High,Onsite,14.55,2024-09,2.415458937198068,1,0,7.355,public benchmark data
E1096,HR,Associate,Masters,5,150.0,89.5,5.7,9,,5.93,1,Medium,Hybrid,21.02,2024-10,6.0,0,0,5.93,public benchmark data
E1096,HR,Associate,Masters,2,171.3,90.8,5.0,3,10.0,8.83,1,Medium,Hybrid,15.5,2024-11,1.7513134851138354,0,0,9.415,public benchmark data
E1097,IT,Developer,Bachelors,9,159.0,98.8,6.4,5,5.57,8.2,0,High,Hybrid,23.34,2024-01,3.1446540880503147,0,1,6.885,public benchmark data
E1097,Sales,Analyst,PhD,1,167.2,94.9,9.4,8,9.03,7.6,0,Low,Onsite,11.15,2024-01,4.784688995215311,0,1,8.315,public benchmark data
E1097,IT,Developer,PhD,1,152.9,89.9,4.3,8,6.67,10.0,0,Low,Remote,11.52,2024-03,5.232177894048397,0,1,8.335,public benchmark data
E1097,Finance,Associate,Masters,8,169.6,94.6,2.2,5,4.97,10.0,1,Low,Hybrid,18.5,2024-03,2.94811320754717,0,1,7.484999999999999,public benchmark data
E1097,Finance,Executive,Masters,6,140.0,100.0,9.7,5,5.45,5.66,0,Medium,Hybrid,14.14,2024-04,3.571428571428571,0,0,5.555,public benchmark data
E1097,Finance,Analyst,Bachelors,3,147.1,98.7,2.8,8,7.53,7.02,0,Medium,Remote,7.76,2024-05,5.438477226376614,0,0,7.275,public benchmark data
E1097,IT,Developer,PhD,2,174.5,97.8,6.3,8,8.08,6.69,1,Medium,Remote,14.57,2024-06,4.584527220630372,0,0,7.385,public benchmark data
E1097,Sales,Analyst,Masters,10,161.7,100.0,,6,9.28,6.62,1,Low,Hybrid,14.01,2024-07,3.710575139146568,1,0,7.949999999999999,public benchmark data
E1097,IT,Associate,PhD,9,157.2,93.7,7.4,4,8.54,8.61,0,Low,Onsite,13.45,2024-08,2.544529262086514,0,0,8.575,public benchmark data
E1097,Finance,Executive,PhD,2,144.2,86.3,5.2,12,8.15,10.0,0,Medium,Remote,13.99,2024-09,8.321775312066574,0,0,9.075,public benchmark data
E1097,IT,Executive,PhD,1,151.6,100.0,1.8,6,6.55,10.0,2,Low,Remote,11.67,2024-10,3.95778364116095,0,0,8.275,public benchmark data
E1097,HR,Executive,Masters,10,156.1,95.3,4.2,4,8.13,7.46,0,Medium,Onsite,10.1,2024-11,2.5624599615631007,0,0,7.795,public benchmark data
E1098,Marketing,Associate,PhD,5,152.1,95.4,4.0,13,7.12,4.74,0,Medium,Remote,17.4,2024-01,8.547008547008547,0,1,5.93,public benchmark data
E1098,Finance,Analyst,PhD,2,164.3,88.2,6.1,5,6.5,8.32,1,High,Onsite,4.38,2024-01,3.0432136335970785,0,1,7.41,public benchmark data
E1098,Sales,Manager,PhD,4,148.5,87.3,3.5,6,9.07,3.69,1,Low,Onsite,15.55,2024-03,4.040404040404041,0,1,6.38,public benchmark data
E1098,IT,Analyst,Masters,8,172.3,96.1,2.9,7,9.26,7.49,0,High,Onsite,10.84,2024-03,4.062681369704004,0,1,8.375,public benchmark data
E1098,Sales,Analyst,Masters,7,166.8,88.9,4.5,6,5.1,10.0,0,Medium,Remote,8.78,2024-04,3.597122302158273,0,0,7.55,public benchmark data
E1098,Marketing,Associate,Masters,5,165.2,97.0,6.1,7,8.2,8.8,0,Medium,Onsite,12.87,2024-05,4.237288135593221,0,0,8.5,public benchmark data
E1098,Sales,Manager,Masters,7,186.5,97.3,4.1,6,6.66,5.01,0,High,Hybrid,23.66,2024-06,3.2171581769437,0,0,5.835,public benchmark data
E1098,IT,Associate,PhD,5,167.2,100.0,5.2,9,7.23,6.81,0,High,Hybrid,16.42,2024-07,5.382775119617225,0,0,7.02,public benchmark data
E1098,Marketing,Executive,Masters,9,174.0,96.0,3.6,5,8.98,4.92,1,Medium,Remote,14.77,2024-08,2.8735632183908044,0,0,6.95,public benchmark data
E1098,Marketing,Developer,PhD,2,151.4,86.7,5.9,7,7.08,7.78,0,Medium,Onsite,21.72,2024-09,4.623513870541611,0,0,7.43,public benchmark data
E1098,Sales,Associate,Masters,4,151.9,91.5,2.6,3,8.16,5.03,0,Medium,Hybrid,15.36,2024-10,1.9749835418038184,0,0,6.595000000000001,public benchmark data
E1098,IT,Executive,PhD,5,176.0,95.6,3.9,3,7.92,10.0,0,Medium,Remote,4.64,2024-11,1.7045454545454544,0,0,8.96,public benchmark data
E1099,Marketing,Associate,Masters,8,154.7,94.3,4.3,6,6.75,10.0,2,Low,Onsite,10.36,2024-01,3.878474466709761,0,1,8.375,public benchmark data
E1099,IT,Analyst,Bachelors,4,147.7,88.3,3.9,8,5.98,5.69,0,Medium,Remote,15.7,2024-01,5.416384563303995,0,1,5.835000000000001,public benchmark data
E1099,Finance,Analyst,PhD,10,158.3,93.6,4.3,6,8.63,9.92,0,High,Remote,26.13,2024-03,3.7902716361339226,0,1,9.275,public benchmark data
E1099,Finance,Developer,Masters,9,176.6,92.5,3.0,7,8.47,5.84,0,High,Hybrid,14.18,2024-03,3.9637599093997737,0,1,7.155,public benchmark data
E1099,Marketing,Developer,Masters,2,158.8,96.3,4.6,6,4.61,10.0,0,Low,Onsite,15.1,2024-04,3.778337531486146,0,0,7.305,public benchmark data
E1099,HR,Executive,PhD,5,172.0,100.0,3.0,5,10.0,6.48,0,Low,Hybrid,8.93,2024-05,2.9069767441860463,0,0,8.24,public benchmark data
E1099,Finance,Manager,Bachelors,2,153.7,93.4,4.4,10,8.85,5.21,1,Low,Remote,21.22,2024-06,6.506180871828238,0,0,7.029999999999999,public benchmark data
E1099,HR,Manager,Bachelors,7,159.4,100.0,5.4,2,8.92,4.97,1,Medium,Hybrid,10.11,2024-07,1.2547051442910917,0,0,6.945,public benchmark data
E1099,HR,Manager,Masters,5,147.0,97.1,8.5,4,6.54,8.39,0,High,Onsite,14.81,2024-08,2.7210884353741496,0,0,7.465,public benchmark data
E1099,HR,Analyst,PhD,2,159.4,94.1,5.9,7,9.18,4.52,0,Low,Onsite,17.82,2024-09,4.391468005018821,0,0,6.85,public benchmark data
E1099,Sales,Analyst,Bachelors,8,139.5,92.9,5.5,5,7.59,6.81,0,Low,Hybrid,8.18,2024-10,3.584229390681003,0,0,7.199999999999999,public benchmark data
E1099,Finance,Developer,PhD,4,155.7,100.0,4.9,8,2.79,6.55,1,Low,Onsite,5.71,2024-11,5.138086062941555,0,0,4.67,public benchmark data
