PO_ID,Supplier,Order_Date,Delivery_Date,Item_Category,Order_Status,Quantity,Unit_Price,Negotiated_Price,Defective_Units,Compliance,Lead_Time_Days,Lead_Time_Valid,PO_Value_List,PO_Value_Negotiated,Savings,Savings_Pct,Defect_Rate_Pct,Compliant_Flag,Order_Quarter,data_source
PO-00001,Alpha_Inc,2023-10-17,2023-10-25,Office Supplies,Cancelled,1176,20.13,17.81,,Yes,8.0,8.0,23672.88,20944.56,2728.32,11.525086934923,,1,2023Q4,public benchmark data
PO-00002,Delta_Logistics,2022-04-25,2022-05-05,Office Supplies,Delivered,1509,39.32,37.34,235.0,Yes,10.0,10.0,59333.88,56346.060000000005,2987.8199999999924,5.035605289928776,15.573227302849569,1,2022Q2,public benchmark data
PO-00003,Gamma_Co,2022-01-26,2022-02-15,MRO,Delivered,910,95.51,92.26,41.0,Yes,20.0,20.0,86914.1,83956.6,2957.5,3.4027850486860007,4.5054945054945055,1,2022Q1,public benchmark data
PO-00004,Beta_Supplies,2022-10-09,2022-10-28,Packaging,Delivered,1344,99.85,95.52,112.0,Yes,19.0,19.0,134198.4,128378.88,5819.520000000004,4.336504757135707,8.333333333333332,1,2022Q4,public benchmark data
PO-00005,Delta_Logistics,2022-09-08,2022-09-20,Raw Materials,Delivered,1180,64.07,60.53,171.0,No,12.0,12.0,75602.59999999999,71425.4,4177.199999999997,5.525206805056966,14.491525423728811,0,2022Q3,public benchmark data
PO-00006,Epsilon_Group,2022-08-17,2022-08-29,MRO,Delivered,1145,69.21,63.57,39.0,Yes,12.0,12.0,79245.45,72787.65,6457.800000000003,8.149111400086696,3.406113537117904,1,2022Q3,public benchmark data
PO-00007,Gamma_Co,2022-05-23,2022-06-03,MRO,Delivered,1774,51.37,47.82,96.0,No,11.0,11.0,91130.38,84832.68000000001,6297.699999999983,6.910648238271347,5.411499436302142,0,2022Q2,public benchmark data
PO-00008,Alpha_Inc,2022-04-15,2022-04-29,MRO,Delivered,1094,36.93,32.78,22.0,Yes,14.0,14.0,40401.42,35861.32,4540.099999999999,11.237476306525856,2.010968921389397,1,2022Q2,public benchmark data
PO-00009,Gamma_Co,2023-11-24,2023-11-28,Raw Materials,Partially Delivered,1688,43.93,39.89,89.0,Yes,4.0,4.0,74153.84,67334.32,6819.5199999999895,9.19644889597085,5.2725118483412325,1,2023Q4,public benchmark data
PO-00010,Gamma_Co,2023-07-13,2023-07-25,Raw Materials,Pending,171,76.87,70.2,8.0,Yes,12.0,12.0,13144.77,12004.2,1140.5699999999997,8.676987121113566,4.678362573099415,1,2023Q3,public benchmark data
PO-00011,Epsilon_Group,2022-03-31,2022-04-15,Raw Materials,Delivered,5000,78.49,73.68,18.0,Yes,15.0,15.0,392450.0,368400.00000000006,24049.99999999994,6.128169193527823,0.36,1,2022Q1,public benchmark data
PO-00012,Beta_Supplies,2023-08-28,2023-09-11,Raw Materials,Delivered,5000,88.96,86.58,115.0,Yes,14.0,14.0,444800.0,432900.0,11899.999999999942,2.675359712230203,2.3,1,2023Q3,public benchmark data
PO-00013,Beta_Supplies,2023-03-09,2023-03-26,Electronics,Pending,5000,86.74,74.86,51.0,Yes,17.0,17.0,433700.0,374300.0,59400.0,13.696103297210051,1.02,1,2023Q1,public benchmark data
PO-00014,Beta_Supplies,2022-02-02,,MRO,Delivered,5000,18.3,16.88,,Yes,,,91500.0,84400.0,7100.0,7.759562841530054,,1,2022Q1,public benchmark data
PO-00015,Delta_Logistics,2022-01-31,2022-02-18,Electronics,Pending,5000,54.5,48.45,22.0,Yes,18.0,18.0,272500.0,242250.0,30250.0,11.10091743119266,0.44,1,2022Q1,public benchmark data
PO-00016,Beta_Supplies,2022-04-06,2022-04-21,Packaging,Delivered,5000,15.41,15.12,,Yes,15.0,15.0,77050.0,75600.0,1450.0,1.881894873458793,,1,2022Q2,public benchmark data
PO-00017,Delta_Logistics,2022-08-12,2022-08-31,MRO,Delivered,1173,61.54,55.49,172.0,No,19.0,19.0,72186.42,65089.77,7096.649999999994,9.83100422489437,14.663256606990622,0,2022Q3,public benchmark data
PO-00018,Epsilon_Group,2022-08-27,2022-09-04,Raw Materials,Delivered,921,51.48,50.61,,Yes,8.0,8.0,47413.08,46611.81,801.2699999999968,1.6899766899766837,,1,2022Q3,public benchmark data
PO-00019,Gamma_Co,2023-06-02,2023-06-05,Raw Materials,Partially Delivered,1737,97.53,87.37,79.0,Yes,3.0,3.0,169409.61000000002,151761.69,17647.920000000013,10.41730749512971,4.548071387449626,1,2023Q2,public benchmark data
PO-00020,Delta_Logistics,2023-09-09,2023-09-24,Raw Materials,Delivered,180,45.74,38.89,,No,15.0,15.0,8233.2,7000.2,1233.000000000001,14.975951027547016,,0,2023Q3,public benchmark data
PO-00021,Epsilon_Group,2022-01-28,2022-02-12,Electronics,Cancelled,1735,20.54,19.69,49.0,Yes,15.0,15.0,35636.9,34162.15,1474.75,4.138266796494645,2.824207492795389,1,2022Q1,public benchmark data
PO-00022,Delta_Logistics,2023-07-29,2023-08-11,Raw Materials,Delivered,1382,24.93,23.75,,Yes,13.0,13.0,34453.26,32822.5,1630.760000000002,4.733253108704378,,1,2023Q3,public benchmark data
PO-00023,Epsilon_Group,2022-07-23,2022-08-08,MRO,Delivered,819,80.89,77.03,29.0,Yes,16.0,16.0,66248.91,63087.57,3161.340000000004,4.7719124737297625,3.5409035409035408,1,2022Q3,public benchmark data
PO-00024,Beta_Supplies,2023-10-28,2023-11-03,Office Supplies,Partially Delivered,393,72.53,66.31,42.0,No,6.0,6.0,28504.29,26059.83,2444.459999999999,8.575761753757062,10.687022900763358,0,2023Q4,public benchmark data
PO-00025,Beta_Supplies,2023-12-20,2024-01-01,MRO,Delivered,1565,21.3,20.09,161.0,Yes,12.0,12.0,33334.5,31440.85,1893.6500000000012,5.6807511737089245,10.287539936102236,1,2023Q4,public benchmark data
PO-00026,Epsilon_Group,2023-07-13,2023-07-24,Packaging,Delivered,1487,19.15,17.24,,Yes,11.0,11.0,28476.05,25635.88,2840.170000000002,9.973890339425594,,1,2023Q3,public benchmark data
PO-00027,Alpha_Inc,2023-03-06,2023-03-26,MRO,Delivered,855,78.2,67.16,17.0,Yes,20.0,20.0,66861.0,57421.8,9439.200000000004,14.117647058823534,1.988304093567252,1,2023Q1,public benchmark data
PO-00028,Epsilon_Group,2022-08-14,2022-08-23,Raw Materials,Delivered,435,17.13,15.84,8.0,Yes,9.0,9.0,7451.549999999999,6890.4,561.1499999999996,7.530647985989487,1.839080459770115,1,2022Q3,public benchmark data
PO-00029,Delta_Logistics,2023-04-05,2023-04-22,MRO,Delivered,1265,90.26,79.47,187.0,Yes,17.0,17.0,114178.9,100529.55,13649.350000000006,11.954354088189678,14.782608695652174,1,2023Q2,public benchmark data
PO-00030,Epsilon_Group,2023-08-27,,MRO,Delivered,1005,80.55,73.31,30.0,Yes,,,80952.75,73676.55,7276.199999999997,8.988206083178147,2.985074626865672,1,2023Q3,public benchmark data
PO-00031,Gamma_Co,2022-10-12,2022-10-26,Electronics,Delivered,326,18.1,15.92,,No,14.0,14.0,5900.6,5189.92,710.6800000000003,12.044198895027629,,0,2022Q4,public benchmark data
PO-00032,Alpha_Inc,2022-01-07,2022-01-15,Office Supplies,Delivered,1234,17.64,15.66,26.0,Yes,8.0,8.0,21767.76,19324.44,2443.320000000004,11.224489795918382,2.106969205834684,1,2022Q1,public benchmark data
PO-00033,Epsilon_Group,2022-06-13,2022-06-29,MRO,Delivered,509,101.27,97.82,19.0,Yes,16.0,16.0,51546.43,49790.38,1756.050000000003,3.4067344722030275,3.732809430255403,1,2022Q2,public benchmark data
PO-00034,Alpha_Inc,2023-12-16,2023-12-17,Packaging,Delivered,1387,48.71,43.71,27.0,Yes,1.0,1.0,67560.77,60625.77,6935.0,10.264832683227262,1.9466474405191057,1,2023Q4,public benchmark data
PO-00035,Alpha_Inc,2023-03-09,2023-03-17,MRO,Delivered,71,46.39,43.18,0.0,Yes,8.0,8.0,3293.69,3065.78,227.90999999999983,6.9195947402457385,0.0,1,2023Q1,public benchmark data
PO-00036,Epsilon_Group,2022-12-15,2022-12-23,Office Supplies,Delivered,302,87.73,81.52,9.0,Yes,8.0,8.0,26494.460000000003,24619.04,1875.4200000000053,7.078536418556956,2.980132450331126,1,2022Q4,public benchmark data
PO-00037,Epsilon_Group,2022-10-12,2022-10-31,Office Supplies,Pending,797,99.54,91.37,18.0,Yes,19.0,19.0,79333.38,72821.89,6511.490000000005,8.207755676110112,2.258469259723965,1,2022Q4,public benchmark data
PO-00038,Beta_Supplies,2022-06-09,2022-06-27,Office Supplies,Pending,906,101.21,90.9,94.0,Yes,18.0,18.0,91696.26,82355.40000000001,9340.859999999986,10.186740440667904,10.375275938189846,1,2022Q2,public benchmark data
PO-00039,Epsilon_Group,2022-08-09,2022-08-23,Office Supplies,Delivered,1634,80.53,76.15,50.0,Yes,14.0,14.0,131586.02,124429.1,7156.919999999984,5.438966844654154,3.0599755201958385,1,2022Q3,public benchmark data
PO-00040,Epsilon_Group,2022-12-11,,Office Supplies,Delivered,524,46.28,39.65,14.0,Yes,,,24250.72,20776.6,3474.1200000000026,14.325842696629223,2.6717557251908395,1,2022Q4,public benchmark data
PO-00041,Beta_Supplies,2022-04-15,2022-04-27,Electronics,Delivered,1132,17.78,15.36,96.0,Yes,12.0,12.0,20126.960000000003,17387.52,2739.4400000000023,13.610798650168736,8.480565371024735,1,2022Q2,public benchmark data
PO-00042,Beta_Supplies,2022-04-05,2022-04-14,Office Supplies,Delivered,560,81.14,77.87,34.0,No,9.0,9.0,45438.4,43607.2,1831.199999999997,4.030071481390183,6.071428571428571,0,2022Q2,public benchmark data
PO-00043,Gamma_Co,2023-01-25,2023-02-02,Electronics,Delivered,1755,63.87,58.4,85.0,Yes,8.0,8.0,112091.85,102492.0,9599.849999999991,8.56427117582589,4.843304843304843,1,2023Q1,public benchmark data
PO-00044,Epsilon_Group,2022-04-10,2022-04-17,MRO,Delivered,1549,48.9,42.42,48.0,Yes,7.0,7.0,75746.09999999999,65708.58,10037.51999999999,13.251533742331276,3.0987734021949644,1,2022Q2,public benchmark data
PO-00045,Delta_Logistics,2023-01-03,2023-01-21,MRO,Delivered,749,97.07,94.16,123.0,Yes,18.0,18.0,72705.43,70525.84,2179.5899999999965,2.9978366127536784,16.421895861148197,1,2023Q1,public benchmark data
PO-00046,Alpha_Inc,2022-12-19,,Electronics,Delivered,1025,21.11,19.25,15.0,Yes,,,21637.75,19731.25,1906.5,8.810990052108005,1.4634146341463417,1,2022Q4,public benchmark data
PO-00047,Beta_Supplies,2023-09-11,2023-09-18,Raw Materials,Delivered,1856,59.77,50.81,191.0,Yes,7.0,7.0,110933.12,94303.36,16629.76000000001,14.990798059227044,10.29094827586207,1,2023Q3,public benchmark data
PO-00048,Epsilon_Group,2022-09-28,2022-10-14,Office Supplies,Delivered,239,11.46,11.28,4.0,Yes,16.0,16.0,2738.94,2695.92,43.01999999999998,1.5706806282722503,1.6736401673640169,1,2022Q3,public benchmark data
PO-00049,Delta_Logistics,2022-02-14,2022-03-05,Office Supplies,Pending,1007,52.44,46.06,167.0,Yes,19.0,19.0,52807.08,46382.420000000006,6424.659999999989,12.166285278413405,16.583912611717974,1,2022Q1,public benchmark data
PO-00050,Alpha_Inc,2023-04-16,,MRO,Pending,736,16.2,15.33,18.0,Yes,,,11923.2,11282.88,640.3199999999997,5.3703703703703685,2.4456521739130435,1,2023Q2,public benchmark data
PO-00051,Epsilon_Group,2023-07-04,2023-07-14,Electronics,Delivered,1007,22.56,19.59,,Yes,10.0,10.0,22717.92,19727.13,2990.789999999997,13.164893617021264,,1,2023Q3,public benchmark data
PO-00052,Delta_Logistics,2022-05-08,,Office Supplies,Delivered,612,20.99,19.75,102.0,Yes,,,12845.88,12087.0,758.8799999999992,5.907575035731295,16.666666666666664,1,2022Q2,public benchmark data
PO-00053,Alpha_Inc,2023-01-23,2023-02-02,MRO,Pending,1949,72.53,63.26,48.0,No,10.0,10.0,141360.97,123293.74,18067.23000000001,12.78091824072798,2.4628014366341717,0,2023Q1,public benchmark data
PO-00054,Delta_Logistics,2022-03-22,2022-03-28,Office Supplies,Cancelled,1640,77.92,76.41,262.0,No,6.0,6.0,127788.8,125312.4,2476.4000000000087,1.9378850102669476,15.975609756097562,0,2022Q1,public benchmark data
PO-00055,Beta_Supplies,2023-07-20,2023-08-07,Electronics,Delivered,1317,68.13,60.52,136.0,Yes,18.0,18.0,89727.20999999999,79704.84000000001,10022.36999999998,11.169822398356064,10.32649962034928,1,2023Q3,public benchmark data
PO-00056,Epsilon_Group,2022-10-28,2022-10-30,Raw Materials,Delivered,881,100.94,95.05,30.0,Yes,2.0,2.0,88928.14,83739.05,5189.0899999999965,5.835149593818105,3.40522133938706,1,2022Q4,public benchmark data
PO-00057,Delta_Logistics,2023-10-06,,Packaging,Delivered,1578,48.33,42.77,206.0,Yes,,,76264.73999999999,67491.06,8773.679999999993,11.504241671839427,13.054499366286436,1,2023Q4,public benchmark data
PO-00058,Delta_Logistics,2023-09-26,2023-10-01,MRO,Delivered,1204,39.29,35.44,,Yes,5.0,5.0,47305.16,42669.76,4635.4000000000015,9.79893102570629,,1,2023Q3,public benchmark data
PO-00059,Epsilon_Group,2023-01-06,2023-01-22,MRO,Pending,1558,93.46,91.27,39.0,Yes,16.0,16.0,145610.68,142198.66,3412.019999999989,2.3432484485341254,2.503209242618742,1,2023Q1,public benchmark data
PO-00060,Alpha_Inc,2023-08-15,2023-08-16,Packaging,Delivered,1892,32.99,28.81,35.0,Yes,1.0,1.0,62417.08,54508.52,7908.560000000005,12.670506214004252,1.849894291754757,1,2023Q3,public benchmark data
PO-00061,Epsilon_Group,2022-07-16,2022-08-01,Packaging,Delivered,696,99.59,90.18,25.0,Yes,16.0,16.0,69314.64,62765.280000000006,6549.359999999993,9.448739833316589,3.5919540229885056,1,2022Q3,public benchmark data
PO-00062,Delta_Logistics,2023-12-23,2024-01-03,MRO,Partially Delivered,70,12.37,11.04,10.0,Yes,11.0,11.0,865.9,772.8,93.10000000000002,10.751818916734036,14.285714285714285,1,2023Q4,public benchmark data
PO-00063,Gamma_Co,2022-03-13,2022-03-15,Raw Materials,Delivered,890,98.26,93.14,49.0,Yes,2.0,2.0,87451.40000000001,82894.6,4556.800000000003,5.21066558111134,5.50561797752809,1,2022Q1,public benchmark data
PO-00064,Alpha_Inc,2022-02-16,2022-03-04,MRO,Delivered,216,13.95,12.31,5.0,Yes,16.0,16.0,3013.2,2658.96,354.2399999999998,11.756272401433684,2.314814814814815,1,2022Q1,public benchmark data
PO-00065,Delta_Logistics,2023-11-09,2023-11-12,Packaging,Delivered,1347,100.13,94.3,200.0,Yes,3.0,3.0,134875.11,127022.1,7853.009999999995,5.822430839908116,14.847809948032664,1,2023Q4,public benchmark data
PO-00066,Gamma_Co,2022-08-22,2022-08-25,Office Supplies,Partially Delivered,437,59.51,56.45,25.0,No,3.0,3.0,26005.87,24668.65,1337.2199999999975,5.141992942362618,5.720823798627003,0,2022Q3,public benchmark data
PO-00067,Alpha_Inc,2022-10-24,2022-10-26,Electronics,Delivered,650,103.84,88.28,12.0,Yes,2.0,2.0,67496.0,57382.0,10114.0,14.984591679506934,1.8461538461538465,1,2022Q4,public benchmark data
PO-00068,Beta_Supplies,2022-03-23,2022-04-11,Office Supplies,Delivered,365,16.81,15.41,38.0,Yes,19.0,19.0,6135.65,5624.65,511.0,8.328375966686497,10.41095890410959,1,2022Q1,public benchmark data
PO-00069,Epsilon_Group,2022-08-27,,Raw Materials,Cancelled,63,61.94,53.8,,Yes,,,3902.22,3389.4,512.8200000000002,13.141750080723286,,1,2022Q3,public benchmark data
PO-00070,Alpha_Inc,2022-04-14,2022-04-22,MRO,Delivered,291,98.7,87.02,9.0,Yes,8.0,8.0,28721.7,25322.82,3398.880000000001,11.833839918946303,3.0927835051546397,1,2022Q2,public benchmark data
PO-00071,Alpha_Inc,2023-01-25,2023-02-08,MRO,Cancelled,826,60.5,57.18,18.0,Yes,14.0,14.0,49973.0,47230.68,2742.32,5.487603305785124,2.179176755447941,1,2023Q1,public benchmark data
PO-00072,Delta_Logistics,2022-10-12,2022-11-01,Electronics,Pending,1419,69.64,59.28,194.0,Yes,20.0,20.0,98819.16,84118.32,14700.839999999997,14.876507754164267,13.671599718111349,1,2022Q4,public benchmark data
PO-00073,Gamma_Co,2023-04-10,2023-04-27,Office Supplies,Delivered,614,78.06,73.95,40.0,Yes,17.0,17.0,47928.84,45405.3,2523.540000000001,5.265180630284398,6.514657980456026,1,2023Q2,public benchmark data
PO-00074,Alpha_Inc,2023-10-13,2023-10-28,Electronics,Delivered,947,56.25,54.25,19.0,Yes,15.0,15.0,53268.75,51374.75,1894.0,3.555555555555556,2.006335797254488,1,2023Q4,public benchmark data
PO-00075,Epsilon_Group,2023-01-09,2023-01-28,Raw Materials,Delivered,1413,70.47,69.65,,Yes,19.0,19.0,99574.11,98415.45,1158.659999999989,1.1636157230026851,,1,2023Q1,public benchmark data
PO-00076,Alpha_Inc,2022-06-16,,Office Supplies,Partially Delivered,141,64.15,58.32,,Yes,,,9045.15,8223.12,822.0300000000007,9.08807482462978,,1,2022Q2,public benchmark data
PO-00077,Alpha_Inc,2023-01-15,2023-02-04,Office Supplies,Delivered,1440,96.57,83.87,36.0,Yes,20.0,20.0,139060.8,120772.8,18287.999999999985,13.15108211659935,2.5,1,2023Q1,public benchmark data
PO-00078,Delta_Logistics,2022-12-30,2023-01-03,Raw Materials,Delivered,1005,14.87,12.79,,No,4.0,4.0,14944.35,12853.95,2090.4,13.987895090786818,,0,2022Q4,public benchmark data
PO-00079,Alpha_Inc,2022-08-03,,MRO,Delivered,1528,36.52,33.0,31.0,No,,,55802.560000000005,50424.0,5378.560000000005,9.638554216867478,2.0287958115183247,0,2022Q3,public benchmark data
PO-00080,Gamma_Co,2023-11-18,2023-11-25,MRO,Delivered,1501,106.05,100.99,77.0,No,7.0,7.0,159181.05,151585.99,7595.059999999998,4.77133427628477,5.129913391072619,0,2023Q4,public benchmark data
PO-00081,Delta_Logistics,2022-10-01,2022-10-04,Packaging,Delivered,558,94.18,81.4,,No,3.0,3.0,52552.44,45421.2,7131.239999999998,13.569760033977484,,0,2022Q4,public benchmark data
PO-00082,Beta_Supplies,2023-12-20,2023-12-26,MRO,Delivered,825,56.88,50.84,,Yes,6.0,6.0,46926.0,41943.0,4983.0,10.618846694796062,,1,2023Q4,public benchmark data
PO-00083,Beta_Supplies,2023-12-01,2023-12-07,Electronics,Cancelled,84,73.38,71.42,9.0,Yes,6.0,6.0,6163.92,5999.28,164.64000000000033,2.671027527936773,10.714285714285714,1,2023Q4,public benchmark data
PO-00084,Delta_Logistics,2023-10-26,2023-11-10,Raw Materials,Delivered,255,38.64,33.59,27.0,No,15.0,15.0,9853.2,8565.45,1287.75,13.06935817805383,10.588235294117649,0,2023Q4,public benchmark data
PO-00085,Gamma_Co,2022-03-15,2022-03-31,MRO,Delivered,1154,27.2,26.07,58.0,Yes,16.0,16.0,31388.8,30084.78,1304.0200000000004,4.154411764705883,5.025996533795494,1,2022Q1,public benchmark data
PO-00086,Delta_Logistics,2023-09-16,2023-09-24,Office Supplies,Delivered,1635,56.91,54.37,262.0,No,8.0,8.0,93047.85,88894.95,4152.899999999994,4.463187489017741,16.02446483180428,0,2023Q3,public benchmark data
PO-00087,Delta_Logistics,2023-10-13,2023-10-23,Raw Materials,Delivered,1945,46.19,40.12,278.0,No,10.0,10.0,89839.54999999999,78033.4,11806.149999999994,13.14137259147001,14.29305912596401,0,2023Q4,public benchmark data
PO-00088,Delta_Logistics,2022-06-25,2022-07-10,MRO,Partially Delivered,1461,64.09,63.39,228.0,No,15.0,15.0,93635.49,92612.79,1022.7000000000116,1.0922140739585082,15.60574948665298,0,2022Q2,public benchmark data
PO-00089,Delta_Logistics,2023-07-01,2023-07-09,Electronics,Delivered,1075,18.53,16.12,147.0,Yes,8.0,8.0,19919.75,17329.0,2590.75,13.00593631948192,13.674418604651162,1,2023Q3,public benchmark data
PO-00090,Alpha_Inc,2022-09-08,,Packaging,Delivered,1071,101.6,93.91,25.0,Yes,,,108813.6,100577.61,8235.98999999999,7.568897637795267,2.334267040149393,1,2022Q3,public benchmark data
PO-00091,Epsilon_Group,2022-06-17,2022-07-06,Packaging,Pending,1463,101.23,86.17,43.0,Yes,19.0,19.0,148099.49000000002,126066.71,22032.780000000013,14.877012743257934,2.939166097060834,1,2022Q2,public benchmark data
PO-00092,Beta_Supplies,2023-04-19,2023-04-26,Raw Materials,Delivered,615,78.3,73.68,69.0,Yes,7.0,7.0,48154.5,45313.2,2841.299999999996,5.900383141762442,11.219512195121952,1,2023Q2,public benchmark data
PO-00093,Gamma_Co,2023-01-24,2023-02-11,Electronics,Delivered,1179,61.74,56.28,,Yes,18.0,18.0,72791.46,66354.12,6437.340000000011,8.843537414966,,1,2023Q1,public benchmark data
PO-00094,Alpha_Inc,2022-10-04,2022-10-09,Electronics,Partially Delivered,1845,39.56,37.63,45.0,Yes,5.0,5.0,72988.2,69427.35,3560.8499999999917,4.878665318503527,2.4390243902439024,1,2022Q4,public benchmark data
PO-00095,Beta_Supplies,2023-10-18,,Electronics,Cancelled,1895,91.98,86.27,170.0,Yes,,,174302.1,163481.65,10820.450000000012,6.2078712763644335,8.970976253298153,1,2023Q4,public benchmark data
PO-00096,Epsilon_Group,2023-12-06,2023-12-09,MRO,Partially Delivered,1550,79.86,69.57,32.0,No,3.0,3.0,123783.0,107833.5,15949.500000000016,12.88504883546207,2.064516129032258,0,2023Q4,public benchmark data
PO-00097,Delta_Logistics,2023-07-25,2023-08-04,Packaging,Delivered,752,26.85,24.37,,No,10.0,10.0,20191.2,18326.24,1864.9599999999991,9.2364990689013,,0,2023Q3,public benchmark data
PO-00098,Epsilon_Group,2022-08-13,2022-09-01,Electronics,Delivered,451,95.2,90.07,21.0,Yes,19.0,19.0,42935.2,40621.57,2313.6300000000047,5.388655462184884,4.656319290465632,1,2022Q3,public benchmark data
PO-00099,Beta_Supplies,2023-12-03,,Office Supplies,Delivered,779,93.69,90.92,66.0,Yes,,,72984.51,70826.68000000001,2157.829999999987,2.956558864339827,8.472400513478819,1,2023Q4,public benchmark data
PO-00100,Beta_Supplies,2022-11-29,2022-12-14,MRO,Pending,1629,100.26,86.44,187.0,No,15.0,15.0,163323.54,140810.76,22512.78,13.784161180929583,11.479435236341311,0,2022Q4,public benchmark data
PO-00101,Alpha_Inc,2022-02-27,2022-02-22,Office Supplies,Delivered,211,75.69,65.4,2.0,Yes,-5.0,,15970.59,13799.4,2171.1899999999987,13.59492667459373,0.9478672985781992,1,2022Q1,public benchmark data
PO-00102,Alpha_Inc,2022-08-23,,Office Supplies,Delivered,251,67.49,64.48,2.0,Yes,,,16939.989999999998,16184.48,755.5099999999966,4.459919988146373,0.796812749003984,1,2022Q3,public benchmark data
PO-00103,Gamma_Co,2022-02-02,2022-02-18,Raw Materials,Delivered,1045,47.88,44.65,69.0,Yes,16.0,16.0,50034.600000000006,46659.25,3375.350000000006,6.746031746031757,6.6028708133971294,1,2022Q1,public benchmark data
PO-00104,Delta_Logistics,2022-11-20,2022-12-10,MRO,Delivered,319,98.64,89.15,57.0,Yes,20.0,20.0,31466.16,28438.85,3027.3099999999977,9.620843471208428,17.86833855799373,1,2022Q4,public benchmark data
PO-00105,Epsilon_Group,2023-02-15,2023-03-01,Office Supplies,Partially Delivered,1936,93.66,92.24,58.0,Yes,14.0,14.0,181325.76,178576.63999999998,2749.119999999996,1.516122143924832,2.995867768595041,1,2023Q1,public benchmark data
PO-00106,Delta_Logistics,2022-10-02,2022-10-22,MRO,Cancelled,865,14.7,13.14,135.0,No,20.0,20.0,12715.5,11366.1,1349.3999999999996,10.61224489795918,15.606936416184972,0,2022Q4,public benchmark data
PO-00107,Epsilon_Group,2022-03-09,2022-03-12,Electronics,Delivered,1344,12.5,10.87,44.0,Yes,3.0,3.0,16800.0,14609.28,2190.720000000001,13.040000000000006,3.273809523809524,1,2022Q1,public benchmark data
PO-00108,Delta_Logistics,2022-08-05,2022-08-24,Raw Materials,Pending,505,45.42,40.37,62.0,Yes,19.0,19.0,22937.1,20386.85,2550.250000000004,11.118450022016749,12.277227722772276,1,2022Q3,public benchmark data
PO-00109,Beta_Supplies,2023-08-04,2023-08-05,Packaging,Delivered,1535,90.83,78.28,151.0,No,1.0,1.0,139424.05,120159.8,19264.249999999985,13.81702080810304,9.8371335504886,0,2023Q3,public benchmark data
PO-00110,Beta_Supplies,2022-11-19,,Office Supplies,Delivered,1800,103.8,96.27,166.0,Yes,,,186840.0,173286.0,13554.0,7.254335260115607,9.22222222222222,1,2022Q4,public benchmark data
PO-00111,Delta_Logistics,2022-08-06,2022-08-15,Raw Materials,Pending,1325,24.36,22.75,206.0,Yes,9.0,9.0,32277.0,30143.75,2133.25,6.609195402298851,15.547169811320757,1,2022Q3,public benchmark data
PO-00112,Gamma_Co,2023-11-03,2023-11-09,Raw Materials,Delivered,1066,70.45,65.88,56.0,No,6.0,6.0,75099.7,70228.08,4871.619999999995,6.486870120652939,5.253283302063791,0,2023Q4,public benchmark data
PO-00113,Beta_Supplies,2023-05-27,2023-06-11,Raw Materials,Delivered,1775,47.82,45.86,180.0,Yes,15.0,15.0,84880.5,81401.5,3479.0,4.098703471350899,10.140845070422536,1,2023Q2,public benchmark data
PO-00114,Gamma_Co,2023-02-10,,Raw Materials,Partially Delivered,345,103.62,98.09,25.0,No,,,35748.9,33841.05,1907.8499999999983,5.336807566106925,7.246376811594203,0,2023Q1,public benchmark data
PO-00115,Beta_Supplies,2023-10-21,2023-11-09,Electronics,Delivered,1798,94.8,91.83,,Yes,19.0,19.0,170450.4,165110.34,5340.059999999998,3.132911392405062,,1,2023Q4,public benchmark data
PO-00116,Alpha_Inc,2023-04-15,2023-05-01,MRO,Delivered,769,91.86,86.55,17.0,Yes,16.0,16.0,70640.34,66556.95,4083.39,5.780535597648595,2.210663198959688,1,2023Q2,public benchmark data
PO-00117,Alpha_Inc,2022-05-27,,Packaging,Delivered,1822,53.23,47.49,39.0,Yes,,,96985.06,86526.78,10458.28,10.783392823595715,2.140504939626784,1,2022Q2,public benchmark data
PO-00118,Delta_Logistics,2022-09-29,2022-10-13,Packaging,Delivered,387,49.23,45.41,61.0,Yes,14.0,14.0,19052.01,17573.67,1478.34,7.759496242128784,15.762273901808785,1,2022Q3,public benchmark data
PO-00119,Epsilon_Group,2022-05-23,2022-05-27,MRO,Delivered,928,35.3,32.52,26.0,Yes,4.0,4.0,32758.4,30178.56,2579.8399999999965,7.875354107648715,2.8017241379310347,1,2022Q2,public benchmark data
PO-00120,Alpha_Inc,2022-09-10,2022-09-21,Packaging,Partially Delivered,1126,15.68,14.97,27.0,Yes,11.0,11.0,17655.68,16856.22,799.4599999999991,4.528061224489791,2.3978685612788637,1,2022Q3,public benchmark data
PO-00121,Beta_Supplies,2023-07-29,2023-08-14,Raw Materials,Cancelled,841,95.73,85.33,81.0,Yes,16.0,16.0,80508.93000000001,71762.53,8746.400000000009,10.863888018385053,9.63139120095125,1,2023Q3,public benchmark data
PO-00122,Beta_Supplies,2023-07-06,2023-07-19,Electronics,Delivered,1995,90.65,77.75,206.0,Yes,13.0,13.0,180846.75,155111.25,25735.5,14.230557087699944,10.325814536340852,1,2023Q3,public benchmark data
PO-00123,Alpha_Inc,2022-09-27,2022-10-15,Raw Materials,Delivered,266,103.97,101.44,6.0,Yes,18.0,18.0,27656.02,26983.04,672.9799999999996,2.433394248340866,2.255639097744361,1,2022Q3,public benchmark data
PO-00124,Alpha_Inc,2023-08-22,2023-08-25,Raw Materials,Cancelled,813,109.17,107.39,14.0,Yes,3.0,3.0,88755.21,87308.07,1447.1399999999994,1.6304845653567823,1.7220172201722015,1,2023Q3,public benchmark data
PO-00125,Epsilon_Group,2023-03-15,2023-03-26,Electronics,Delivered,237,64.19,59.01,7.0,Yes,11.0,11.0,15213.03,13985.37,1227.66,8.069792802617231,2.9535864978902957,1,2023Q1,public benchmark data
PO-00126,Alpha_Inc,2023-08-21,2023-09-03,Office Supplies,Cancelled,429,86.73,75.09,9.0,Yes,13.0,13.0,37207.17,32213.61,4993.559999999998,13.420961604980969,2.097902097902098,1,2023Q3,public benchmark data
PO-00127,Delta_Logistics,2023-02-13,2023-02-14,Packaging,Delivered,542,101.21,93.11,78.0,No,1.0,1.0,54855.82,50465.62,4390.199999999997,8.003161742910775,14.391143911439114,0,2023Q1,public benchmark data
PO-00128,Epsilon_Group,2023-01-06,2023-01-24,Electronics,Delivered,1114,91.66,85.53,35.0,Yes,18.0,18.0,102109.24,95280.42,6828.819999999992,6.68775910975343,3.141831238779174,1,2023Q1,public benchmark data
PO-00129,Alpha_Inc,2022-08-13,2022-08-15,MRO,Delivered,1230,33.39,30.85,26.0,Yes,2.0,2.0,41069.7,37945.5,3124.199999999997,7.607067984426469,2.113821138211382,1,2022Q3,public benchmark data
PO-00130,Beta_Supplies,2022-05-22,2022-06-03,MRO,Delivered,64,51.56,50.88,5.0,Yes,12.0,12.0,3299.84,3256.32,43.51999999999998,1.318851823118696,7.8125,1,2022Q2,public benchmark data
PO-00131,Alpha_Inc,2023-06-06,2023-06-22,MRO,Delivered,1886,23.46,23.18,,Yes,16.0,16.0,44245.560000000005,43717.48,528.080000000009,1.193520886615536,,1,2023Q2,public benchmark data
PO-00132,Delta_Logistics,2023-05-21,2023-05-23,Office Supplies,Delivered,114,103.53,101.54,14.0,Yes,2.0,2.0,11802.42,11575.56,226.8599999999988,1.922148169612662,12.280701754385964,1,2023Q2,public benchmark data
PO-00133,Delta_Logistics,2022-04-04,2022-04-22,Electronics,Cancelled,1930,65.52,56.9,282.0,Yes,18.0,18.0,126453.6,109817.0,16636.59999999999,13.15628815628815,14.61139896373057,1,2022Q2,public benchmark data
PO-00134,Beta_Supplies,2022-02-18,2022-02-28,Office Supplies,Pending,1912,30.73,29.82,191.0,Yes,10.0,10.0,58755.76,57015.84,1739.9199999999985,2.9612756264236872,9.989539748953977,1,2022Q1,public benchmark data
PO-00135,Epsilon_Group,2022-04-23,2022-05-09,MRO,Delivered,570,71.51,66.47,,Yes,16.0,16.0,40760.7,37887.9,2872.800000000003,7.047965319535736,,1,2022Q2,public benchmark data
PO-00136,Beta_Supplies,2022-06-06,2022-06-26,Raw Materials,Delivered,1417,67.27,60.62,,Yes,20.0,20.0,95321.59,85898.54,9423.050000000005,9.88553590010406,,1,2022Q2,public benchmark data
PO-00137,Alpha_Inc,2023-10-05,2023-10-11,Raw Materials,Delivered,1202,46.67,44.13,21.0,No,6.0,6.0,56097.34,53044.26,3053.0800000000017,5.442468395114637,1.747088186356073,0,2023Q4,public benchmark data
PO-00138,Beta_Supplies,2022-06-13,2022-06-14,Office Supplies,Delivered,697,20.73,19.83,78.0,No,1.0,1.0,14448.81,13821.509999999998,627.3000000000011,4.341534008683076,11.190817790530849,0,2022Q2,public benchmark data
PO-00139,Epsilon_Group,2023-11-28,2023-12-01,MRO,Delivered,1545,78.19,76.91,42.0,Yes,3.0,3.0,120803.55,118825.95,1977.6000000000056,1.6370379843969864,2.718446601941748,1,2023Q4,public benchmark data
PO-00140,Gamma_Co,2023-03-09,2023-03-13,MRO,Partially Delivered,1136,60.81,58.25,62.0,Yes,4.0,4.0,69080.16,66172.0,2908.1600000000035,4.209833908896568,5.457746478873239,1,2023Q1,public benchmark data
PO-00141,Beta_Supplies,2023-09-03,2023-09-07,MRO,Delivered,1212,87.46,74.55,118.0,No,4.0,4.0,106001.52,90354.6,15646.919999999998,14.761033615367026,9.735973597359736,0,2023Q3,public benchmark data
PO-00142,Epsilon_Group,2022-03-07,2022-03-12,MRO,Delivered,1572,57.38,49.32,40.0,Yes,5.0,5.0,90201.36,77531.04,12670.320000000009,14.04670616939701,2.5445292620865136,1,2022Q1,public benchmark data
PO-00143,Gamma_Co,2023-01-30,2023-02-09,Electronics,Delivered,642,91.9,81.49,26.0,Yes,10.0,10.0,58999.8,52316.58,6683.220000000008,11.327529923830264,4.049844236760125,1,2023Q1,public benchmark data
PO-00144,Epsilon_Group,2023-01-26,2023-02-04,Office Supplies,Delivered,441,63.25,54.12,16.0,Yes,9.0,9.0,27893.25,23866.92,4026.3300000000017,14.43478260869566,3.6281179138322,1,2023Q1,public benchmark data
PO-00145,Epsilon_Group,2023-09-03,2023-09-19,Office Supplies,Delivered,1748,66.53,57.11,,Yes,16.0,16.0,116294.44,99828.28,16466.160000000003,14.15902600330678,,1,2023Q3,public benchmark data
PO-00146,Gamma_Co,2023-04-25,,Electronics,Pending,468,95.57,91.8,24.0,Yes,,,44726.76,42962.4,1764.3599999999933,3.9447525374071217,5.128205128205128,1,2023Q2,public benchmark data
PO-00147,Beta_Supplies,2023-06-26,2023-07-14,Raw Materials,Delivered,338,50.25,46.28,49.0,No,18.0,18.0,16984.5,15642.64,1341.8599999999988,7.900497512437804,14.497041420118345,0,2023Q2,public benchmark data
PO-00148,Gamma_Co,2022-09-15,2022-09-22,Office Supplies,Delivered,428,22.94,21.52,26.0,Yes,7.0,7.0,9818.32,9210.56,607.7600000000002,6.1900610287707085,6.074766355140187,1,2022Q3,public benchmark data
PO-00149,Beta_Supplies,2023-07-21,,Packaging,Delivered,1846,13.72,12.62,216.0,Yes,,,25327.120000000003,23296.52,2030.6000000000056,8.017492711370284,11.700975081256772,1,2023Q3,public benchmark data
PO-00150,Epsilon_Group,2022-01-12,2022-01-17,Office Supplies,Delivered,1563,77.96,70.8,41.0,Yes,5.0,5.0,121851.48,110660.4,11191.080000000002,9.184197024114932,2.6231605886116443,1,2022Q1,public benchmark data
PO-00151,Beta_Supplies,2023-11-28,2023-12-07,Office Supplies,Delivered,280,73.07,69.29,30.0,Yes,9.0,9.0,20459.6,19401.2,1058.3999999999978,5.173121664157647,10.714285714285714,1,2023Q4,public benchmark data
PO-00152,Delta_Logistics,2022-04-28,2022-05-12,Raw Materials,Delivered,1067,74.47,64.16,,No,14.0,14.0,79459.49,68458.72,11000.770000000004,13.844501141399226,,0,2022Q2,public benchmark data
PO-00153,Gamma_Co,2023-11-30,2023-12-17,Electronics,Pending,90,32.38,29.96,7.0,Yes,17.0,17.0,2914.2000000000003,2696.4,217.80000000000015,7.473749227918473,7.777777777777778,1,2023Q4,public benchmark data
PO-00154,Gamma_Co,2023-07-04,2023-07-05,Raw Materials,Delivered,1101,24.28,22.73,59.0,No,1.0,1.0,26732.28,25025.73,1706.550000000003,6.383855024711707,5.358764759309718,0,2023Q3,public benchmark data
PO-00155,Alpha_Inc,2022-10-01,2022-10-11,Raw Materials,Delivered,184,11.82,10.51,4.0,Yes,10.0,10.0,2174.88,1933.84,241.0400000000002,11.08291032148901,2.1739130434782608,1,2022Q4,public benchmark data
PO-00156,Epsilon_Group,2023-10-19,2023-11-07,Electronics,Delivered,250,45.92,41.02,3.0,Yes,19.0,19.0,11480.0,10255.0,1225.0,10.670731707317072,1.2,1,2023Q4,public benchmark data
PO-00157,Epsilon_Group,2022-12-15,,Packaging,Cancelled,1913,66.56,61.34,61.0,Yes,,,127329.28,117343.42,9985.859999999986,7.842548076923066,3.1887088342916883,1,2022Q4,public benchmark data
PO-00158,Beta_Supplies,2022-04-25,2022-04-30,Electronics,Delivered,829,45.98,40.39,,Yes,5.0,5.0,38117.42,33483.31,4634.110000000001,12.15745976511527,,1,2022Q2,public benchmark data
PO-00159,Delta_Logistics,2022-10-28,2022-11-13,Raw Materials,Delivered,979,51.59,49.69,148.0,Yes,16.0,16.0,50506.61,48646.51,1860.1000000000056,3.682884279899216,15.11746680286006,1,2022Q4,public benchmark data
PO-00160,Epsilon_Group,2023-03-22,2023-04-09,Electronics,Partially Delivered,1106,97.77,90.45,31.0,Yes,18.0,18.0,108133.62,100037.7,8095.919999999998,7.486959189935562,2.802893309222423,1,2023Q1,public benchmark data
PO-00161,Delta_Logistics,2022-06-11,2022-06-24,Office Supplies,Pending,1121,42.38,38.34,152.0,Yes,13.0,13.0,47507.98,42979.14000000001,4528.8399999999965,9.532798489853697,13.559322033898304,1,2022Q2,public benchmark data
PO-00162,Alpha_Inc,2023-04-10,2023-04-21,Office Supplies,Delivered,552,60.48,56.78,10.0,Yes,11.0,11.0,33384.96,31342.56,2042.3999999999976,6.117724867724862,1.8115942028985508,1,2023Q2,public benchmark data
PO-00163,Gamma_Co,2022-01-04,2022-01-12,Packaging,Delivered,456,80.53,77.86,26.0,Yes,8.0,8.0,36721.68,35504.16,1217.520000000004,3.315534583385085,5.701754385964912,1,2022Q1,public benchmark data
PO-00164,Delta_Logistics,2022-09-27,2022-10-05,Packaging,Delivered,1647,47.52,44.92,,Yes,8.0,8.0,78265.44,73983.24,4282.199999999997,5.471380471380467,,1,2022Q3,public benchmark data
PO-00165,Epsilon_Group,2023-05-28,2023-06-11,Electronics,Pending,1801,71.27,61.24,43.0,Yes,14.0,14.0,128357.27,110293.24,18064.029999999984,14.073242598568813,2.3875624652970573,1,2023Q2,public benchmark data
PO-00166,Gamma_Co,2022-07-02,2022-07-18,Electronics,Delivered,854,90.24,85.53,,Yes,16.0,16.0,77064.95999999999,73042.62,4022.339999999997,5.219414893617017,,1,2022Q3,public benchmark data
PO-00167,Delta_Logistics,2023-06-04,2023-06-17,Electronics,Delivered,148,103.57,98.62,23.0,No,13.0,13.0,15328.36,14595.76,732.5999999999985,4.77937626725885,15.54054054054054,0,2023Q2,public benchmark data
PO-00168,Delta_Logistics,2022-04-19,2022-04-24,MRO,Delivered,733,23.59,22.85,92.0,Yes,5.0,5.0,17291.47,16749.05,542.4200000000019,3.1369224247562637,12.551159618008189,1,2022Q2,public benchmark data
PO-00169,Beta_Supplies,2023-10-03,2023-10-05,Raw Materials,Delivered,1945,103.2,88.56,,Yes,2.0,2.0,200724.0,172249.2,28474.79999999999,14.1860465116279,,1,2023Q4,public benchmark data
PO-00170,Gamma_Co,2022-11-02,2022-11-21,Raw Materials,Delivered,775,57.0,49.14,48.0,Yes,19.0,19.0,44175.0,38083.5,6091.5,13.789473684210526,6.193548387096774,1,2022Q4,public benchmark data
PO-00171,Delta_Logistics,2023-10-17,2023-10-21,Packaging,Delivered,1620,36.73,33.45,235.0,No,4.0,4.0,59502.6,54189.00000000001,5313.599999999991,8.930029948271153,14.506172839506174,0,2023Q4,public benchmark data
PO-00172,Beta_Supplies,2023-06-04,2023-06-19,Office Supplies,Delivered,1010,55.68,50.86,,Yes,15.0,15.0,56236.8,51368.6,4868.200000000004,8.656609195402307,,1,2023Q2,public benchmark data
PO-00173,Epsilon_Group,2023-09-16,2023-10-01,Office Supplies,Delivered,1812,108.02,101.02,51.0,Yes,15.0,15.0,195732.24,183048.24,12684.0,6.480281429364933,2.814569536423841,1,2023Q3,public benchmark data
PO-00174,Delta_Logistics,2022-07-23,2022-07-28,Office Supplies,Delivered,662,55.97,50.0,100.0,Yes,5.0,5.0,37052.14,33100.0,3952.14,10.666428443809185,15.105740181268882,1,2022Q3,public benchmark data
PO-00175,Beta_Supplies,2022-06-06,2022-06-11,Office Supplies,Pending,1535,40.58,38.71,165.0,Yes,5.0,5.0,62290.3,59419.85,2870.449999999997,4.608181370133066,10.749185667752444,1,2022Q2,public benchmark data
PO-00176,Beta_Supplies,2023-01-18,2023-01-27,Raw Materials,Delivered,692,71.03,67.74,70.0,Yes,9.0,9.0,49152.76,46876.08,2276.680000000008,4.631845699000438,10.115606936416183,1,2023Q1,public benchmark data
PO-00177,Gamma_Co,2022-06-15,2022-06-28,MRO,Delivered,1842,32.4,28.08,96.0,Yes,13.0,13.0,59680.8,51723.35999999999,7957.440000000002,13.33333333333334,5.211726384364821,1,2022Q2,public benchmark data
PO-00178,Beta_Supplies,2023-07-07,2023-07-18,Office Supplies,Cancelled,1078,18.34,17.41,102.0,Yes,11.0,11.0,19770.52,18767.98,1002.5400000000008,5.070883315158128,9.461966604823749,1,2023Q3,public benchmark data
PO-00179,Delta_Logistics,2023-06-28,2023-07-16,Packaging,Delivered,1291,23.44,22.23,,Yes,18.0,18.0,30261.04,28698.93,1562.1100000000006,5.162116040955633,,1,2023Q2,public benchmark data
PO-00180,Alpha_Inc,2022-01-01,2022-01-12,Electronics,Delivered,552,21.52,18.79,13.0,Yes,11.0,11.0,11879.04,10372.08,1506.9599999999991,12.68587360594795,2.355072463768116,1,2022Q1,public benchmark data
PO-00181,Epsilon_Group,2023-09-06,2023-09-22,Electronics,Delivered,816,26.04,25.61,28.0,Yes,16.0,16.0,21248.64,20897.76,350.880000000001,1.651305683563753,3.431372549019608,1,2023Q3,public benchmark data
PO-00182,Delta_Logistics,2022-11-28,2022-11-30,Packaging,Delivered,447,23.62,21.81,50.0,Yes,2.0,2.0,10558.14,9749.07,809.0700000000015,7.66299745977986,11.185682326621924,1,2022Q4,public benchmark data
PO-00183,Delta_Logistics,2023-05-16,2023-05-24,Packaging,Partially Delivered,920,73.09,70.14,,Yes,8.0,8.0,67242.8,64528.8,2714.0,4.036119852236968,,1,2023Q2,public benchmark data
PO-00184,Epsilon_Group,2022-01-20,2022-01-30,Packaging,Partially Delivered,844,26.37,25.08,38.0,Yes,10.0,10.0,22256.28,21167.52,1088.7600000000057,4.891922639362938,4.502369668246446,1,2022Q1,public benchmark data
PO-00185,Epsilon_Group,2022-04-25,,MRO,Delivered,442,41.73,36.45,15.0,Yes,,,18444.66,16110.9,2333.7599999999984,12.6527677929547,3.3936651583710407,1,2022Q2,public benchmark data
PO-00186,Beta_Supplies,2023-01-07,2023-01-21,Electronics,Cancelled,256,96.15,83.44,26.0,Yes,14.0,14.0,24614.4,21360.64,3253.760000000002,13.218928757150294,10.15625,1,2023Q1,public benchmark data
PO-00187,Delta_Logistics,2022-11-11,,MRO,Partially Delivered,1088,55.29,53.04,161.0,No,,,60155.52,57707.52,2448.0,4.069451980466631,14.79779411764706,0,2022Q4,public benchmark data
PO-00188,Beta_Supplies,2022-09-03,2022-09-07,Office Supplies,Delivered,1931,72.88,64.69,187.0,Yes,4.0,4.0,140731.28,124916.39,15814.89,11.237650933040614,9.684101501812531,1,2022Q3,public benchmark data
PO-00189,Gamma_Co,2022-03-01,2022-03-11,Electronics,Delivered,1627,25.76,25.09,74.0,Yes,10.0,10.0,41911.52,40821.43,1090.0900000000038,2.600931677018642,4.548248309772587,1,2022Q1,public benchmark data
PO-00190,Beta_Supplies,2022-09-04,,Packaging,Delivered,941,28.4,27.21,,No,,,26724.4,25604.61,1119.7899999999972,4.190140845070413,,0,2022Q3,public benchmark data
PO-00191,Gamma_Co,2023-08-04,2023-08-06,MRO,Delivered,1534,14.98,12.79,,Yes,2.0,2.0,22979.32,19619.86,3359.4600000000028,14.619492656875844,,1,2023Q3,public benchmark data
PO-00192,Alpha_Inc,2022-03-22,2022-04-03,Raw Materials,Delivered,1764,25.46,24.52,46.0,Yes,12.0,12.0,44911.44,43253.28,1658.1600000000035,3.69206598586018,2.6077097505668934,1,2022Q1,public benchmark data
PO-00193,Delta_Logistics,2022-03-29,2022-04-06,Electronics,Delivered,1648,35.42,31.46,,No,8.0,8.0,58372.16,51846.08,6526.080000000002,11.180124223602489,,0,2022Q1,public benchmark data
PO-00194,Gamma_Co,2023-05-13,2023-06-01,Packaging,Delivered,913,28.01,24.06,53.0,Yes,19.0,19.0,25573.13,21966.78,3606.350000000002,14.102106390574804,5.805038335158817,1,2023Q2,public benchmark data
PO-00195,Alpha_Inc,2022-03-12,2022-03-18,Packaging,Cancelled,792,18.16,17.25,17.0,Yes,6.0,6.0,14382.72,13662.0,720.7199999999993,5.011013215859027,2.146464646464646,1,2022Q1,public benchmark data
PO-00196,Epsilon_Group,2023-06-30,2023-07-03,Office Supplies,Partially Delivered,1314,22.63,21.06,44.0,Yes,3.0,3.0,29735.82,27672.84,2062.980000000003,6.93769332744146,3.34855403348554,1,2023Q2,public benchmark data
PO-00197,Beta_Supplies,2022-05-09,2022-05-22,MRO,Delivered,613,52.5,45.19,70.0,Yes,13.0,13.0,32182.5,27701.47,4481.0300000000025,13.923809523809531,11.419249592169658,1,2022Q2,public benchmark data
PO-00198,Alpha_Inc,2022-05-12,2022-05-20,Office Supplies,Delivered,1070,29.14,26.63,24.0,Yes,8.0,8.0,31179.8,28494.1,2685.7000000000007,8.61358956760467,2.2429906542056077,1,2022Q2,public benchmark data
PO-00199,Gamma_Co,2023-11-07,2023-11-26,Raw Materials,Partially Delivered,145,47.49,42.76,6.0,Yes,19.0,19.0,6886.05,6200.2,685.8500000000004,9.959991577174147,4.137931034482759,1,2023Q4,public benchmark data
PO-00200,Delta_Logistics,2023-05-02,2023-05-17,Raw Materials,Delivered,1973,59.73,54.95,291.0,Yes,15.0,15.0,117847.29,108416.35,9430.939999999988,8.002678720910755,14.749113025848962,1,2023Q2,public benchmark data
PO-00201,Epsilon_Group,2023-07-17,2023-08-01,Office Supplies,Delivered,1807,78.63,73.08,100.0,Yes,15.0,15.0,142084.41,132055.56,10028.850000000006,7.058374666157959,5.534034311012729,1,2023Q3,public benchmark data
PO-00202,Epsilon_Group,2022-06-19,2022-06-20,Electronics,Delivered,534,13.88,12.51,100.0,Yes,1.0,1.0,7411.92,6680.34,731.5799999999999,9.870317002881842,18.726591760299627,1,2022Q2,public benchmark data
PO-00203,Alpha_Inc,2022-09-29,2022-10-14,Electronics,Delivered,1480,85.22,75.48,100.0,Yes,15.0,15.0,126125.6,111710.4,14415.199999999984,11.42924196198074,6.756756756756757,1,2022Q3,public benchmark data
PO-00204,Alpha_Inc,2023-06-25,,Office Supplies,Delivered,280,72.16,62.38,100.0,Yes,,,20204.8,17466.4,2738.399999999998,13.55321507760531,35.714285714285715,1,2023Q2,public benchmark data
PO-00205,Beta_Supplies,2023-09-14,2023-09-20,Office Supplies,Cancelled,798,19.09,17.76,100.0,Yes,6.0,6.0,15233.82,14172.48,1061.3399999999983,6.966998428496584,12.531328320802004,1,2023Q3,public benchmark data
PO-00206,Epsilon_Group,2023-03-10,2023-03-22,Electronics,Delivered,1728,94.83,90.2,100.0,Yes,12.0,12.0,163866.24,155865.6,8000.639999999985,4.882421174733725,5.787037037037037,1,2023Q1,public benchmark data
PO-00207,Epsilon_Group,2022-08-05,,MRO,Delivered,1244,96.13,84.78,43.0,Yes,,,119585.72,105466.32,14119.399999999994,11.8069281181733,3.456591639871383,1,2022Q3,public benchmark data
PO-00208,Beta_Supplies,2023-07-07,2023-07-21,Office Supplies,Delivered,590,16.89,15.56,46.0,No,14.0,14.0,9965.1,9180.4,784.7000000000007,7.874481941977509,7.796610169491526,0,2023Q3,public benchmark data
PO-00209,Delta_Logistics,2023-12-08,2023-12-23,Packaging,Delivered,1109,38.93,33.33,152.0,Yes,15.0,15.0,43173.37,36962.97,6210.4000000000015,14.384793218597483,13.706041478809738,1,2023Q4,public benchmark data
PO-00210,Beta_Supplies,2022-07-25,2022-08-01,MRO,Delivered,574,85.03,82.55,54.0,Yes,7.0,7.0,48807.22,47383.7,1423.520000000004,2.916617664353766,9.40766550522648,1,2022Q3,public benchmark data
PO-00211,Gamma_Co,2024-01-01,,Office Supplies,Delivered,1233,86.62,76.59,65.0,Yes,,,106802.46,94435.47,12366.990000000003,11.579311937196955,5.271695052716951,1,2024Q1,public benchmark data
PO-00212,Gamma_Co,2022-11-16,2022-11-20,Packaging,Delivered,1912,27.94,25.59,83.0,No,4.0,4.0,53421.28,48928.08,4493.199999999997,8.410880458124549,4.341004184100418,0,2022Q4,public benchmark data
PO-00213,Alpha_Inc,2023-02-13,2023-03-04,Packaging,Delivered,1772,30.72,27.76,46.0,No,19.0,19.0,54435.84,49190.72,5245.119999999995,9.63541666666666,2.595936794582393,0,2023Q1,public benchmark data
PO-00214,Beta_Supplies,2023-11-19,2023-11-29,Office Supplies,Delivered,1316,48.11,41.9,135.0,Yes,10.0,10.0,63312.76,55140.4,8172.360000000001,12.907919351486177,10.25835866261398,1,2023Q4,public benchmark data
PO-00215,Beta_Supplies,2023-10-28,,Office Supplies,Delivered,1159,59.24,58.08,,Yes,,,68659.16,67314.72,1344.4400000000023,1.95813639432816,,1,2023Q4,public benchmark data
PO-00216,Alpha_Inc,2023-01-18,2023-01-31,Office Supplies,Delivered,1869,69.58,67.5,31.0,Yes,13.0,13.0,130045.02,126157.5,3887.520000000004,2.989364759988505,1.6586409844836811,1,2023Q1,public benchmark data
PO-00217,Delta_Logistics,2023-03-25,2023-04-13,Packaging,Delivered,627,46.23,42.87,,Yes,19.0,19.0,28986.21,26879.49,2106.720000000001,7.268007787151205,,1,2023Q1,public benchmark data
PO-00218,Beta_Supplies,2023-06-14,2023-06-16,Raw Materials,Pending,731,56.02,54.78,70.0,No,2.0,2.0,40950.62,40044.18,906.4400000000024,2.213495180292758,9.57592339261286,0,2023Q2,public benchmark data
PO-00219,Epsilon_Group,2023-04-08,,Office Supplies,Cancelled,606,83.07,79.22,16.0,Yes,,,50340.42,48007.32,2333.0999999999985,4.6346454797159,2.64026402640264,1,2023Q2,public benchmark data
PO-00220,Beta_Supplies,2022-05-04,2022-05-14,Office Supplies,Delivered,1647,13.57,12.33,157.0,Yes,10.0,10.0,22349.79,20307.51,2042.2800000000025,9.13780397936626,9.532483302975104,1,2022Q2,public benchmark data
PO-00221,Delta_Logistics,2022-09-11,2022-09-19,MRO,Delivered,1062,34.03,30.46,,Yes,8.0,8.0,36139.86,32348.52,3791.34,10.490743461651483,,1,2022Q3,public benchmark data
PO-00222,Beta_Supplies,2022-08-19,2022-08-31,Office Supplies,Delivered,695,76.8,69.76,,No,12.0,12.0,53376.0,48483.2,4892.799999999996,9.16666666666666,,0,2022Q3,public benchmark data
PO-00223,Epsilon_Group,2022-03-07,2022-03-14,MRO,Delivered,845,91.47,86.97,,Yes,7.0,7.0,77292.15,73489.65,3802.5,4.919645785503444,,1,2022Q1,public benchmark data
PO-00224,Gamma_Co,2022-12-13,2022-12-18,MRO,Delivered,1101,59.13,52.51,54.0,Yes,5.0,5.0,65102.130000000005,57813.51,7288.62000000001,11.195670556401163,4.904632152588556,1,2022Q4,public benchmark data
PO-00225,Gamma_Co,2022-01-22,2022-01-24,Raw Materials,Delivered,1693,57.89,49.84,88.0,Yes,2.0,2.0,98007.77,84379.12000000001,13628.649999999994,13.90568319226118,5.197873597164796,1,2022Q1,public benchmark data
PO-00226,Delta_Logistics,2023-08-26,2023-09-10,Office Supplies,Cancelled,1629,21.51,19.41,250.0,No,15.0,15.0,35039.79,31618.89,3420.900000000001,9.7629009762901,15.34683855125844,0,2023Q3,public benchmark data
PO-00227,Delta_Logistics,2023-07-22,2023-08-03,Raw Materials,Delivered,1413,54.79,50.42,,Yes,12.0,12.0,77418.27,71243.46,6174.809999999998,7.97590801241102,,1,2023Q3,public benchmark data
PO-00228,Epsilon_Group,2022-08-24,2022-08-27,Packaging,Delivered,1871,59.96,58.54,47.0,Yes,3.0,3.0,112185.16,109528.34,2656.820000000007,2.368245496998005,2.512025654730091,1,2022Q3,public benchmark data
PO-00229,Gamma_Co,2023-08-26,,Raw Materials,Delivered,1404,34.85,30.5,78.0,Yes,,,48929.4,42822.0,6107.4000000000015,12.482065997130562,5.555555555555555,1,2023Q3,public benchmark data
PO-00230,Gamma_Co,2022-08-14,2022-08-28,Electronics,Delivered,1713,35.43,34.11,74.0,Yes,14.0,14.0,60691.59,58430.43,2261.159999999996,3.725656223539368,4.319906596614128,1,2022Q3,public benchmark data
PO-00231,Gamma_Co,2022-01-08,2022-01-13,Electronics,Delivered,1579,43.96,43.41,74.0,Yes,5.0,5.0,69412.84,68544.39,868.4499999999971,1.2511373976342088,4.686510449651679,1,2022Q1,public benchmark data
PO-00232,Gamma_Co,2022-03-14,2022-03-26,Electronics,Delivered,1421,11.92,11.72,76.0,Yes,12.0,12.0,16938.32,16654.120000000003,284.1999999999971,1.6778523489932715,5.348346235045742,1,2022Q1,public benchmark data
PO-00233,Epsilon_Group,2023-12-26,2024-01-04,MRO,Delivered,1546,43.47,37.37,53.0,Yes,9.0,9.0,67204.62,57774.02,9430.6,14.03266620657925,3.428201811125485,1,2023Q4,public benchmark data
PO-00234,Delta_Logistics,2023-10-09,2023-10-18,Electronics,Delivered,1304,32.08,29.36,,Yes,9.0,9.0,41832.32,38285.44,3546.8799999999974,8.478802992518697,,1,2023Q4,public benchmark data
PO-00235,Delta_Logistics,2022-03-02,,Raw Materials,Delivered,239,39.87,35.47,32.0,Yes,,,9528.93,8477.33,1051.6000000000004,11.03586656634061,13.389121338912132,1,2022Q1,public benchmark data
PO-00236,Alpha_Inc,2022-08-23,,Office Supplies,Delivered,1298,21.51,20.83,,Yes,,,27919.980000000003,27037.34,882.6400000000067,3.161320316132056,,1,2022Q3,public benchmark data
PO-00237,Delta_Logistics,2022-03-11,,MRO,Delivered,1458,91.05,81.56,220.0,Yes,,,132750.9,118914.48,13836.419999999984,10.422844590884118,15.089163237311384,1,2022Q1,public benchmark data
PO-00238,Gamma_Co,2022-02-02,2022-02-13,MRO,Delivered,1450,63.74,59.11,71.0,Yes,11.0,11.0,92423.0,85709.5,6713.5,7.263884530906808,4.896551724137932,1,2022Q1,public benchmark data
PO-00239,Beta_Supplies,2022-12-05,2022-12-20,Electronics,Delivered,1356,75.03,63.86,131.0,Yes,15.0,15.0,101740.68,86594.16,15146.520000000004,14.887378381980543,9.660766961651918,1,2022Q4,public benchmark data
PO-00240,Gamma_Co,2022-03-14,,Packaging,Delivered,682,81.84,71.86,40.0,Yes,,,55814.880000000005,49008.52,6806.360000000008,12.194525904203337,5.865102639296188,1,2022Q1,public benchmark data
PO-00241,Gamma_Co,2023-06-11,2023-06-19,Packaging,Delivered,677,59.52,55.29,39.0,Yes,8.0,8.0,40295.04,37431.33,2863.709999999999,7.106854838709675,5.760709010339734,1,2023Q2,public benchmark data
PO-00242,Delta_Logistics,2022-09-01,2022-09-14,Office Supplies,Delivered,1022,18.54,16.55,150.0,Yes,13.0,13.0,18947.88,16914.100000000002,2033.7799999999952,10.733549083063622,14.677103718199607,1,2022Q3,public benchmark data
PO-00243,Alpha_Inc,2022-10-13,,Raw Materials,Delivered,1818,60.96,57.13,41.0,Yes,,,110825.28,103862.34,6962.939999999988,6.282808398950119,2.255225522552255,1,2022Q4,public benchmark data
PO-00244,Epsilon_Group,2023-11-17,2023-11-29,Electronics,Delivered,1332,69.73,63.8,41.0,Yes,12.0,12.0,92880.36,84981.59999999999,7898.760000000009,8.50423060375736,3.078078078078078,1,2023Q4,public benchmark data
PO-00245,Beta_Supplies,2023-05-13,2023-05-26,Raw Materials,Delivered,1432,83.26,77.67,174.0,Yes,13.0,13.0,119228.32,111223.44,8004.880000000005,6.713908239250543,12.150837988826815,1,2023Q2,public benchmark data
PO-00246,Beta_Supplies,2022-08-08,2022-08-26,Packaging,Pending,759,50.56,46.47,63.0,No,18.0,18.0,38375.04,35270.73,3104.310000000005,8.089398734177228,8.300395256916996,0,2022Q3,public benchmark data
PO-00247,Alpha_Inc,2023-07-07,2023-07-19,Packaging,Delivered,1529,23.42,22.44,30.0,Yes,12.0,12.0,35809.18,34310.76,1498.4199999999985,4.184457728437228,1.962066710268149,1,2023Q3,public benchmark data
PO-00248,Gamma_Co,2022-05-16,2022-05-25,Electronics,Delivered,1484,36.25,31.8,61.0,Yes,9.0,9.0,53795.0,47191.2,6603.799999999996,12.275862068965507,4.110512129380054,1,2022Q2,public benchmark data
PO-00249,Epsilon_Group,2023-08-08,2023-08-20,Packaging,Delivered,698,46.73,45.61,15.0,Yes,12.0,12.0,32617.54,31835.78,781.7599999999984,2.396747271560021,2.148997134670487,1,2023Q3,public benchmark data
PO-00250,Epsilon_Group,2023-08-14,2023-08-22,Packaging,Pending,367,74.61,71.36,13.0,Yes,8.0,8.0,27381.87,26189.12,1192.75,4.355984452486262,3.5422343324250685,1,2023Q3,public benchmark data
PO-00251,Epsilon_Group,2023-04-30,2023-05-20,Office Supplies,Partially Delivered,1750,65.97,58.34,50.0,Yes,20.0,20.0,115447.5,102095.0,13352.5,11.56586327118387,2.857142857142857,1,2023Q2,public benchmark data
PO-00252,Delta_Logistics,2022-09-06,2022-09-24,Office Supplies,Partially Delivered,1298,43.73,37.21,,No,18.0,18.0,56761.53999999999,48298.58,8462.959999999992,14.909672993368384,,0,2022Q3,public benchmark data
PO-00253,Gamma_Co,2023-04-30,2023-05-20,Packaging,Delivered,1892,106.2,96.37,93.0,Yes,20.0,20.0,200930.4,182332.04,18598.359999999982,9.256120527306962,4.915433403805497,1,2023Q2,public benchmark data
PO-00254,Beta_Supplies,2023-02-21,2023-02-24,Electronics,Delivered,1307,68.71,60.64,141.0,Yes,3.0,3.0,89803.96999999999,79256.48,10547.48999999999,11.745015281618388,10.788064269319053,1,2023Q1,public benchmark data
PO-00255,Beta_Supplies,2022-07-14,2022-07-29,Electronics,Delivered,733,32.29,29.01,78.0,Yes,15.0,15.0,23668.57,21264.33,2404.239999999998,10.15794363580055,10.641200545702592,1,2022Q3,public benchmark data
PO-00256,Gamma_Co,2022-04-07,,Packaging,Delivered,713,19.45,18.82,31.0,Yes,,,13867.85,13418.66,449.1900000000005,3.239074550128538,4.3478260869565215,1,2022Q2,public benchmark data
PO-00257,Beta_Supplies,2022-04-10,2022-04-24,Packaging,Delivered,1900,24.11,23.45,188.0,Yes,14.0,14.0,45809.0,44555.0,1254.0,2.737453338863542,9.894736842105264,1,2022Q2,public benchmark data
PO-00258,Delta_Logistics,2023-11-06,2023-11-08,MRO,Cancelled,1447,35.67,35.07,224.0,No,2.0,2.0,51614.490000000005,50746.29,868.2000000000044,1.6820857863751135,15.480304077401522,0,2023Q4,public benchmark data
PO-00259,Epsilon_Group,2023-03-18,,Office Supplies,Delivered,1745,26.17,22.25,55.0,Yes,,,45666.65,38826.25,6840.4000000000015,14.978983568972106,3.151862464183381,1,2023Q1,public benchmark data
PO-00260,Beta_Supplies,2022-12-29,2023-01-14,Office Supplies,Delivered,1681,28.26,26.62,143.0,Yes,16.0,16.0,47505.060000000005,44748.22,2756.840000000004,5.803255484784155,8.506841165972636,1,2022Q4,public benchmark data
PO-00261,Delta_Logistics,2023-03-10,2023-03-18,Electronics,Delivered,1545,38.15,36.96,214.0,Yes,8.0,8.0,58941.75,57103.2,1838.549999999996,3.119266055045864,13.851132686084142,1,2023Q1,public benchmark data
PO-00262,Epsilon_Group,2023-02-25,2023-03-02,Raw Materials,Delivered,1306,27.27,25.96,39.0,Yes,5.0,5.0,35614.62,33903.76,1710.8600000000006,4.803813714704805,2.986217457886677,1,2023Q1,public benchmark data
PO-00263,Gamma_Co,2023-04-24,2023-05-06,Raw Materials,Delivered,1765,97.51,84.3,65.0,Yes,12.0,12.0,172105.15000000002,148789.5,23315.650000000023,13.547328479130355,3.68271954674221,1,2023Q2,public benchmark data
PO-00264,Gamma_Co,2022-02-25,2022-03-15,Packaging,Cancelled,1186,17.31,16.0,64.0,Yes,18.0,18.0,20529.66,18976.0,1553.66,7.567879838243789,5.396290050590219,1,2022Q1,public benchmark data
PO-00265,Delta_Logistics,2023-11-21,2023-11-26,Packaging,Delivered,1903,63.5,56.09,254.0,Yes,5.0,5.0,120840.5,106739.27,14101.229999999996,11.669291338582674,13.347346295323174,1,2023Q4,public benchmark data
PO-00266,Delta_Logistics,2023-11-01,2023-11-05,MRO,Delivered,1570,52.1,47.87,,No,4.0,4.0,81797.0,75155.9,6641.100000000006,8.119001919385804,,0,2023Q4,public benchmark data
PO-00267,Delta_Logistics,2023-10-24,2023-11-13,MRO,Delivered,491,108.75,93.35,,No,20.0,20.0,53396.25,45834.85,7561.4000000000015,14.160919540229887,,0,2023Q4,public benchmark data
PO-00268,Beta_Supplies,2022-04-11,2022-04-20,Electronics,Partially Delivered,613,20.38,20.17,58.0,Yes,9.0,9.0,12492.94,12364.21,128.72999999999774,1.0304219823356051,9.461663947797716,1,2022Q2,public benchmark data
PO-00269,Gamma_Co,2022-03-04,2022-03-16,Raw Materials,Partially Delivered,1341,46.27,43.94,63.0,Yes,12.0,12.0,62048.07000000001,58923.53999999999,3124.5300000000134,5.035660255024875,4.697986577181208,1,2022Q1,public benchmark data
PO-00270,Beta_Supplies,2023-02-17,2023-03-04,MRO,Partially Delivered,1583,103.57,89.38,164.0,Yes,15.0,15.0,163951.31,141488.53999999998,22462.77000000002,13.700878632808742,10.360075805432722,1,2023Q1,public benchmark data
PO-00271,Beta_Supplies,2022-12-14,,Raw Materials,Cancelled,1880,92.73,90.78,173.0,Yes,,,174332.4,170666.4,3666.0,2.1028793270786155,9.202127659574469,1,2022Q4,public benchmark data
PO-00272,Epsilon_Group,2022-04-22,2022-04-26,MRO,Delivered,1459,84.79,82.72,47.0,Yes,4.0,4.0,123708.61000000002,120688.48,3020.130000000019,2.441325628022188,3.221384509938314,1,2022Q2,public benchmark data
PO-00273,Delta_Logistics,2022-09-12,,Office Supplies,Delivered,1460,34.54,31.87,208.0,No,,,50428.4,46530.2,3898.199999999997,7.730167921250717,14.246575342465754,0,2022Q3,public benchmark data
PO-00274,Beta_Supplies,2022-07-16,2022-07-28,Packaging,Partially Delivered,1186,26.14,24.78,112.0,Yes,12.0,12.0,31002.04,29389.08,1612.9599999999991,5.202754399387908,9.443507588532883,1,2022Q3,public benchmark data
PO-00275,Epsilon_Group,2022-07-14,2022-07-23,MRO,Pending,1686,72.28,65.21,53.0,Yes,9.0,9.0,121864.08,109944.05999999998,11920.02000000002,9.781405644715012,3.143534994068802,1,2022Q3,public benchmark data
PO-00276,Alpha_Inc,2023-07-04,2023-07-08,MRO,Delivered,1698,102.07,100.69,28.0,Yes,4.0,4.0,173314.86,170971.62,2343.2399999999907,1.3520133241892769,1.6489988221436984,1,2023Q3,public benchmark data
PO-00277,Epsilon_Group,2023-04-05,,Electronics,Delivered,1001,64.62,55.7,32.0,Yes,,,64684.62,55755.7,8928.919999999998,13.803775920767562,3.196803196803197,1,2023Q2,public benchmark data
PO-00278,Alpha_Inc,2022-05-24,2022-05-27,Office Supplies,Delivered,1154,62.67,54.11,25.0,Yes,3.0,3.0,72321.18000000001,62442.94,9878.240000000003,13.658847933620558,2.166377816291161,1,2022Q2,public benchmark data
PO-00279,Alpha_Inc,2023-03-09,2023-03-29,Packaging,Cancelled,748,37.66,32.71,,No,20.0,20.0,28169.68,24467.08,3702.599999999995,13.14391927774826,,0,2023Q1,public benchmark data
PO-00280,Alpha_Inc,2022-07-07,,Office Supplies,Delivered,162,81.63,78.76,2.0,Yes,,,13224.06,12759.12,464.9399999999987,3.515864265588622,1.2345679012345678,1,2022Q3,public benchmark data
PO-00281,Alpha_Inc,2022-10-13,2022-10-24,Packaging,Delivered,51,28.04,24.13,0.0,Yes,11.0,11.0,1430.04,1230.63,199.41000000000008,13.944365192582032,0.0,1,2022Q4,public benchmark data
PO-00282,Delta_Logistics,2023-04-19,2023-04-24,Office Supplies,Delivered,691,42.07,39.1,106.0,Yes,5.0,5.0,29070.37,27018.1,2052.269999999997,7.059662467316366,15.340086830680177,1,2023Q2,public benchmark data
PO-00283,Beta_Supplies,2022-09-13,2022-09-20,Office Supplies,Delivered,269,50.22,45.75,32.0,No,7.0,7.0,13509.18,12306.75,1202.4300000000003,8.90083632019116,11.895910780669144,0,2022Q3,public benchmark data
PO-00284,Beta_Supplies,2022-03-19,2022-04-06,Electronics,Pending,1639,56.24,55.4,147.0,Yes,18.0,18.0,92177.36,90800.6,1376.7600000000093,1.4935988620199248,8.96888346552776,1,2022Q1,public benchmark data
PO-00285,Alpha_Inc,2023-03-30,2023-04-06,Raw Materials,Delivered,904,34.04,30.06,26.0,Yes,7.0,7.0,30772.16,27174.24,3597.920000000002,11.69212690951822,2.8761061946902653,1,2023Q1,public benchmark data
PO-00286,Beta_Supplies,2023-07-18,2023-07-26,Office Supplies,Delivered,1809,22.17,19.65,,Yes,8.0,8.0,40105.530000000006,35546.85,4558.680000000008,11.36671177266578,,1,2023Q3,public benchmark data
PO-00287,Alpha_Inc,2022-04-11,2022-04-16,Packaging,Delivered,1298,65.93,58.95,,Yes,5.0,5.0,85577.14000000001,76517.1,9060.040000000008,10.586986197482188,,1,2022Q2,public benchmark data
PO-00288,Beta_Supplies,2022-02-21,2022-03-13,Packaging,Delivered,434,36.16,34.79,41.0,Yes,20.0,20.0,15693.44,15098.86,594.5799999999999,3.788716814159292,9.44700460829493,1,2022Q1,public benchmark data
PO-00289,Epsilon_Group,2023-10-30,2023-11-04,Electronics,Delivered,1476,68.85,65.28,43.0,Yes,5.0,5.0,101622.6,96353.28,5269.319999999992,5.185185185185178,2.913279132791328,1,2023Q4,public benchmark data
PO-00290,Delta_Logistics,2023-07-08,,Raw Materials,Partially Delivered,1711,26.04,24.81,290.0,Yes,,,44554.44,42449.91,2104.529999999999,4.723502304147463,16.94915254237288,1,2023Q3,public benchmark data
PO-00291,Gamma_Co,2022-01-16,2022-01-22,Packaging,Delivered,1203,53.3,47.68,49.0,Yes,6.0,6.0,64119.9,57359.04,6760.859999999993,10.54409005628517,4.073150457190358,1,2022Q1,public benchmark data
PO-00292,Alpha_Inc,2022-04-06,2022-04-07,Electronics,Delivered,1126,58.8,52.22,,Yes,1.0,1.0,66208.8,58799.72,7409.080000000002,11.190476190476192,,1,2022Q2,public benchmark data
PO-00293,Epsilon_Group,2022-08-31,2022-09-12,Packaging,Delivered,1757,15.18,13.06,63.0,Yes,12.0,12.0,26671.26,22946.42,3724.839999999997,13.965744400526996,3.5856573705179287,1,2022Q3,public benchmark data
PO-00294,Epsilon_Group,2022-06-20,2022-06-28,MRO,Delivered,779,41.3,36.28,20.0,Yes,8.0,8.0,32172.7,28262.120000000003,3910.5799999999945,12.154963680387391,2.5673940949935816,1,2022Q2,public benchmark data
PO-00295,Delta_Logistics,2023-02-21,2023-02-22,Office Supplies,Delivered,1745,23.53,22.57,282.0,No,1.0,1.0,41059.85,39384.65,1675.199999999997,4.079898002549929,16.16045845272206,0,2023Q1,public benchmark data
PO-00296,Delta_Logistics,2023-05-13,2023-05-15,Raw Materials,Delivered,1783,16.96,15.8,295.0,Yes,2.0,2.0,30239.68,28171.4,2068.279999999999,6.83962264150943,16.545148625911384,1,2023Q2,public benchmark data
PO-00297,Alpha_Inc,2023-05-08,2023-05-22,Office Supplies,Partially Delivered,1489,107.02,93.3,,Yes,14.0,14.0,159352.78,138923.69999999998,20429.080000000016,12.82003363857224,,1,2023Q2,public benchmark data
PO-00298,Alpha_Inc,2022-08-07,2022-08-10,Office Supplies,Delivered,296,40.38,35.25,,Yes,3.0,3.0,11952.48,10434.0,1518.4800000000014,12.704309063893026,,1,2022Q3,public benchmark data
PO-00299,Epsilon_Group,2023-02-15,2023-02-27,MRO,Delivered,885,88.28,80.8,31.0,Yes,12.0,12.0,78127.8,71508.0,6619.800000000003,8.473040326234711,3.5028248587570623,1,2023Q1,public benchmark data
PO-00300,Epsilon_Group,2022-03-02,2022-03-06,Raw Materials,Pending,1512,33.25,30.15,53.0,Yes,4.0,4.0,50274.0,45586.8,4687.200000000004,9.3233082706767,3.505291005291005,1,2022Q1,public benchmark data
PO-00301,Delta_Logistics,2022-06-18,2022-06-26,Office Supplies,Delivered,252,73.12,67.64,,No,8.0,8.0,18426.24,17045.28,1380.9600000000028,7.494529540481415,,0,2022Q2,public benchmark data
PO-00302,Alpha_Inc,2023-01-24,,Electronics,Cancelled,1257,83.13,81.89,30.0,Yes,,,104494.41,102935.73,1558.679999999993,1.4916396006255197,2.386634844868735,1,2023Q1,public benchmark data
PO-00303,Alpha_Inc,2022-01-03,2022-01-20,Packaging,Delivered,172,63.61,55.92,4.0,Yes,17.0,17.0,10940.92,9618.24,1322.6800000000003,12.08929413614212,2.3255813953488373,1,2022Q1,public benchmark data
PO-00304,Epsilon_Group,2023-02-04,2023-02-05,Packaging,Pending,450,55.85,49.88,9.0,Yes,1.0,1.0,25132.5,22446.0,2686.5,10.689346463742169,2.0,1,2023Q1,public benchmark data
PO-00305,Gamma_Co,2022-09-29,2022-10-15,Electronics,Delivered,816,48.95,43.42,45.0,Yes,16.0,16.0,39943.2,35430.72,4512.480000000003,11.297242083758944,5.514705882352941,1,2022Q3,public benchmark data
PO-00306,Epsilon_Group,2023-04-11,2023-04-25,Packaging,Delivered,343,44.5,38.57,7.0,Yes,14.0,14.0,15263.5,13229.51,2033.99,13.325842696629213,2.0408163265306123,1,2023Q2,public benchmark data
PO-00307,Gamma_Co,2022-10-20,2022-11-05,MRO,Delivered,329,97.87,85.35,21.0,No,16.0,16.0,32199.230000000003,28080.15,4119.080000000005,12.792479820169628,6.382978723404255,0,2022Q4,public benchmark data
PO-00308,Alpha_Inc,2023-03-10,2023-03-25,Electronics,Delivered,1910,90.69,85.8,,Yes,15.0,15.0,173217.9,163878.0,9339.899999999994,5.391994707244456,,1,2023Q1,public benchmark data
PO-00309,Epsilon_Group,2023-12-15,2023-12-18,MRO,Delivered,933,107.99,104.29,29.0,Yes,3.0,3.0,100754.67,97302.57,3452.0999999999917,3.4262431706639416,3.1082529474812435,1,2023Q4,public benchmark data
PO-00310,Delta_Logistics,2023-07-24,2023-07-29,Raw Materials,Delivered,1683,23.09,21.88,253.0,Yes,5.0,5.0,38860.47,36824.04,2036.4300000000003,5.240363793850152,15.032679738562091,1,2023Q3,public benchmark data
PO-00311,Beta_Supplies,2023-11-09,2023-11-18,Packaging,Pending,247,84.11,71.97,,Yes,9.0,9.0,20775.17,17776.59,2998.579999999998,14.433479966710252,,1,2023Q4,public benchmark data
PO-00312,Alpha_Inc,2023-05-14,2023-06-02,MRO,Delivered,1031,102.01,98.65,,Yes,19.0,19.0,105172.31,101708.15,3464.1600000000035,3.293794726007257,,1,2023Q2,public benchmark data
PO-00313,Alpha_Inc,2022-06-08,2022-06-19,Packaging,Delivered,1980,26.97,24.16,41.0,Yes,11.0,11.0,53400.6,47836.8,5563.799999999996,10.41898405635891,2.070707070707071,1,2022Q2,public benchmark data
PO-00314,Epsilon_Group,2022-07-14,2022-08-03,Raw Materials,Delivered,1584,16.46,14.2,57.0,Yes,20.0,20.0,26072.640000000003,22492.8,3579.840000000004,13.730255164034036,3.5984848484848486,1,2022Q3,public benchmark data
PO-00315,Beta_Supplies,2022-10-31,2022-11-15,Office Supplies,Delivered,801,80.15,70.91,,Yes,15.0,15.0,64200.15,56798.91,7401.240000000005,11.528384279475992,,1,2022Q4,public benchmark data
PO-00316,Beta_Supplies,2022-08-11,2022-08-25,Packaging,Delivered,193,63.86,57.46,,Yes,14.0,14.0,12324.98,11089.78,1235.199999999999,10.021922956467264,,1,2022Q3,public benchmark data
PO-00317,Beta_Supplies,2022-03-01,2022-03-05,Raw Materials,Delivered,658,86.62,79.85,72.0,Yes,4.0,4.0,56995.96000000001,52541.3,4454.660000000011,7.815746940660373,10.94224924012158,1,2022Q1,public benchmark data
PO-00318,Epsilon_Group,2023-08-17,2023-09-04,Electronics,Delivered,1274,24.72,23.36,37.0,Yes,18.0,18.0,31493.28,29760.64,1732.6399999999994,5.501618122977344,2.904238618524333,1,2023Q3,public benchmark data
PO-00319,Epsilon_Group,2023-07-10,2023-07-17,Packaging,Partially Delivered,1197,88.92,78.82,31.0,Yes,7.0,7.0,106437.24,94347.54,12089.700000000012,11.358524516419264,2.589807852965748,1,2023Q3,public benchmark data
PO-00320,Gamma_Co,2022-03-04,2022-03-12,Electronics,Delivered,236,28.43,28.11,11.0,Yes,8.0,8.0,6709.48,6633.96,75.51999999999953,1.125571579317615,4.661016949152542,1,2022Q1,public benchmark data
PO-00321,Gamma_Co,2022-11-18,2022-12-03,Raw Materials,Partially Delivered,1399,25.97,22.19,62.0,Yes,15.0,15.0,36332.03,31043.81,5288.2199999999975,14.55525606469002,4.431736954967834,1,2022Q4,public benchmark data
PO-00322,Gamma_Co,2022-02-28,2022-03-04,Electronics,Delivered,513,24.91,22.58,29.0,Yes,4.0,4.0,12778.83,11583.54,1195.2900000000009,9.353673223604984,5.653021442495127,1,2022Q1,public benchmark data
PO-00323,Delta_Logistics,2022-02-21,2022-03-04,MRO,Delivered,1422,83.73,76.47,198.0,Yes,11.0,11.0,119064.06,108740.34,10323.720000000016,8.670727337871744,13.924050632911392,1,2022Q1,public benchmark data
PO-00324,Alpha_Inc,2023-08-22,2023-09-03,Office Supplies,Delivered,1844,76.51,73.05,,Yes,12.0,12.0,141084.44,134704.19999999998,6380.24000000002,4.522284668670776,,1,2023Q3,public benchmark data
PO-00325,Gamma_Co,2023-05-04,,Electronics,Delivered,709,61.64,54.55,41.0,Yes,,,43702.76,38675.95,5026.810000000005,11.502271252433497,5.782792665726375,1,2023Q2,public benchmark data
PO-00326,Delta_Logistics,2023-05-30,2023-06-15,MRO,Delivered,813,45.68,41.78,,No,16.0,16.0,37137.84,33967.14,3170.699999999997,8.53765323992994,,0,2023Q2,public benchmark data
PO-00327,Delta_Logistics,2023-06-28,2023-07-01,Office Supplies,Delivered,1004,96.51,92.9,146.0,No,3.0,3.0,96896.04,93271.6,3624.4400000000014,3.740545021241324,14.54183266932271,0,2023Q2,public benchmark data
PO-00328,Epsilon_Group,2022-06-11,2022-06-15,Raw Materials,Delivered,452,46.45,40.39,9.0,Yes,4.0,4.0,20995.4,18256.28,2739.1200000000026,13.046286329386447,1.991150442477876,1,2022Q2,public benchmark data
PO-00329,Beta_Supplies,2022-02-28,2022-03-12,Raw Materials,Pending,1419,83.91,71.46,137.0,Yes,12.0,12.0,119068.29,101401.74,17666.550000000003,14.837325706113695,9.654686398872446,1,2022Q1,public benchmark data
PO-00330,Beta_Supplies,2023-06-05,2023-06-23,Packaging,Delivered,1584,53.73,51.92,167.0,No,18.0,18.0,85108.31999999999,82241.28,2867.0399999999936,3.3686953284943164,10.542929292929292,0,2023Q2,public benchmark data
PO-00331,Gamma_Co,2022-03-24,2022-04-11,MRO,Pending,196,44.36,43.81,6.0,Yes,18.0,18.0,8694.56,8586.76,107.79999999999929,1.239855725879162,3.061224489795918,1,2022Q1,public benchmark data
PO-00332,Alpha_Inc,2022-07-10,2022-07-14,Office Supplies,Delivered,1221,53.19,46.18,29.0,Yes,4.0,4.0,64944.99,56385.78,8559.21,13.179169016732468,2.375102375102375,1,2022Q3,public benchmark data
PO-00333,Alpha_Inc,2022-03-12,2022-03-26,Packaging,Delivered,913,37.5,36.2,,Yes,14.0,14.0,34237.5,33050.600000000006,1186.8999999999942,3.46666666666665,,1,2022Q1,public benchmark data
PO-00334,Alpha_Inc,2023-09-02,2023-09-04,Packaging,Delivered,1784,85.01,76.69,37.0,Yes,2.0,2.0,151657.84,136814.96,14842.880000000005,9.787083872485592,2.0739910313901344,1,2023Q3,public benchmark data
PO-00335,Delta_Logistics,2022-03-11,,Raw Materials,Delivered,1893,55.8,52.35,,Yes,,,105629.4,99098.55,6530.849999999991,6.182795698924723,,1,2022Q1,public benchmark data
PO-00336,Delta_Logistics,2023-11-23,2023-12-05,Electronics,Pending,538,34.3,32.25,84.0,No,12.0,12.0,18453.4,17350.5,1102.8999999999978,5.976676384839639,15.613382899628252,0,2023Q4,public benchmark data
PO-00337,Delta_Logistics,2022-08-29,2022-09-15,Office Supplies,Pending,978,94.15,87.7,149.0,No,17.0,17.0,92078.7,85770.6,6308.100000000006,6.850770047796076,15.23517382413088,0,2022Q3,public benchmark data
PO-00338,Epsilon_Group,2023-02-18,2023-03-06,Raw Materials,Cancelled,1713,47.45,42.05,53.0,Yes,16.0,16.0,81281.85,72031.65,9250.200000000012,11.380400421496326,3.0939871570344426,1,2023Q1,public benchmark data
PO-00339,Delta_Logistics,2022-05-03,2022-05-07,Raw Materials,Pending,600,60.1,57.92,95.0,No,4.0,4.0,36060.0,34752.0,1308.0,3.6272878535773714,15.833333333333332,0,2022Q2,public benchmark data
PO-00340,Alpha_Inc,2023-08-07,2023-08-25,Electronics,Pending,387,100.28,85.54,5.0,Yes,18.0,18.0,38808.36,33103.98,5704.379999999997,14.698843238930989,1.2919896640826871,1,2023Q3,public benchmark data
PO-00341,Alpha_Inc,2022-09-10,2022-09-19,MRO,Pending,921,68.83,59.13,22.0,Yes,9.0,9.0,63392.43,54458.73,8933.699999999997,14.092692140055204,2.3887079261672097,1,2022Q3,public benchmark data
PO-00342,Beta_Supplies,2023-08-16,2023-08-30,MRO,Delivered,690,22.47,21.94,77.0,Yes,14.0,14.0,15504.3,15138.6,365.6999999999989,2.3587004895416044,11.159420289855072,1,2023Q3,public benchmark data
PO-00343,Alpha_Inc,2023-09-01,2023-09-21,Office Supplies,Cancelled,1852,104.04,94.89,36.0,Yes,20.0,20.0,192682.08,175736.28,16945.800000000017,8.794694348327575,1.9438444924406049,1,2023Q3,public benchmark data
PO-00344,Delta_Logistics,2022-02-10,2022-02-28,Electronics,Delivered,522,66.83,58.01,74.0,Yes,18.0,18.0,34885.26,30281.22,4604.0400000000045,13.19766571898849,14.17624521072797,1,2022Q1,public benchmark data
PO-00345,Delta_Logistics,2023-09-27,2023-10-06,Electronics,Delivered,200,44.16,43.13,21.0,Yes,9.0,9.0,8832.0,8626.0,206.0,2.332427536231884,10.5,1,2023Q3,public benchmark data
PO-00346,Gamma_Co,2022-03-25,2022-04-03,Packaging,Delivered,1488,22.76,21.99,,Yes,9.0,9.0,33866.880000000005,32721.12,1145.7600000000057,3.3831282952548496,,1,2022Q1,public benchmark data
PO-00347,Epsilon_Group,2023-03-06,2023-03-16,Electronics,Delivered,1371,87.16,78.13,43.0,Yes,10.0,10.0,119496.36,107116.23,12380.130000000005,10.360256998623225,3.136396790663749,1,2023Q1,public benchmark data
PO-00348,Alpha_Inc,2023-11-05,,Office Supplies,Delivered,1684,73.05,62.53,,Yes,,,123016.2,105300.52,17715.679999999993,14.40109514031485,,1,2023Q4,public benchmark data
PO-00349,Epsilon_Group,2023-08-21,2023-08-27,Electronics,Delivered,312,63.52,58.09,,Yes,6.0,6.0,19818.24,18124.08,1694.16,8.548488664987405,,1,2023Q3,public benchmark data
PO-00350,Alpha_Inc,2023-08-02,2023-08-21,Packaging,Cancelled,1837,99.04,86.51,39.0,Yes,19.0,19.0,181936.48,158918.87,23017.61000000001,12.651453957996775,2.123026673924877,1,2023Q3,public benchmark data
PO-00351,Beta_Supplies,2023-06-20,2023-06-23,MRO,Delivered,193,87.86,81.74,21.0,Yes,3.0,3.0,16956.98,15775.82,1181.16,6.96562713407694,10.88082901554404,1,2023Q2,public benchmark data
PO-00352,Beta_Supplies,2022-11-20,2022-11-21,Electronics,Delivered,395,24.83,23.96,31.0,Yes,1.0,1.0,9807.85,9464.2,343.6499999999978,3.503826016915,7.848101265822785,1,2022Q4,public benchmark data
PO-00353,Epsilon_Group,2022-09-25,2022-10-12,Electronics,Cancelled,673,39.58,35.83,25.0,Yes,17.0,17.0,26637.34,24113.59,2523.75,9.474482061647295,3.714710252600297,1,2022Q3,public benchmark data
PO-00354,Delta_Logistics,2022-07-29,2022-08-12,Office Supplies,Cancelled,1066,33.33,28.47,162.0,No,14.0,14.0,35529.78,30349.02,5180.759999999998,14.581458145814578,15.196998123827392,0,2022Q3,public benchmark data
PO-00355,Gamma_Co,2023-11-17,2023-11-23,Packaging,Delivered,1645,85.42,80.78,73.0,No,6.0,6.0,140515.9,132883.1,7632.799999999988,5.431983142121275,4.437689969604863,0,2023Q4,public benchmark data
PO-00356,Alpha_Inc,2022-11-18,2022-11-29,Electronics,Delivered,930,13.67,11.95,16.0,Yes,11.0,11.0,12713.1,11113.5,1599.6000000000004,12.582297000731533,1.7204301075268815,1,2022Q4,public benchmark data
PO-00357,Alpha_Inc,2022-09-02,2022-09-21,Office Supplies,Delivered,51,63.74,56.1,0.0,Yes,19.0,19.0,3250.74,2861.1,389.6400000000003,11.98619391277064,0.0,1,2022Q3,public benchmark data
PO-00358,Gamma_Co,2022-09-29,2022-10-01,Packaging,Delivered,946,81.77,71.65,55.0,Yes,2.0,2.0,77354.42,67780.90000000001,9573.51999999999,12.37617708205942,5.813953488372093,1,2022Q3,public benchmark data
PO-00359,Epsilon_Group,2023-02-10,2023-03-02,Raw Materials,Partially Delivered,1377,94.69,84.2,,Yes,20.0,20.0,130388.13,115943.4,14444.72999999998,11.078255359594452,,1,2023Q1,public benchmark data
PO-00360,Epsilon_Group,2022-05-15,2022-05-18,Packaging,Cancelled,303,41.6,40.51,11.0,Yes,3.0,3.0,12604.8,12274.53,330.27000000000226,2.6201923076923253,3.630363036303631,1,2022Q2,public benchmark data
PO-00361,Alpha_Inc,2023-11-19,2023-12-03,Raw Materials,Delivered,1725,93.14,79.62,24.0,Yes,14.0,14.0,160666.5,137344.5,23322.0,14.515782692720636,1.391304347826087,1,2023Q4,public benchmark data
PO-00362,Beta_Supplies,2023-10-23,2023-11-07,Raw Materials,Cancelled,502,22.05,20.65,50.0,No,15.0,15.0,11069.1,10366.3,702.8000000000011,6.349206349206359,9.9601593625498,0,2023Q4,public benchmark data
PO-00363,Gamma_Co,2022-11-04,2022-11-11,Packaging,Delivered,1110,90.49,80.03,61.0,Yes,7.0,7.0,100443.9,88833.3,11610.599999999991,11.55928831915128,5.495495495495495,1,2022Q4,public benchmark data
PO-00364,Alpha_Inc,2023-04-14,2023-04-18,Packaging,Delivered,1233,23.08,20.57,,Yes,4.0,4.0,28457.64,25362.81,3094.829999999998,10.87521663778162,,1,2023Q2,public benchmark data
PO-00365,Beta_Supplies,2022-11-20,2022-11-24,Office Supplies,Delivered,1064,48.04,43.6,94.0,Yes,4.0,4.0,51114.56,46390.4,4724.159999999996,9.242298084929216,8.834586466165414,1,2022Q4,public benchmark data
PO-00366,Epsilon_Group,2022-03-16,2022-04-04,Packaging,Partially Delivered,58,82.57,76.55,,Yes,19.0,19.0,4789.06,4439.9,349.15999999999985,7.290783577570544,,1,2022Q1,public benchmark data
PO-00367,Beta_Supplies,2022-01-10,2022-01-20,MRO,Delivered,1306,23.49,20.17,116.0,No,10.0,10.0,30677.94,26342.02,4335.919999999998,14.13367390378884,8.88208269525268,0,2022Q1,public benchmark data
PO-00368,Delta_Logistics,2023-04-15,2023-04-28,Electronics,Delivered,1172,32.93,29.28,,No,13.0,13.0,38593.96,34316.16,4277.799999999996,11.084117825690848,,0,2023Q2,public benchmark data
PO-00369,Alpha_Inc,2023-09-29,,Packaging,Delivered,1732,82.5,71.71,24.0,Yes,,,142890.0,124201.72,18688.280000000013,13.078787878787889,1.3856812933025404,1,2023Q3,public benchmark data
PO-00370,Gamma_Co,2023-07-31,2023-08-07,Raw Materials,Delivered,865,81.54,71.59,39.0,Yes,7.0,7.0,70532.1,61925.350000000006,8606.75,12.20259995094432,4.508670520231214,1,2023Q3,public benchmark data
PO-00371,Beta_Supplies,2022-04-13,2022-04-20,Raw Materials,Delivered,257,68.72,66.92,22.0,Yes,7.0,7.0,17661.04,17198.44,462.6000000000022,2.6193247962747503,8.560311284046692,1,2022Q2,public benchmark data
PO-00372,Epsilon_Group,2022-03-17,2022-03-26,Packaging,Delivered,1204,73.18,67.59,31.0,Yes,9.0,9.0,88108.72,81378.36,6730.360000000001,7.638699098114239,2.574750830564784,1,2022Q1,public benchmark data
PO-00373,Beta_Supplies,2023-07-05,2023-07-09,Electronics,Partially Delivered,453,64.14,60.18,51.0,Yes,4.0,4.0,29055.42,27261.54,1793.880000000001,6.1739943872778325,11.258278145695364,1,2023Q3,public benchmark data
PO-00374,Epsilon_Group,2022-08-07,2022-08-21,Electronics,Delivered,201,33.81,32.54,3.0,Yes,14.0,14.0,6795.81,6540.54,255.27000000000044,3.756285122744756,1.4925373134328357,1,2022Q3,public benchmark data
PO-00375,Delta_Logistics,2023-06-03,2023-06-16,Office Supplies,Delivered,103,44.61,42.88,10.0,Yes,13.0,13.0,4594.83,4416.64,178.1899999999996,3.878054247926465,9.70873786407767,1,2023Q2,public benchmark data
PO-00376,Epsilon_Group,2022-09-29,2022-10-07,Office Supplies,Delivered,1193,27.4,27.09,,Yes,8.0,8.0,32688.2,32318.37,369.8299999999981,1.131386861313863,,1,2022Q3,public benchmark data
PO-00377,Gamma_Co,2022-05-16,2022-05-28,Office Supplies,Partially Delivered,1746,93.6,89.81,85.0,Yes,12.0,12.0,163425.59999999998,156808.26,6617.339999999967,4.04914529914528,4.868270332187858,1,2022Q2,public benchmark data
PO-00378,Delta_Logistics,2022-12-24,2022-12-26,Electronics,Delivered,1993,65.94,59.36,,Yes,2.0,2.0,131418.41999999998,118304.48,13113.939999999988,9.978768577494684,,1,2022Q4,public benchmark data
PO-00379,Beta_Supplies,2022-03-12,2022-03-27,Raw Materials,Delivered,677,46.54,43.11,,No,15.0,15.0,31507.58,29185.47,2322.109999999997,7.370004297378589,,0,2022Q1,public benchmark data
PO-00380,Alpha_Inc,2022-09-08,,Office Supplies,Pending,636,53.64,49.23,18.0,Yes,,,34115.04,31310.28,2804.760000000002,8.22147651006712,2.8301886792452837,1,2022Q3,public benchmark data
PO-00381,Epsilon_Group,2023-01-14,2023-02-02,Packaging,Delivered,1698,100.97,98.73,52.0,Yes,19.0,19.0,171447.06,167643.54,3803.5199999999895,2.2184807368525243,3.0624263839811543,1,2023Q1,public benchmark data
PO-00382,Gamma_Co,2022-10-19,2022-11-01,Office Supplies,Delivered,1493,24.87,22.89,56.0,Yes,13.0,13.0,37130.91,34174.770000000004,2956.1399999999994,7.961399276236428,3.750837240455459,1,2022Q4,public benchmark data
PO-00383,Alpha_Inc,2022-06-11,2022-06-25,Packaging,Delivered,1495,64.33,58.18,26.0,Yes,14.0,14.0,96173.35,86979.1,9194.249999999984,9.56008083320378,1.7391304347826086,1,2022Q2,public benchmark data
PO-00384,Alpha_Inc,2023-03-25,2023-04-07,Packaging,Cancelled,153,59.42,52.0,3.0,Yes,13.0,13.0,9091.26,7956.0,1135.2600000000002,12.487377987209696,1.96078431372549,1,2023Q1,public benchmark data
PO-00385,Delta_Logistics,2023-07-11,2023-07-22,Raw Materials,Cancelled,1925,70.88,63.41,292.0,Yes,11.0,11.0,136444.0,122064.25,14379.75,10.538939051918735,15.168831168831169,1,2023Q3,public benchmark data
PO-00386,Beta_Supplies,2023-12-22,2024-01-11,Packaging,Delivered,303,12.97,11.42,,No,20.0,20.0,3929.91,3460.26,469.65000000000055,11.950655358519674,,0,2023Q4,public benchmark data
PO-00387,Alpha_Inc,2022-11-06,2022-11-18,Office Supplies,Delivered,1300,92.92,90.63,,Yes,12.0,12.0,120796.0,117819.0,2977.0,2.464485578992682,,1,2022Q4,public benchmark data
PO-00388,Gamma_Co,2023-09-19,2023-09-23,Raw Materials,Delivered,1185,103.28,99.05,,Yes,4.0,4.0,122386.8,117374.25,5012.550000000003,4.095662277304418,,1,2023Q3,public benchmark data
PO-00389,Epsilon_Group,2023-11-01,2023-11-20,Raw Materials,Delivered,559,67.56,57.98,15.0,Yes,19.0,19.0,37766.04,32410.82,5355.220000000001,14.179988158673773,2.683363148479428,1,2023Q4,public benchmark data
PO-00390,Epsilon_Group,2023-06-26,2023-06-29,Electronics,Pending,1546,78.88,78.0,38.0,Yes,3.0,3.0,121948.48,120588.0,1360.479999999996,1.1156186612576031,2.457956015523933,1,2023Q2,public benchmark data
PO-00391,Epsilon_Group,2022-01-09,2022-01-19,Packaging,Delivered,148,93.02,85.96,4.0,Yes,10.0,10.0,13766.96,12722.08,1044.8799999999992,7.589765641797458,2.702702702702702,1,2022Q1,public benchmark data
PO-00392,Delta_Logistics,2023-11-15,2023-11-23,Office Supplies,Delivered,202,81.75,78.26,37.0,No,8.0,8.0,16513.5,15808.52,704.9799999999996,4.269113149847092,18.31683168316832,0,2023Q4,public benchmark data
PO-00393,Gamma_Co,2023-07-22,2023-07-28,Packaging,Delivered,1934,25.86,25.6,78.0,Yes,6.0,6.0,50013.24,49510.4,502.8399999999965,1.0054137664346412,4.033092037228542,1,2023Q3,public benchmark data
PO-00394,Alpha_Inc,2022-11-03,2022-11-07,Office Supplies,Delivered,963,64.96,64.07,20.0,Yes,4.0,4.0,62556.48,61699.41,857.0699999999997,1.3700738916256152,2.0768431983385254,1,2022Q4,public benchmark data
PO-00395,Gamma_Co,2023-11-11,2023-11-18,MRO,Delivered,1969,71.71,61.96,,Yes,7.0,7.0,141196.99,121999.24,19197.749999999985,13.596430065541757,,1,2023Q4,public benchmark data
PO-00396,Delta_Logistics,2022-04-17,,Electronics,Delivered,927,48.89,46.05,138.0,Yes,,,45321.03,42688.35,2632.6800000000003,5.808958887298017,14.886731391585762,1,2022Q2,public benchmark data
PO-00397,Delta_Logistics,2022-05-18,2022-05-23,Raw Materials,Cancelled,387,77.81,69.04,67.0,Yes,5.0,5.0,30112.47,26718.480000000003,3393.989999999998,11.271044852846671,17.31266149870801,1,2022Q2,public benchmark data
PO-00398,Beta_Supplies,2022-09-28,2022-10-03,Electronics,Delivered,1779,97.86,94.36,176.0,Yes,5.0,5.0,174092.94,167866.44,6226.5,3.5765379113018594,9.89319842608207,1,2022Q3,public benchmark data
PO-00399,Gamma_Co,2022-04-29,2022-05-05,MRO,Pending,871,94.7,92.66,46.0,Yes,6.0,6.0,82483.7,80706.86,1776.8399999999965,2.154171066525867,5.281285878300804,1,2022Q2,public benchmark data
PO-00400,Epsilon_Group,2022-04-20,2022-04-23,Electronics,Delivered,1236,51.33,44.03,25.0,Yes,3.0,3.0,63443.88,54421.08,9022.799999999996,14.221702707968042,2.022653721682848,1,2022Q2,public benchmark data
PO-00401,Delta_Logistics,2023-07-21,2023-08-06,Electronics,Delivered,1793,22.01,21.78,285.0,Yes,16.0,16.0,39463.93,39051.54,412.3899999999994,1.0449795547478404,15.895147796988288,1,2023Q3,public benchmark data
PO-00402,Delta_Logistics,2022-06-09,2022-06-28,MRO,Delivered,1006,101.1,89.04,139.0,Yes,19.0,19.0,101706.6,89574.24,12132.359999999986,11.928783382789304,13.817097415506955,1,2022Q2,public benchmark data
PO-00403,Beta_Supplies,2022-10-06,2022-10-21,Electronics,Cancelled,1754,89.35,86.54,161.0,No,15.0,15.0,156719.9,151791.16,4928.739999999991,3.144935646334633,9.179019384264535,0,2022Q4,public benchmark data
PO-00404,Epsilon_Group,2022-10-16,2022-11-04,Electronics,Delivered,210,22.17,21.32,10.0,Yes,19.0,19.0,4655.700000000001,4477.2,178.5000000000009,3.8340099233198206,4.761904761904762,1,2022Q4,public benchmark data
PO-00405,Delta_Logistics,2023-09-12,2023-10-02,MRO,Delivered,1653,102.16,91.91,217.0,Yes,20.0,20.0,168870.47999999998,151927.22999999998,16943.25,10.033281127642914,13.127646702964308,1,2023Q3,public benchmark data
PO-00406,Alpha_Inc,2022-08-04,2022-08-15,MRO,Partially Delivered,850,91.38,88.41,24.0,Yes,11.0,11.0,77673.0,75148.5,2524.5,3.2501641497045304,2.823529411764706,1,2022Q3,public benchmark data
PO-00407,Epsilon_Group,2022-12-18,2022-12-21,Raw Materials,Delivered,447,59.81,57.92,13.0,Yes,3.0,3.0,26735.07,25890.24,844.8299999999981,3.1600066878448354,2.9082774049217,1,2022Q4,public benchmark data
PO-00408,Gamma_Co,2022-07-28,2022-08-07,Office Supplies,Delivered,1350,65.11,56.95,71.0,Yes,10.0,10.0,87898.5,76882.5,11016.0,12.532637075718014,5.25925925925926,1,2022Q3,public benchmark data
PO-00409,Beta_Supplies,2023-12-05,2023-12-24,Office Supplies,Delivered,865,51.19,47.76,83.0,Yes,19.0,19.0,44279.35,41312.4,2966.949999999997,6.700527446766941,9.595375722543352,1,2023Q4,public benchmark data
PO-00410,Alpha_Inc,2023-10-12,2023-10-29,MRO,Delivered,1989,16.5,15.89,57.0,Yes,17.0,17.0,32818.5,31605.210000000003,1213.2899999999972,3.696969696969689,2.865761689291101,1,2023Q4,public benchmark data
PO-00411,Alpha_Inc,2022-09-28,2022-10-13,Office Supplies,Delivered,1577,41.77,39.58,32.0,Yes,15.0,15.0,65871.29000000001,62417.66,3453.630000000012,5.2429973665310206,2.029169308814204,1,2022Q3,public benchmark data
PO-00412,Gamma_Co,2023-06-02,2023-06-04,Packaging,Pending,1969,89.25,87.28,108.0,No,2.0,2.0,175733.25,171854.32,3878.929999999993,2.2072829131652623,5.485017775520569,0,2023Q2,public benchmark data
PO-00413,Beta_Supplies,2023-05-16,2023-05-26,Packaging,Partially Delivered,1465,11.25,9.61,151.0,Yes,10.0,10.0,16481.25,14078.65,2402.6000000000004,14.57777777777778,10.30716723549488,1,2023Q2,public benchmark data
PO-00414,Delta_Logistics,2022-09-15,2022-09-18,Packaging,Pending,1208,41.62,39.46,,Yes,3.0,3.0,50276.96,47667.68,2609.279999999999,5.189812590100911,,1,2022Q3,public benchmark data
PO-00415,Beta_Supplies,2022-02-22,2022-03-11,Raw Materials,Delivered,1268,46.06,45.26,123.0,Yes,17.0,17.0,58404.08,57389.68,1014.4000000000016,1.7368649587494598,9.700315457413248,1,2022Q1,public benchmark data
PO-00416,Delta_Logistics,2022-04-05,2022-04-24,Office Supplies,Delivered,450,59.24,55.03,68.0,No,19.0,19.0,26658.0,24763.5,1894.5,7.106684672518569,15.11111111111111,0,2022Q2,public benchmark data
PO-00417,Gamma_Co,2023-10-12,2023-10-14,Electronics,Partially Delivered,689,102.53,95.23,38.0,Yes,2.0,2.0,70643.17,65613.47,5029.699999999997,7.119867355895831,5.515239477503629,1,2023Q4,public benchmark data
PO-00418,Gamma_Co,2023-03-10,2023-03-29,MRO,Delivered,1106,44.05,38.6,51.0,Yes,19.0,19.0,48719.3,42691.6,6027.699999999997,12.37230419977298,4.61121157323689,1,2023Q1,public benchmark data
PO-00419,Alpha_Inc,2022-10-11,2022-10-22,Office Supplies,Delivered,737,43.08,42.58,21.0,Yes,11.0,11.0,31749.96,31381.46,368.5,1.1606313834726092,2.849389416553596,1,2022Q4,public benchmark data
PO-00420,Alpha_Inc,2022-02-15,2022-03-04,Raw Materials,Delivered,509,76.76,74.72,7.0,No,17.0,17.0,39070.84,38032.48,1038.360000000008,2.6576341844710987,1.37524557956778,0,2022Q1,public benchmark data
PO-00421,Alpha_Inc,2022-01-04,2022-01-06,Electronics,Delivered,1004,50.7,46.59,27.0,Yes,2.0,2.0,50902.8,46776.36,4126.440000000002,8.10650887573965,2.689243027888446,1,2022Q1,public benchmark data
PO-00422,Gamma_Co,2022-12-08,2022-12-19,MRO,Pending,1956,31.88,28.48,86.0,Yes,11.0,11.0,62357.28,55706.88,6650.4000000000015,10.66499372647428,4.396728016359918,1,2022Q4,public benchmark data
PO-00423,Delta_Logistics,2022-05-14,,Electronics,Delivered,519,51.73,47.52,81.0,No,,,26847.87,24662.88,2184.989999999998,8.138410980088915,15.606936416184972,0,2022Q2,public benchmark data
PO-00424,Gamma_Co,2023-10-15,2023-10-21,MRO,Partially Delivered,1448,25.06,21.62,84.0,Yes,6.0,6.0,36286.88,31305.76,4981.119999999995,13.72705506783718,5.801104972375691,1,2023Q4,public benchmark data
PO-00425,Gamma_Co,2022-09-26,2022-10-11,Packaging,Delivered,1095,26.91,23.75,53.0,Yes,15.0,15.0,29466.45,26006.25,3460.2000000000007,11.742846525455224,4.840182648401827,1,2022Q3,public benchmark data
PO-00426,Alpha_Inc,2022-06-15,,MRO,Delivered,799,56.22,49.51,18.0,Yes,,,44919.78,39558.49,5361.290000000001,11.93525435787976,2.252816020025031,1,2022Q2,public benchmark data
PO-00427,Beta_Supplies,2023-03-29,2023-04-18,MRO,Partially Delivered,1743,51.04,47.15,160.0,Yes,20.0,20.0,88962.72,82182.45,6780.270000000004,7.62147335423198,9.179575444635686,1,2023Q1,public benchmark data
PO-00428,Alpha_Inc,2023-07-19,2023-07-31,Raw Materials,Delivered,87,100.65,85.56,1.0,Yes,12.0,12.0,8756.550000000001,7443.72,1312.8300000000008,14.992548435171392,1.1494252873563218,1,2023Q3,public benchmark data
PO-00429,Beta_Supplies,2023-12-24,,Raw Materials,Delivered,279,47.52,46.5,28.0,No,,,13258.080000000002,12973.5,284.58000000000175,2.146464646464659,10.03584229390681,0,2023Q4,public benchmark data
PO-00430,Delta_Logistics,2023-03-14,2023-03-25,Raw Materials,Delivered,1438,66.61,58.5,237.0,Yes,11.0,11.0,95785.18,84123.0,11662.179999999991,12.17534904668968,16.481223922114047,1,2023Q1,public benchmark data
PO-00431,Delta_Logistics,2023-07-29,2023-07-31,Office Supplies,Partially Delivered,612,72.93,63.32,99.0,Yes,2.0,2.0,44633.16,38751.84,5881.32,13.177019059372,16.176470588235293,1,2023Q3,public benchmark data
PO-00432,Epsilon_Group,2022-01-10,2022-01-21,Packaging,Pending,487,11.18,10.63,15.0,Yes,11.0,11.0,5444.66,5176.81,267.84999999999945,4.919499105545607,3.0800821355236137,1,2022Q1,public benchmark data
PO-00433,Epsilon_Group,2022-04-25,2022-04-29,Packaging,Partially Delivered,1849,70.76,69.25,51.0,Yes,4.0,4.0,130835.24,128043.25,2791.990000000005,2.1339739966082574,2.758247701460249,1,2022Q2,public benchmark data
PO-00434,Epsilon_Group,2022-03-19,2022-04-01,MRO,Partially Delivered,1356,26.28,25.44,47.0,Yes,13.0,13.0,35635.68,34496.64,1139.0400000000009,3.196347031963473,3.466076696165192,1,2022Q1,public benchmark data
PO-00435,Delta_Logistics,2023-12-09,2023-12-29,Raw Materials,Delivered,76,107.59,96.33,10.0,Yes,20.0,20.0,8176.84,7321.08,855.7600000000002,10.465656659540851,13.157894736842104,1,2023Q4,public benchmark data
PO-00436,Alpha_Inc,2022-06-02,2022-06-13,Packaging,Partially Delivered,275,23.96,20.44,,Yes,11.0,11.0,6589.0,5621.0,968.0,14.691151919866444,,1,2022Q2,public benchmark data
PO-00437,Alpha_Inc,2023-07-13,2023-07-18,Packaging,Delivered,1350,51.57,48.07,,Yes,5.0,5.0,69619.5,64894.5,4725.0,6.78689160364553,,1,2023Q3,public benchmark data
PO-00438,Alpha_Inc,2022-02-06,,MRO,Delivered,847,17.77,17.39,,Yes,,,15051.19,14729.33,321.8600000000006,2.1384355655599365,,1,2022Q1,public benchmark data
PO-00439,Gamma_Co,2023-01-14,2023-01-27,MRO,Delivered,1682,105.7,101.3,94.0,Yes,13.0,13.0,177787.4,170386.6,7400.799999999988,4.162724692526011,5.58858501783591,1,2023Q1,public benchmark data
PO-00440,Epsilon_Group,2023-08-20,2023-08-23,Electronics,Delivered,333,60.44,58.54,8.0,Yes,3.0,3.0,20126.52,19493.82,632.7000000000007,3.1436135009927235,2.4024024024024024,1,2023Q3,public benchmark data
PO-00441,Alpha_Inc,2023-07-20,2023-08-02,Electronics,Cancelled,928,69.31,67.26,20.0,Yes,13.0,13.0,64319.68,62417.280000000006,1902.3999999999944,2.9577261578415723,2.155172413793104,1,2023Q3,public benchmark data
PO-00442,Epsilon_Group,2022-06-01,2022-06-12,MRO,Partially Delivered,1009,16.44,16.18,,Yes,11.0,11.0,16587.960000000003,16325.62,262.3400000000038,1.581508515815108,,1,2022Q2,public benchmark data
PO-00443,Epsilon_Group,2023-03-17,2023-04-03,Electronics,Pending,1554,82.92,74.82,44.0,Yes,17.0,17.0,128857.68,116270.27999999998,12587.400000000023,9.76845151953692,2.831402831402832,1,2023Q1,public benchmark data
PO-00444,Gamma_Co,2022-05-11,2022-05-25,Packaging,Partially Delivered,502,29.47,28.94,27.0,Yes,14.0,14.0,14793.94,14527.88,266.0599999999977,1.7984390906005954,5.378486055776892,1,2022Q2,public benchmark data
PO-00445,Delta_Logistics,2022-02-12,2022-02-13,MRO,Delivered,1069,91.28,82.64,,Yes,1.0,1.0,97578.32,88342.16,9236.160000000003,9.465381244522352,,1,2022Q1,public benchmark data
PO-00446,Alpha_Inc,2022-11-12,2022-11-18,MRO,Pending,1902,29.89,25.83,41.0,Yes,6.0,6.0,56850.78,49128.66,7722.120000000003,13.583138173302112,2.155625657202944,1,2022Q4,public benchmark data
PO-00447,Gamma_Co,2023-01-09,,Raw Materials,Pending,865,28.79,25.69,47.0,Yes,,,24903.35,22221.85,2681.4999999999964,10.767627648489045,5.433526011560693,1,2023Q1,public benchmark data
PO-00448,Delta_Logistics,2022-02-10,2022-02-26,Packaging,Partially Delivered,708,13.36,11.61,,No,16.0,16.0,9458.88,8219.88,1239.0,13.098802395209583,,0,2022Q1,public benchmark data
PO-00449,Delta_Logistics,2023-01-02,2023-01-07,Packaging,Delivered,1589,55.64,48.52,,Yes,5.0,5.0,88411.96,77098.28,11313.680000000008,12.796549245147384,,1,2023Q1,public benchmark data
PO-00450,Alpha_Inc,2022-08-04,2022-08-14,Office Supplies,Delivered,596,62.96,61.88,9.0,Yes,10.0,10.0,37524.16,36880.48,643.6800000000003,1.7153748411689966,1.51006711409396,1,2022Q3,public benchmark data
PO-00451,Epsilon_Group,2023-11-30,2023-12-04,Office Supplies,Delivered,1265,17.66,16.97,34.0,Yes,4.0,4.0,22339.9,21467.05,872.8500000000022,3.907134767836929,2.6877470355731226,1,2023Q4,public benchmark data
PO-00452,Beta_Supplies,2022-09-13,2022-10-01,Raw Materials,Delivered,1122,82.99,81.7,118.0,No,18.0,18.0,93114.78,91667.4,1447.37999999999,1.5544041450777095,10.51693404634581,0,2022Q3,public benchmark data
PO-00453,Epsilon_Group,2023-11-14,2023-12-01,Office Supplies,Delivered,1585,56.38,53.05,,Yes,17.0,17.0,89362.3,84084.25,5278.050000000003,5.906349769421784,,1,2023Q4,public benchmark data
PO-00454,Epsilon_Group,2022-04-16,2022-04-27,Electronics,Delivered,66,58.05,50.76,,Yes,11.0,11.0,3831.3,3350.16,481.1399999999999,12.55813953488372,,1,2022Q2,public benchmark data
PO-00455,Beta_Supplies,2022-12-29,2023-01-18,MRO,Delivered,1245,52.4,51.65,118.0,No,20.0,20.0,65238.0,64304.25,933.75,1.431297709923664,9.477911646586346,0,2022Q4,public benchmark data
PO-00456,Delta_Logistics,2023-07-28,2023-08-10,Electronics,Delivered,1293,50.21,47.55,,No,13.0,13.0,64921.53,61482.15,3439.3800000000047,5.297749452300346,,0,2023Q3,public benchmark data
PO-00457,Beta_Supplies,2023-02-21,2023-02-27,Packaging,Delivered,207,64.29,63.01,25.0,Yes,6.0,6.0,13308.03,13043.07,264.96000000000095,1.9909783792191704,12.07729468599034,1,2023Q1,public benchmark data
PO-00458,Beta_Supplies,2023-09-28,2023-10-18,Office Supplies,Delivered,526,26.37,25.32,47.0,Yes,20.0,20.0,13870.62,13318.32,552.3000000000011,3.9817974971558665,8.935361216730039,1,2023Q3,public benchmark data
PO-00459,Gamma_Co,2022-06-08,2022-06-14,Electronics,Delivered,1119,27.03,23.82,,Yes,6.0,6.0,30246.57,26654.58,3591.989999999998,11.875693673695888,,1,2022Q2,public benchmark data
PO-00460,Gamma_Co,2022-08-31,2022-09-02,Packaging,Delivered,1446,90.63,84.51,77.0,Yes,2.0,2.0,131050.98,122201.46,8849.51999999999,6.752730883813299,5.325034578146611,1,2022Q3,public benchmark data
PO-00461,Gamma_Co,2022-06-16,2022-06-24,Office Supplies,Delivered,567,97.53,85.29,21.0,Yes,8.0,8.0,55299.51,48359.43,6940.080000000002,12.549984620116888,3.7037037037037033,1,2022Q2,public benchmark data
PO-00462,Delta_Logistics,2022-07-01,,MRO,Delivered,148,44.91,40.1,,No,,,6646.679999999999,5934.8,711.8799999999992,10.710309507904688,,0,2022Q3,public benchmark data
PO-00463,Beta_Supplies,2023-02-27,2023-03-14,MRO,Pending,1965,36.6,34.64,195.0,Yes,15.0,15.0,71919.0,68067.6,3851.399999999994,5.355191256830593,9.923664122137405,1,2023Q1,public benchmark data
PO-00464,Alpha_Inc,2022-01-26,2022-02-03,Office Supplies,Pending,1818,67.96,58.98,,Yes,8.0,8.0,123551.27999999998,107225.64,16325.639999999985,13.213655091230123,,1,2022Q1,public benchmark data
PO-00465,Beta_Supplies,2022-07-03,2022-07-19,MRO,Delivered,1110,48.19,45.88,112.0,Yes,16.0,16.0,53490.9,50926.8,2564.0999999999917,4.793525627723579,10.09009009009009,1,2022Q3,public benchmark data
PO-00466,Delta_Logistics,2022-12-07,,Raw Materials,Delivered,329,12.96,12.74,48.0,Yes,,,4263.84,4191.46,72.38000000000011,1.6975308641975333,14.58966565349544,1,2022Q4,public benchmark data
PO-00467,Gamma_Co,2023-02-26,2023-03-17,Office Supplies,Cancelled,1422,25.62,25.18,65.0,Yes,19.0,19.0,36431.64,35805.96,625.6800000000003,1.7174082747853248,4.571026722925457,1,2023Q1,public benchmark data
PO-00468,Delta_Logistics,2023-11-17,,Raw Materials,Delivered,546,82.63,74.77,76.0,No,,,45115.98,40824.42,4291.559999999998,9.51228367421033,13.91941391941392,0,2023Q4,public benchmark data
PO-00469,Gamma_Co,2022-09-12,2022-09-22,Office Supplies,Partially Delivered,351,72.08,71.3,20.0,Yes,10.0,10.0,25300.08,25026.3,273.77999999999884,1.08213096559378,5.698005698005698,1,2022Q3,public benchmark data
PO-00470,Delta_Logistics,2022-10-01,2022-10-18,Raw Materials,Partially Delivered,230,13.0,12.81,,No,17.0,17.0,2990.0,2946.3,43.69999999999982,1.4615384615384557,,0,2022Q4,public benchmark data
PO-00471,Alpha_Inc,2022-06-13,2022-06-19,MRO,Delivered,656,30.73,26.26,17.0,Yes,6.0,6.0,20158.88,17226.56,2932.32,14.546046208916366,2.591463414634146,1,2022Q2,public benchmark data
PO-00472,Gamma_Co,2023-12-20,2024-01-09,MRO,Delivered,1172,34.34,32.09,69.0,Yes,20.0,20.0,40246.48,37609.48,2637.0,6.552125800815375,5.887372013651877,1,2023Q4,public benchmark data
PO-00473,Gamma_Co,2022-04-21,2022-04-30,Electronics,Delivered,749,71.53,70.02,41.0,Yes,9.0,9.0,53575.97,52444.98,1130.9900000000052,2.1110023766252017,5.473965287049399,1,2022Q2,public benchmark data
PO-00474,Beta_Supplies,2023-01-27,2023-02-12,Packaging,Delivered,1042,12.48,12.3,88.0,Yes,16.0,16.0,13004.16,12816.6,187.5599999999995,1.4423076923076883,8.445297504798464,1,2023Q1,public benchmark data
PO-00475,Delta_Logistics,2022-02-09,2022-02-27,Raw Materials,Delivered,1189,19.47,17.15,,No,18.0,18.0,23149.83,20391.35,2758.48,11.915767847971235,,0,2022Q1,public benchmark data
PO-00476,Epsilon_Group,2023-04-27,,Office Supplies,Delivered,240,88.14,81.9,4.0,Yes,,,21153.6,19656.0,1497.5999999999983,7.079646017699108,1.6666666666666667,1,2023Q2,public benchmark data
PO-00477,Epsilon_Group,2022-08-16,2022-09-02,MRO,Delivered,302,26.98,26.47,9.0,Yes,17.0,17.0,8147.96,7993.94,154.02000000000044,1.8902891030392936,2.980132450331126,1,2022Q3,public benchmark data
PO-00478,Beta_Supplies,2022-07-24,2022-08-03,MRO,Pending,1030,70.81,61.58,,No,10.0,10.0,72934.3,63427.4,9506.9,13.03488207880243,,0,2022Q3,public benchmark data
PO-00479,Delta_Logistics,2023-04-17,2023-04-23,Office Supplies,Delivered,977,33.79,32.25,137.0,Yes,6.0,6.0,33012.83,31508.25,1504.5800000000015,4.557561408700804,14.022517911975434,1,2023Q2,public benchmark data
PO-00480,Alpha_Inc,2022-12-25,2023-01-11,Packaging,Delivered,1234,19.99,17.66,25.0,Yes,17.0,17.0,24667.66,21792.44,2875.220000000001,11.655827913956983,2.025931928687196,1,2022Q4,public benchmark data
PO-00481,Beta_Supplies,2022-11-09,2022-11-23,Office Supplies,Delivered,1329,33.48,33.06,146.0,Yes,14.0,14.0,44494.92,43936.740000000005,558.179999999993,1.2544802867383358,10.985703536493604,1,2022Q4,public benchmark data
PO-00482,Gamma_Co,2022-08-22,2022-08-30,Raw Materials,Delivered,1396,77.63,67.81,58.0,Yes,8.0,8.0,108371.48,94662.76,13708.719999999988,12.649748808450328,4.154727793696275,1,2022Q3,public benchmark data
PO-00483,Alpha_Inc,2022-08-17,2022-08-29,Raw Materials,Delivered,177,90.06,87.71,7.0,Yes,12.0,12.0,15940.62,15524.669999999998,415.95000000000255,2.609371530091066,3.954802259887006,1,2022Q3,public benchmark data
PO-00484,Delta_Logistics,2022-01-25,,Electronics,Delivered,67,84.72,73.06,9.0,Yes,,,5676.24,4895.02,781.2199999999993,13.762983947119912,13.432835820895525,1,2022Q1,public benchmark data
PO-00485,Gamma_Co,2023-11-07,2023-11-20,Office Supplies,Delivered,1866,50.78,48.2,96.0,Yes,13.0,13.0,94755.48,89941.20000000001,4814.279999999984,5.080740448995651,5.144694533762058,1,2023Q4,public benchmark data
PO-00486,Epsilon_Group,2022-07-17,2022-07-25,MRO,Delivered,1808,72.23,67.86,53.0,Yes,8.0,8.0,130591.84,122690.88,7900.960000000006,6.050117679634505,2.93141592920354,1,2022Q3,public benchmark data
PO-00487,Delta_Logistics,2023-02-13,2023-02-16,Electronics,Cancelled,615,30.3,29.52,96.0,Yes,3.0,3.0,18634.5,18154.8,479.7000000000007,2.5742574257425783,15.609756097560975,1,2023Q1,public benchmark data
PO-00488,Gamma_Co,2022-12-03,2022-12-04,Office Supplies,Pending,619,38.38,35.02,34.0,Yes,1.0,1.0,23757.22,21677.38,2079.84,8.754559666492966,5.492730210016155,1,2022Q4,public benchmark data
PO-00489,Delta_Logistics,2022-10-13,2022-10-17,Office Supplies,Delivered,1396,94.75,84.06,210.0,Yes,4.0,4.0,132271.0,117347.76,14923.23999999999,11.28232189973614,15.04297994269341,1,2022Q4,public benchmark data
PO-00490,Gamma_Co,2022-03-13,2022-03-24,MRO,Delivered,1945,11.28,9.98,94.0,Yes,11.0,11.0,21939.6,19411.1,2528.4999999999964,11.524822695035446,4.832904884318766,1,2022Q1,public benchmark data
PO-00491,Delta_Logistics,2022-10-13,2022-10-18,Packaging,Delivered,735,18.49,15.89,113.0,No,5.0,5.0,13590.15,11679.15,1911.0,14.061654948620877,15.374149659863946,0,2022Q4,public benchmark data
PO-00492,Epsilon_Group,2022-12-26,2023-01-11,Office Supplies,Pending,1865,30.29,26.83,56.0,Yes,16.0,16.0,56490.85,50037.95,6452.9000000000015,11.422911852096403,3.0026809651474533,1,2022Q4,public benchmark data
PO-00493,Beta_Supplies,2023-10-19,2023-10-24,Electronics,Cancelled,675,13.69,11.84,52.0,Yes,5.0,5.0,9240.75,7992.0,1248.75,13.513513513513514,7.703703703703704,1,2023Q4,public benchmark data
PO-00494,Gamma_Co,2023-06-06,2023-06-22,MRO,Pending,1361,28.57,24.29,65.0,Yes,16.0,16.0,38883.77,33058.69,5825.0799999999945,14.98074903745186,4.775900073475386,1,2023Q2,public benchmark data
PO-00495,Gamma_Co,2023-02-14,2023-02-15,Raw Materials,Delivered,903,66.53,60.15,29.0,Yes,1.0,1.0,60076.59,54315.45,5761.140000000007,9.58965880054112,3.211517165005537,1,2023Q1,public benchmark data
PO-00496,Epsilon_Group,2023-11-27,,Packaging,Cancelled,1736,53.2,50.68,48.0,Yes,,,92355.2,87980.48,4374.720000000016,4.736842105263174,2.7649769585253456,1,2023Q4,public benchmark data
PO-00497,Beta_Supplies,2023-07-04,2023-07-11,MRO,Delivered,1011,98.47,97.06,91.0,Yes,7.0,7.0,99553.17,98127.66,1425.5099999999948,1.4319081953894537,9.000989119683481,1,2023Q3,public benchmark data
PO-00498,Delta_Logistics,2022-12-06,2022-12-24,Electronics,Delivered,1712,88.17,85.86,246.0,Yes,18.0,18.0,150947.04,146992.32,3954.720000000001,2.6199387546784627,14.369158878504674,1,2022Q4,public benchmark data
PO-00499,Gamma_Co,2022-01-29,,Office Supplies,Delivered,204,40.76,37.46,10.0,Yes,,,8315.039999999999,7641.84,673.1999999999989,8.096172718351314,4.901960784313726,1,2022Q1,public benchmark data
PO-00500,Beta_Supplies,2022-04-29,2022-05-13,Electronics,Partially Delivered,539,33.85,30.57,34.0,No,14.0,14.0,18245.15,16477.23,1767.920000000002,9.689807976366332,6.307977736549166,0,2022Q2,public benchmark data
PO-00501,Delta_Logistics,2022-09-25,2022-10-05,Office Supplies,Delivered,1459,45.94,42.56,212.0,No,10.0,10.0,67026.45999999999,62095.04,4931.419999999991,7.3574227252938496,14.53050034270048,0,2022Q3,public benchmark data
PO-00502,Gamma_Co,2022-07-02,2022-07-06,MRO,Delivered,834,65.02,56.19,,Yes,4.0,4.0,54226.68,46862.46,7364.220000000001,13.580436788680409,,1,2022Q3,public benchmark data
PO-00503,Gamma_Co,2023-08-18,2023-09-01,Packaging,Partially Delivered,1177,37.37,34.27,60.0,Yes,14.0,14.0,43984.49,40335.79,3648.699999999997,8.29542413700829,5.097706032285472,1,2023Q3,public benchmark data
PO-00504,Delta_Logistics,2022-09-29,2022-10-19,MRO,Delivered,1466,68.82,66.82,211.0,Yes,20.0,20.0,100890.12,97958.12,2932.0,2.9061319383900037,14.392905866302868,1,2022Q3,public benchmark data
PO-00505,Epsilon_Group,2022-02-09,2022-02-13,Electronics,Delivered,1884,47.08,44.31,54.0,Yes,4.0,4.0,88698.72,83480.04000000001,5218.679999999993,5.883602378929473,2.8662420382165608,1,2022Q1,public benchmark data
PO-00506,Beta_Supplies,2022-04-22,2022-05-08,Electronics,Delivered,295,60.58,57.32,31.0,Yes,16.0,16.0,17871.1,16909.4,961.6999999999972,5.381313965004937,10.508474576271183,1,2022Q2,public benchmark data
PO-00507,Gamma_Co,2023-09-03,2023-09-04,Raw Materials,Delivered,1249,54.18,47.29,59.0,Yes,1.0,1.0,67670.81999999999,59065.21,8605.609999999993,12.716869693613871,4.723779023218575,1,2023Q3,public benchmark data
PO-00508,Delta_Logistics,2023-03-21,2023-04-09,Raw Materials,Delivered,1112,39.06,33.6,184.0,No,19.0,19.0,43434.72,37363.2,6071.519999999997,13.978494623655909,16.546762589928058,0,2023Q1,public benchmark data
PO-00509,Gamma_Co,2022-12-20,2022-12-25,Office Supplies,Delivered,1550,100.61,97.43,66.0,Yes,5.0,5.0,155945.5,151016.5,4929.0,3.160719610376702,4.258064516129032,1,2022Q4,public benchmark data
PO-00510,Delta_Logistics,2022-11-18,2022-11-19,Electronics,Delivered,1755,82.66,73.67,258.0,No,1.0,1.0,145068.3,129290.85,15777.449999999984,10.875877086861832,14.700854700854702,0,2022Q4,public benchmark data
PO-00511,Gamma_Co,2023-03-23,2023-03-31,Raw Materials,Delivered,808,24.19,21.64,39.0,Yes,8.0,8.0,19545.52,17485.12,2060.400000000001,10.541546093427042,4.826732673267327,1,2023Q1,public benchmark data
PO-00512,Alpha_Inc,2023-09-13,2023-09-19,Raw Materials,Partially Delivered,587,96.98,95.35,14.0,Yes,6.0,6.0,56927.26,55970.45,956.810000000005,1.6807589193648262,2.385008517887564,1,2023Q3,public benchmark data
PO-00513,Epsilon_Group,2023-06-08,2023-06-11,MRO,Delivered,1940,58.45,50.29,54.0,Yes,3.0,3.0,113393.0,97562.6,15830.400000000009,13.960650128314803,2.783505154639176,1,2023Q2,public benchmark data
PO-00514,Beta_Supplies,2022-04-29,2022-05-11,Office Supplies,Cancelled,1891,91.87,80.28,158.0,Yes,12.0,12.0,173726.17,151809.48,21916.69,12.615652552519864,8.355367530407191,1,2022Q2,public benchmark data
PO-00515,Epsilon_Group,2023-01-30,2023-02-16,Packaging,Delivered,970,86.91,78.44,18.0,Yes,17.0,17.0,84302.7,76086.8,8215.899999999994,9.745713956966972,1.855670103092784,1,2023Q1,public benchmark data
PO-00516,Epsilon_Group,2023-08-14,2023-08-31,MRO,Delivered,457,52.85,50.34,16.0,Yes,17.0,17.0,24152.45,23005.38,1147.0699999999997,4.749290444654681,3.50109409190372,1,2023Q3,public benchmark data
PO-00517,Beta_Supplies,2022-07-14,2022-07-27,Office Supplies,Cancelled,574,12.38,11.47,,No,13.0,13.0,7106.120000000001,6583.780000000001,522.3400000000001,7.350565428109856,,0,2022Q3,public benchmark data
PO-00518,Epsilon_Group,2022-09-18,2022-09-20,Office Supplies,Delivered,877,35.55,34.69,24.0,Yes,2.0,2.0,31177.35,30423.13,754.2200000000012,2.419127988748246,2.7366020524515395,1,2022Q3,public benchmark data
PO-00519,Alpha_Inc,2022-02-15,2022-02-27,MRO,Delivered,1579,59.04,50.95,29.0,Yes,12.0,12.0,93224.16,80450.05,12774.11,13.702574525745256,1.8366054464851167,1,2022Q1,public benchmark data
PO-00520,Delta_Logistics,2023-12-27,2023-12-28,Raw Materials,Delivered,952,74.72,69.73,,Yes,1.0,1.0,71133.44,66382.96,4750.479999999996,6.678265524625261,,1,2023Q4,public benchmark data
PO-00521,Beta_Supplies,2023-03-23,2023-03-26,Raw Materials,Pending,1898,35.53,33.25,187.0,Yes,3.0,3.0,67435.94,63108.5,4327.440000000002,6.417112299465244,9.852476290832456,1,2023Q1,public benchmark data
PO-00522,Delta_Logistics,2022-01-02,2022-01-06,Packaging,Delivered,85,22.54,20.68,6.0,Yes,4.0,4.0,1915.9,1757.8,158.0999999999999,8.251996450754211,7.0588235294117645,1,2022Q1,public benchmark data
PO-00523,Gamma_Co,2023-06-17,2023-06-28,Packaging,Pending,734,92.38,78.92,34.0,No,11.0,11.0,67806.92,57927.28,9879.64,14.570253301580427,4.632152588555858,0,2023Q2,public benchmark data
PO-00524,Alpha_Inc,2023-07-06,2023-07-18,Office Supplies,Delivered,69,107.47,105.53,,Yes,12.0,12.0,7415.43,7281.57,133.86000000000058,1.805154926956368,,1,2023Q3,public benchmark data
PO-00525,Delta_Logistics,2023-12-05,2023-12-11,Packaging,Delivered,370,63.9,55.79,59.0,Yes,6.0,6.0,23643.0,20642.3,3000.7000000000007,12.69170579029734,15.945945945945947,1,2023Q4,public benchmark data
PO-00526,Delta_Logistics,2023-11-18,2023-12-03,MRO,Delivered,1849,28.25,27.53,271.0,Yes,15.0,15.0,52234.25,50902.97,1331.2799999999988,2.548672566371679,14.656571119524068,1,2023Q4,public benchmark data
PO-00527,Beta_Supplies,2022-07-21,,Packaging,Delivered,561,35.54,30.99,68.0,No,,,19937.94,17385.39,2552.5499999999997,12.802476083286434,12.12121212121212,0,2022Q3,public benchmark data
PO-00528,Gamma_Co,2023-01-08,2023-01-14,Electronics,Delivered,449,12.35,10.67,29.0,Yes,6.0,6.0,5545.15,4790.83,754.3199999999997,13.603238866396758,6.45879732739421,1,2023Q1,public benchmark data
PO-00529,Beta_Supplies,2023-03-18,2023-03-21,Office Supplies,Delivered,703,98.75,86.78,59.0,Yes,3.0,3.0,69421.25,61006.34,8414.909999999996,12.121518987341767,8.392603129445234,1,2023Q1,public benchmark data
PO-00530,Gamma_Co,2022-03-13,2022-03-28,Electronics,Delivered,1021,20.8,18.23,37.0,Yes,15.0,15.0,21236.8,18612.83,2623.969999999997,12.35576923076922,3.623898139079334,1,2022Q1,public benchmark data
PO-00531,Beta_Supplies,2023-11-12,2023-11-19,Office Supplies,Delivered,1956,68.69,65.09,,Yes,7.0,7.0,134357.63999999998,127316.04,7041.599999999977,5.240937545494233,,1,2023Q4,public benchmark data
PO-00532,Delta_Logistics,2022-12-05,2022-12-12,Office Supplies,Partially Delivered,520,36.57,34.78,67.0,No,7.0,7.0,19016.4,18085.6,930.7999999999992,4.894722450095703,12.884615384615383,0,2022Q4,public benchmark data
PO-00533,Delta_Logistics,2023-10-01,2023-10-12,MRO,Delivered,1216,66.16,63.0,179.0,No,11.0,11.0,80450.56,76608.0,3842.5599999999977,4.776299879081012,14.720394736842104,0,2023Q4,public benchmark data
PO-00534,Alpha_Inc,2022-11-18,,Raw Materials,Delivered,1165,72.06,63.93,,Yes,,,83949.90000000001,74478.45,9471.450000000012,11.282264779350552,,1,2022Q4,public benchmark data
PO-00535,Delta_Logistics,2023-11-11,2023-11-29,Packaging,Pending,1427,93.99,83.6,213.0,Yes,18.0,18.0,134123.72999999998,119297.2,14826.529999999984,11.054367485902745,14.926419060967064,1,2023Q4,public benchmark data
PO-00536,Epsilon_Group,2022-05-08,2022-05-10,Electronics,Delivered,883,29.15,25.75,14.0,Yes,2.0,2.0,25739.45,22737.25,3002.199999999997,11.663807890222976,1.585503963759909,1,2022Q2,public benchmark data
PO-00537,Delta_Logistics,2022-11-04,2022-11-11,Packaging,Partially Delivered,1873,11.54,9.89,284.0,No,7.0,7.0,21614.42,18523.97,3090.449999999997,14.29809358752165,15.162840363053926,0,2022Q4,public benchmark data
PO-00538,Epsilon_Group,2023-06-04,2023-06-06,Office Supplies,Delivered,776,24.22,22.53,27.0,Yes,2.0,2.0,18794.72,17483.280000000002,1311.439999999995,6.977704376548282,3.479381443298969,1,2023Q2,public benchmark data
PO-00539,Delta_Logistics,2022-11-13,2022-11-24,Electronics,Delivered,903,95.55,92.45,149.0,No,11.0,11.0,86281.65,83482.35,2799.2999999999884,3.2443746729460883,16.500553709856035,0,2022Q4,public benchmark data
PO-00540,Epsilon_Group,2023-11-14,2023-11-26,Electronics,Delivered,100,98.4,85.76,3.0,Yes,12.0,12.0,9840.0,8576.0,1264.0,12.845528455284551,3.0,1,2023Q4,public benchmark data
PO-00541,Epsilon_Group,2023-02-23,2023-03-08,Office Supplies,Delivered,1738,67.91,61.15,,Yes,13.0,13.0,118027.58,106278.7,11748.87999999999,9.954351347371514,,1,2023Q1,public benchmark data
PO-00542,Delta_Logistics,2022-12-01,2022-12-14,Packaging,Delivered,1771,67.57,61.48,280.0,No,13.0,13.0,119666.47,108881.08,10785.39,9.012875536480689,15.810276679841898,0,2022Q4,public benchmark data
PO-00543,Epsilon_Group,2023-02-17,2023-02-23,Electronics,Delivered,624,74.39,66.3,18.0,No,6.0,6.0,46419.36,41371.2,5048.160000000004,10.875117623336475,2.8846153846153846,0,2023Q1,public benchmark data
PO-00544,Alpha_Inc,2023-12-15,2023-12-31,Packaging,Partially Delivered,1263,28.75,27.1,26.0,Yes,16.0,16.0,36311.25,34227.3,2083.949999999997,5.7391304347826,2.058590657165479,1,2023Q4,public benchmark data
PO-00545,Gamma_Co,2022-10-30,2022-11-16,Electronics,Cancelled,1198,96.45,90.09,,Yes,17.0,17.0,115547.1,107927.82,7619.279999999999,6.594090202177292,,1,2022Q4,public benchmark data
PO-00546,Epsilon_Group,2023-07-22,2023-07-25,Raw Materials,Delivered,199,51.98,45.64,,No,3.0,3.0,10344.02,9082.36,1261.659999999998,12.19699884570987,,0,2023Q3,public benchmark data
PO-00547,Epsilon_Group,2022-05-11,2022-05-14,MRO,Pending,363,45.37,38.73,,Yes,3.0,3.0,16469.309999999998,14058.989999999998,2410.32,14.63522151201234,,1,2022Q2,public benchmark data
PO-00548,Alpha_Inc,2022-07-16,2022-07-22,Office Supplies,Delivered,619,58.4,51.04,,Yes,6.0,6.0,36149.6,31593.76,4555.84,12.602739726027398,,1,2022Q3,public benchmark data
PO-00549,Alpha_Inc,2023-03-07,2023-03-18,MRO,Delivered,1415,15.22,13.56,30.0,Yes,11.0,11.0,21536.3,19187.4,2348.899999999998,10.906701708278572,2.120141342756184,1,2023Q1,public benchmark data
PO-00550,Beta_Supplies,2023-11-12,2023-11-23,Packaging,Delivered,354,27.71,23.87,39.0,No,11.0,11.0,9809.34,8449.98,1359.3600000000006,13.857813063875865,11.016949152542372,0,2023Q4,public benchmark data
PO-00551,Gamma_Co,2023-01-24,2023-02-03,MRO,Delivered,1765,81.01,78.43,78.0,Yes,10.0,10.0,142982.65000000002,138428.95,4553.700000000012,3.18479200098754,4.419263456090651,1,2023Q1,public benchmark data
PO-00552,Beta_Supplies,2023-11-25,2023-12-09,MRO,Delivered,731,19.37,17.3,69.0,No,14.0,14.0,14159.47,12646.3,1513.17,10.686628807434175,9.439124487004104,0,2023Q4,public benchmark data
PO-00553,Epsilon_Group,2022-06-28,2022-07-13,MRO,Delivered,887,65.89,59.67,29.0,Yes,15.0,15.0,58444.43,52927.29,5517.139999999999,9.439975717104264,3.269447576099211,1,2022Q2,public benchmark data
PO-00554,Alpha_Inc,2023-09-23,2023-09-25,MRO,Delivered,1856,35.29,32.41,26.0,Yes,2.0,2.0,65498.24,60152.95999999999,5345.280000000006,8.160952111079634,1.4008620689655171,1,2023Q3,public benchmark data
PO-00555,Epsilon_Group,2023-08-06,2023-08-18,Office Supplies,Delivered,1127,49.32,46.49,30.0,Yes,12.0,12.0,55583.64,52394.23,3189.409999999996,5.738037307380366,2.6619343389529724,1,2023Q3,public benchmark data
PO-00556,Delta_Logistics,2022-11-05,2022-11-19,Raw Materials,Delivered,1052,37.78,32.6,162.0,Yes,14.0,14.0,39744.56,34295.200000000004,5449.359999999993,13.710958178930635,15.399239543726235,1,2022Q4,public benchmark data
PO-00557,Gamma_Co,2023-02-20,2023-02-22,Raw Materials,Delivered,493,44.74,41.44,24.0,No,2.0,2.0,22056.82,20429.92,1626.9000000000017,7.375949932945916,4.86815415821501,0,2023Q1,public benchmark data
PO-00558,Delta_Logistics,2023-07-16,2023-07-29,MRO,Partially Delivered,662,81.44,71.33,87.0,Yes,13.0,13.0,53913.28,47220.46,6692.82,12.414047151277014,13.141993957703926,1,2023Q3,public benchmark data
PO-00559,Alpha_Inc,2022-01-01,2022-01-07,Raw Materials,Delivered,1042,36.74,35.78,33.0,Yes,6.0,6.0,38283.08,37282.76,1000.3199999999996,2.6129559063690797,3.166986564299424,1,2022Q1,public benchmark data
PO-00560,Alpha_Inc,2022-11-08,,Raw Materials,Delivered,313,64.03,57.74,1.0,Yes,,,20041.39,18072.62,1968.7700000000004,9.823520224894583,0.3194888178913738,1,2022Q4,public benchmark data
PO-00561,Alpha_Inc,2022-10-21,2022-11-10,Office Supplies,Delivered,1126,55.22,50.38,,Yes,20.0,20.0,62177.72,56727.880000000005,5449.8399999999965,8.764940239043819,,1,2022Q4,public benchmark data
PO-00562,Gamma_Co,2022-08-04,2022-08-19,MRO,Delivered,1645,72.17,64.0,79.0,Yes,15.0,15.0,118719.65,105280.0,13439.650000000009,11.320493279756136,4.802431610942249,1,2022Q3,public benchmark data
PO-00563,Beta_Supplies,2023-03-17,2023-03-20,Packaging,Delivered,1053,100.92,92.35,104.0,Yes,3.0,3.0,106268.76,97244.55,9024.210000000006,8.49187475227904,9.876543209876544,1,2023Q1,public benchmark data
PO-00564,Epsilon_Group,2023-08-17,2023-08-29,MRO,Delivered,1693,83.14,73.3,62.0,Yes,12.0,12.0,140756.02,124096.9,16659.119999999995,11.835458263170551,3.662138216184288,1,2023Q3,public benchmark data
PO-00565,Epsilon_Group,2023-09-14,2023-10-03,Raw Materials,Pending,54,32.28,28.65,3.0,Yes,19.0,19.0,1743.12,1547.1,196.0200000000002,11.245353159851312,5.555555555555555,1,2023Q3,public benchmark data
PO-00566,Epsilon_Group,2023-11-02,2023-11-07,Packaging,Delivered,1176,14.22,12.21,33.0,Yes,5.0,5.0,16722.72,14358.96,2363.76,14.135021097046414,2.806122448979592,1,2023Q4,public benchmark data
PO-00567,Epsilon_Group,2022-11-26,2022-12-08,Raw Materials,Delivered,1269,35.28,33.7,35.0,Yes,12.0,12.0,44770.32,42765.3,2005.0199999999968,4.478458049886614,2.7580772261623325,1,2022Q4,public benchmark data
PO-00568,Epsilon_Group,2023-04-22,2023-04-25,Raw Materials,Delivered,823,68.32,64.46,19.0,Yes,3.0,3.0,56227.35999999999,53050.58,3176.779999999999,5.649882903981263,2.3086269744835968,1,2023Q2,public benchmark data
PO-00569,Beta_Supplies,2023-03-29,2023-04-15,Electronics,Delivered,926,15.65,13.49,94.0,No,17.0,17.0,14491.9,12491.74,2000.16,13.801916932907348,10.151187904967603,0,2023Q1,public benchmark data
PO-00570,Delta_Logistics,2023-03-29,2023-04-09,Electronics,Cancelled,1041,58.5,52.54,170.0,No,11.0,11.0,60898.5,54694.14,6204.360000000001,10.18803418803419,16.330451488952928,0,2023Q1,public benchmark data
PO-00571,Gamma_Co,2023-11-23,2023-12-01,Electronics,Pending,933,70.72,65.47,42.0,Yes,8.0,8.0,65981.76,61083.51,4898.249999999993,7.423642533936641,4.501607717041801,1,2023Q4,public benchmark data
PO-00572,Delta_Logistics,2022-08-07,,Raw Materials,Delivered,1423,41.48,40.9,199.0,Yes,,,59026.03999999999,58200.7,825.3399999999965,1.39826422372227,13.984539704848912,1,2022Q3,public benchmark data
PO-00573,Delta_Logistics,2023-06-08,2023-06-14,MRO,Delivered,96,86.13,80.32,12.0,No,6.0,6.0,8268.48,7710.719999999999,557.7600000000002,6.74561709044468,12.5,0,2023Q2,public benchmark data
PO-00574,Epsilon_Group,2023-04-30,2023-05-13,MRO,Delivered,916,21.06,19.53,25.0,Yes,13.0,13.0,19290.96,17889.48,1401.4799999999996,7.264957264957263,2.7292576419213974,1,2023Q2,public benchmark data
PO-00575,Epsilon_Group,2022-06-23,,Raw Materials,Delivered,872,17.18,16.63,20.0,Yes,,,14980.96,14501.36,479.6000000000004,3.201396973224682,2.293577981651376,1,2022Q2,public benchmark data
PO-00576,Beta_Supplies,2023-11-06,2023-11-15,Electronics,Delivered,985,83.85,80.88,,No,9.0,9.0,82592.25,79666.79999999999,2925.450000000012,3.5420393559928582,,0,2023Q4,public benchmark data
PO-00577,Gamma_Co,2022-03-28,2022-04-04,Raw Materials,Delivered,1893,55.14,50.1,98.0,Yes,7.0,7.0,104380.02,94839.3,9540.72,9.140369967355824,5.176967776016904,1,2022Q1,public benchmark data
PO-00578,Alpha_Inc,2022-10-18,,MRO,Delivered,705,75.19,69.55,19.0,Yes,,,53008.95,49032.75,3976.199999999997,7.500997473068222,2.695035460992908,1,2022Q4,public benchmark data
PO-00579,Delta_Logistics,2023-06-12,2023-06-28,MRO,Delivered,318,53.31,51.78,,No,16.0,16.0,16952.58,16466.04,486.5400000000009,2.87000562746202,,0,2023Q2,public benchmark data
PO-00580,Alpha_Inc,2023-11-11,2023-11-16,Office Supplies,Pending,419,35.72,32.74,7.0,Yes,5.0,5.0,14966.68,13718.06,1248.619999999999,8.342665173572222,1.6706443914081146,1,2023Q4,public benchmark data
PO-00581,Gamma_Co,2023-10-11,2023-10-26,MRO,Delivered,685,92.51,90.05,38.0,Yes,15.0,15.0,63369.350000000006,61684.25,1685.1000000000058,2.6591719814074244,5.547445255474453,1,2023Q4,public benchmark data
PO-00582,Delta_Logistics,2023-09-27,2023-10-12,Office Supplies,Partially Delivered,1179,90.14,82.63,194.0,Yes,15.0,15.0,106275.06,97420.77,8854.290000000008,8.331484357665861,16.45462256149279,1,2023Q3,public benchmark data
PO-00583,Alpha_Inc,2022-12-10,,Raw Materials,Delivered,1743,76.51,65.88,40.0,Yes,,,133356.93000000002,114828.84,18528.090000000026,13.893608678604124,2.2948938611589216,1,2022Q4,public benchmark data
PO-00584,Alpha_Inc,2022-04-06,2022-04-17,MRO,Delivered,1732,35.01,34.18,40.0,Yes,11.0,11.0,60637.32,59199.76,1437.5599999999977,2.370751213938871,2.3094688221709005,1,2022Q2,public benchmark data
PO-00585,Beta_Supplies,2022-08-29,2022-09-01,Office Supplies,Delivered,706,65.33,62.06,60.0,No,3.0,3.0,46122.98,43814.36,2308.619999999996,5.005357416194694,8.498583569405099,0,2022Q3,public benchmark data
PO-00586,Gamma_Co,2023-11-20,2023-11-30,MRO,Cancelled,169,47.16,43.4,,Yes,10.0,10.0,7970.039999999999,7334.599999999999,635.4399999999996,7.97285835453774,,1,2023Q4,public benchmark data
PO-00587,Gamma_Co,2022-11-14,2022-11-20,Office Supplies,Pending,880,19.15,18.69,,No,6.0,6.0,16852.0,16447.2,404.7999999999993,2.402088772845949,,0,2022Q4,public benchmark data
PO-00588,Gamma_Co,2022-08-19,2022-08-25,MRO,Delivered,1860,95.8,92.17,105.0,No,6.0,6.0,178188.0,171436.2,6751.799999999988,3.7891440501043774,5.64516129032258,0,2022Q3,public benchmark data
PO-00589,Delta_Logistics,2022-07-23,2022-08-09,MRO,Delivered,1677,22.98,21.71,246.0,Yes,17.0,17.0,38537.46,36407.67,2129.790000000001,5.526544821583988,14.669051878354203,1,2022Q3,public benchmark data
PO-00590,Beta_Supplies,2022-05-31,2022-06-07,Packaging,Partially Delivered,1131,97.43,91.28,103.0,Yes,7.0,7.0,110193.33,103237.68,6955.649999999994,6.312224160936052,9.106984969053936,1,2022Q2,public benchmark data
PO-00591,Epsilon_Group,2022-01-26,2022-02-03,Raw Materials,Cancelled,1419,50.14,43.46,,Yes,8.0,8.0,71148.66,61669.74,9478.920000000006,13.322696449940176,,1,2022Q1,public benchmark data
PO-00592,Delta_Logistics,2022-02-17,2022-02-18,Raw Materials,Pending,790,26.8,25.62,115.0,Yes,1.0,1.0,21172.0,20239.8,932.2000000000008,4.402985074626868,14.556962025316457,1,2022Q1,public benchmark data
PO-00593,Gamma_Co,2022-09-08,2022-09-27,MRO,Pending,1547,61.12,53.43,77.0,Yes,19.0,19.0,94552.64,82656.21,11896.429999999991,12.581806282722503,4.97737556561086,1,2022Q3,public benchmark data
PO-00594,Delta_Logistics,2023-05-02,2023-05-20,Office Supplies,Cancelled,166,95.65,94.48,23.0,Yes,18.0,18.0,15877.9,15683.68,194.2200000000012,1.2232096184004253,13.855421686746988,1,2023Q2,public benchmark data
PO-00595,Alpha_Inc,2023-09-18,2023-09-21,Electronics,Delivered,1903,83.49,82.33,43.0,Yes,3.0,3.0,158881.47,156673.99,2207.4800000000105,1.389387950652779,2.259590120861797,1,2023Q3,public benchmark data
PO-00596,Delta_Logistics,2022-03-16,2022-03-29,Office Supplies,Partially Delivered,840,83.42,80.35,153.0,Yes,13.0,13.0,70072.8,67494.0,2578.800000000003,3.68017262047471,18.21428571428571,1,2022Q1,public benchmark data
PO-00597,Delta_Logistics,2023-04-12,,MRO,Delivered,1200,74.49,64.63,161.0,Yes,,,89388.0,77556.0,11832.0,13.236676063901196,13.416666666666666,1,2023Q2,public benchmark data
PO-00598,Gamma_Co,2023-03-01,2023-03-18,Raw Materials,Delivered,1466,77.37,70.35,72.0,Yes,17.0,17.0,113424.42,103133.1,10291.320000000022,9.073284218689432,4.911323328785812,1,2023Q1,public benchmark data
PO-00599,Alpha_Inc,2023-10-07,2023-10-21,Office Supplies,Delivered,1981,95.5,94.39,49.0,Yes,14.0,14.0,189185.5,186986.59,2198.9100000000035,1.1623036649214675,2.4734982332155475,1,2023Q4,public benchmark data
PO-00600,Gamma_Co,2023-08-13,2023-08-16,Packaging,Delivered,1062,35.55,32.38,,Yes,3.0,3.0,37754.1,34387.560000000005,3366.5399999999936,8.917018284106875,,1,2023Q3,public benchmark data
PO-00601,Alpha_Inc,2022-07-19,2022-07-30,MRO,Delivered,1714,55.67,55.09,42.0,Yes,11.0,11.0,95418.38,94424.26,994.1199999999952,1.041853781210701,2.4504084014002334,1,2022Q3,public benchmark data
PO-00602,Alpha_Inc,2023-12-15,2023-12-30,Office Supplies,Delivered,1131,33.35,31.28,23.0,Yes,15.0,15.0,37718.85,35377.68,2341.1699999999983,6.2068965517241335,2.033598585322723,1,2023Q4,public benchmark data
PO-00603,Alpha_Inc,2023-01-29,2023-02-15,Office Supplies,Delivered,683,104.82,101.34,,Yes,17.0,17.0,71592.06,69215.22,2376.8399999999965,3.3199771036061776,,1,2023Q1,public benchmark data
PO-00604,Gamma_Co,2023-05-22,2023-06-09,Packaging,Partially Delivered,562,102.56,90.88,38.0,Yes,18.0,18.0,57638.72,51074.56,6564.160000000004,11.388455538221534,6.761565836298933,1,2023Q2,public benchmark data
PO-00605,Alpha_Inc,2023-02-14,2023-02-20,Electronics,Delivered,1824,14.43,14.11,36.0,Yes,6.0,6.0,26320.32,25736.64,583.6800000000003,2.2176022176022188,1.973684210526316,1,2023Q1,public benchmark data
PO-00606,Beta_Supplies,2022-09-07,2022-09-12,Electronics,Partially Delivered,851,76.44,74.76,91.0,Yes,5.0,5.0,65050.44,63620.76,1429.679999999993,2.1978021978021878,10.693301997649824,1,2022Q3,public benchmark data
PO-00607,Beta_Supplies,2022-06-01,2022-06-03,Office Supplies,Delivered,1169,95.6,82.16,103.0,Yes,2.0,2.0,111756.4,96045.04,15711.36,14.058577405857742,8.810949529512403,1,2022Q2,public benchmark data
PO-00608,Epsilon_Group,2023-11-03,2023-11-20,MRO,Delivered,1711,29.14,26.35,48.0,Yes,17.0,17.0,49858.54,45084.850000000006,4773.689999999995,9.574468085106371,2.805376972530684,1,2023Q4,public benchmark data
PO-00609,Beta_Supplies,2023-12-06,2023-12-12,Packaging,Pending,1191,68.14,61.71,112.0,Yes,6.0,6.0,81154.74,73496.61,7658.130000000005,9.436454358673323,9.403862300587742,1,2023Q4,public benchmark data
PO-00610,Epsilon_Group,2022-01-06,2022-01-14,Electronics,Delivered,609,92.39,82.75,29.0,Yes,8.0,8.0,56265.51,50394.75,5870.760000000002,10.434029656889276,4.761904761904762,1,2022Q1,public benchmark data
PO-00611,Beta_Supplies,2022-04-20,2022-05-07,Office Supplies,Delivered,1674,13.25,11.77,181.0,Yes,17.0,17.0,22180.5,19702.98,2477.5200000000004,11.169811320754718,10.81242532855436,1,2022Q2,public benchmark data
PO-00612,Gamma_Co,2023-03-12,2023-03-15,MRO,Delivered,537,77.86,71.18,20.0,Yes,3.0,3.0,41810.82,38223.66,3587.159999999996,8.57950166966349,3.7243947858473,1,2023Q1,public benchmark data
PO-00613,Epsilon_Group,2022-08-13,2022-08-31,Electronics,Delivered,1310,38.05,37.0,45.0,Yes,18.0,18.0,49845.49999999999,48470.0,1375.4999999999927,2.7595269382391447,3.435114503816794,1,2022Q3,public benchmark data
PO-00614,Delta_Logistics,2022-06-30,2022-07-10,Raw Materials,Delivered,1958,95.53,91.72,308.0,Yes,10.0,10.0,187047.74,179587.76,7459.979999999981,3.988275934261479,15.730337078651685,1,2022Q2,public benchmark data
PO-00615,Delta_Logistics,2023-12-14,2023-12-17,Office Supplies,Delivered,946,108.6,101.78,146.0,Yes,3.0,3.0,102735.6,96283.88,6451.719999999987,6.279926335174942,15.433403805496829,1,2023Q4,public benchmark data
PO-00616,Beta_Supplies,2023-06-15,2023-06-21,Packaging,Partially Delivered,1345,103.06,95.14,,Yes,6.0,6.0,138615.7,127963.3,10652.400000000009,7.684843780322148,,1,2023Q2,public benchmark data
PO-00617,Delta_Logistics,2023-04-21,2023-05-10,MRO,Delivered,1262,56.63,51.46,,No,19.0,19.0,71467.06,64942.52,6524.539999999994,9.129436694331618,,0,2023Q2,public benchmark data
PO-00618,Beta_Supplies,2022-02-21,2022-03-13,Office Supplies,Pending,753,88.02,79.92,75.0,Yes,20.0,20.0,66279.06,60179.76,6099.299999999996,9.202453987730056,9.9601593625498,1,2022Q1,public benchmark data
PO-00619,Beta_Supplies,2023-07-25,2023-08-14,Electronics,Delivered,1520,93.75,81.63,149.0,Yes,20.0,20.0,142500.0,124077.6,18422.40000000001,12.928000000000006,9.802631578947368,1,2023Q3,public benchmark data
PO-00620,Delta_Logistics,2022-09-13,2022-10-02,Office Supplies,Delivered,630,40.27,37.54,76.0,Yes,19.0,19.0,25370.1,23650.2,1719.9000000000017,6.779240129128389,12.063492063492063,1,2022Q3,public benchmark data
PO-00621,Delta_Logistics,2022-05-05,2022-05-06,Office Supplies,Delivered,839,86.29,82.51,110.0,Yes,1.0,1.0,72397.31000000001,69225.89,3171.420000000013,4.380577123652816,13.110846245530396,1,2022Q2,public benchmark data
PO-00622,Alpha_Inc,2023-04-13,2023-05-02,Electronics,Delivered,910,14.33,14.07,27.0,Yes,19.0,19.0,13040.3,12803.7,236.59999999999852,1.8143754361479305,2.9670329670329667,1,2023Q2,public benchmark data
PO-00623,Epsilon_Group,2022-05-17,2022-05-24,Raw Materials,Delivered,296,64.94,63.61,,Yes,7.0,7.0,19222.24,18828.56,393.6799999999967,2.048044348629487,,1,2022Q2,public benchmark data
PO-00624,Beta_Supplies,2023-04-21,2023-05-05,MRO,Delivered,1149,33.0,30.65,141.0,Yes,14.0,14.0,37917.0,35216.85,2700.150000000001,7.1212121212121255,12.27154046997389,1,2023Q2,public benchmark data
PO-00625,Delta_Logistics,2023-11-15,2023-11-16,Electronics,Delivered,203,23.14,20.0,,No,1.0,1.0,4697.42,4060.0,637.4200000000001,13.569576490924806,,0,2023Q4,public benchmark data
PO-00626,Epsilon_Group,2023-06-28,2023-07-16,Office Supplies,Delivered,1729,18.36,16.34,47.0,Yes,18.0,18.0,31744.44,28251.86,3492.579999999998,11.002178649237468,2.718334297281665,1,2023Q2,public benchmark data
PO-00627,Delta_Logistics,2023-07-27,2023-08-06,Office Supplies,Delivered,1508,79.21,73.27,226.0,Yes,10.0,10.0,119448.68,110491.16,8957.520000000004,7.49905314985482,14.986737400530505,1,2023Q3,public benchmark data
PO-00628,Delta_Logistics,2023-09-02,2023-09-15,Packaging,Partially Delivered,1046,44.65,40.1,165.0,No,13.0,13.0,46703.9,41944.6,4759.300000000003,10.190369540873466,15.77437858508604,0,2023Q3,public benchmark data
PO-00629,Alpha_Inc,2022-11-21,2022-11-24,Office Supplies,Delivered,1159,78.99,71.69,14.0,Yes,3.0,3.0,91549.41,83088.70999999999,8460.699999999997,9.241676161539432,1.207937877480587,1,2022Q4,public benchmark data
PO-00630,Beta_Supplies,2023-03-30,2023-04-05,Electronics,Delivered,746,16.99,15.35,69.0,No,6.0,6.0,12674.54,11451.1,1223.4399999999987,9.652736904061204,9.249329758713138,0,2023Q1,public benchmark data
PO-00631,Beta_Supplies,2023-09-20,2023-10-06,Packaging,Delivered,1358,42.21,38.75,128.0,Yes,16.0,16.0,57321.18,52622.5,4698.68,8.197109689647004,9.425625920471282,1,2023Q3,public benchmark data
PO-00632,Gamma_Co,2023-06-01,2023-06-12,Office Supplies,Delivered,1293,63.53,59.42,79.0,Yes,11.0,11.0,82144.29000000001,76830.06,5314.2300000000105,6.469384542735727,6.109822119102862,1,2023Q2,public benchmark data
PO-00633,Alpha_Inc,2023-03-13,2023-03-24,Electronics,Delivered,1142,86.85,74.28,30.0,Yes,11.0,11.0,99182.7,84827.76,14354.940000000002,14.473229706390333,2.626970227670753,1,2023Q1,public benchmark data
PO-00634,Epsilon_Group,2023-07-16,2023-07-27,MRO,Delivered,1120,42.17,37.47,33.0,Yes,11.0,11.0,47230.4,41966.4,5264.0,11.145364002845623,2.946428571428571,1,2023Q3,public benchmark data
PO-00635,Alpha_Inc,2023-04-02,2023-04-14,MRO,Delivered,1058,71.3,62.04,,Yes,12.0,12.0,75435.4,65638.31999999999,9797.080000000002,12.987377279102388,,1,2023Q2,public benchmark data
PO-00636,Epsilon_Group,2022-06-12,,Office Supplies,Delivered,143,91.98,86.02,5.0,Yes,,,13153.14,12300.86,852.2800000000025,6.479669493368141,3.4965034965034967,1,2022Q2,public benchmark data
PO-00637,Beta_Supplies,2023-05-02,2023-05-14,MRO,Delivered,1823,70.66,66.92,202.0,Yes,12.0,12.0,128813.18,121995.16,6818.0199999999895,5.292952165298606,11.080636313768514,1,2023Q2,public benchmark data
PO-00638,Gamma_Co,2023-04-06,2023-04-10,Office Supplies,Delivered,1007,33.29,28.48,49.0,Yes,4.0,4.0,33523.03,28679.36,4843.669999999998,14.448783418443972,4.865938430983118,1,2023Q2,public benchmark data
PO-00639,Gamma_Co,2022-09-23,2022-10-08,Packaging,Delivered,1061,12.68,12.36,56.0,No,15.0,15.0,13453.48,13113.96,339.52000000000044,2.5236593059936943,5.27803958529689,0,2022Q3,public benchmark data
PO-00640,Beta_Supplies,2022-09-11,2022-09-26,MRO,Pending,502,91.84,82.33,,Yes,15.0,15.0,46103.68,41329.66,4774.020000000004,10.354965156794432,,1,2022Q3,public benchmark data
PO-00641,Delta_Logistics,2023-10-15,2023-10-19,Packaging,Delivered,1277,13.17,11.63,199.0,No,4.0,4.0,16818.09,14851.51,1966.58,11.693242217160211,15.58339859044636,0,2023Q4,public benchmark data
PO-00642,Alpha_Inc,2022-10-11,2022-10-24,Packaging,Delivered,961,92.72,88.49,22.0,Yes,13.0,13.0,89103.92,85038.89,4065.029999999999,4.562122519413286,2.2892819979188346,1,2022Q4,public benchmark data
PO-00643,Gamma_Co,2023-06-18,2023-07-02,Packaging,Delivered,267,62.5,61.18,17.0,Yes,14.0,14.0,16687.5,16335.06,352.4400000000005,2.112000000000003,6.367041198501873,1,2023Q2,public benchmark data
PO-00644,Delta_Logistics,2023-05-12,2023-05-18,Raw Materials,Cancelled,523,102.08,99.59,,Yes,6.0,6.0,53387.84,52085.57,1302.2699999999968,2.4392633228840066,,1,2023Q2,public benchmark data
PO-00645,Epsilon_Group,2023-10-04,2023-10-23,Electronics,Pending,481,90.49,77.17,,Yes,19.0,19.0,43525.69,37118.77,6406.919999999991,14.719858547905826,,1,2023Q4,public benchmark data
PO-00646,Gamma_Co,2022-09-02,2022-09-09,Office Supplies,Delivered,390,103.81,100.12,20.0,Yes,7.0,7.0,40485.9,39046.8,1439.0999999999983,3.554570850592425,5.128205128205128,1,2022Q3,public benchmark data
PO-00647,Epsilon_Group,2022-10-09,2022-10-25,Packaging,Delivered,600,43.43,38.76,22.0,Yes,16.0,16.0,26058.0,23256.0,2802.0,10.752935758692148,3.6666666666666665,1,2022Q4,public benchmark data
PO-00648,Delta_Logistics,2023-03-27,,Office Supplies,Delivered,1685,84.58,75.21,253.0,No,,,142517.3,126728.85,15788.449999999995,11.078269094348544,15.014836795252226,0,2023Q1,public benchmark data
PO-00649,Epsilon_Group,2022-03-21,2022-03-31,Packaging,Cancelled,1362,46.64,42.85,33.0,Yes,10.0,10.0,63523.68,58361.7,5161.979999999996,8.126072041166374,2.4229074889867843,1,2022Q1,public benchmark data
PO-00650,Delta_Logistics,2024-01-01,2024-01-04,Electronics,Pending,1327,59.57,56.44,169.0,Yes,3.0,3.0,79049.39,74895.87999999999,4153.510000000009,5.254322645627005,12.735493594574226,1,2024Q1,public benchmark data
PO-00651,Epsilon_Group,2022-10-20,,MRO,Delivered,1807,69.47,60.0,50.0,Yes,,,125532.29,108420.0,17112.289999999994,13.631783503670643,2.7670171555063643,1,2022Q4,public benchmark data
PO-00652,Alpha_Inc,2022-08-29,2022-09-06,Office Supplies,Pending,406,91.73,89.13,,Yes,8.0,8.0,37242.380000000005,36186.78,1055.6000000000058,2.8344053199607697,,1,2022Q3,public benchmark data
PO-00653,Gamma_Co,2022-10-06,2022-10-18,Raw Materials,Partially Delivered,72,103.0,89.49,1.0,No,12.0,12.0,7416.0,6443.28,972.7200000000004,13.116504854368936,1.3888888888888888,0,2022Q4,public benchmark data
PO-00654,Gamma_Co,2022-12-10,2022-12-20,Office Supplies,Delivered,1835,83.5,82.36,85.0,No,10.0,10.0,153222.5,151130.6,2091.899999999994,1.3652694610778404,4.632152588555858,0,2022Q4,public benchmark data
PO-00655,Delta_Logistics,2022-11-24,2022-12-10,Electronics,Pending,571,49.98,45.58,,No,16.0,16.0,28538.58,26026.18,2512.399999999998,8.803521408563418,,0,2022Q4,public benchmark data
PO-00656,Epsilon_Group,2023-07-08,2023-07-09,Packaging,Delivered,1831,52.24,50.44,60.0,Yes,1.0,1.0,95651.44,92355.64,3295.800000000003,3.445635528330784,3.2768978700163847,1,2023Q3,public benchmark data
PO-00657,Beta_Supplies,2022-03-24,2022-04-07,Office Supplies,Pending,1910,77.15,68.49,170.0,Yes,14.0,14.0,147356.5,130815.9,16540.600000000006,11.224886584575506,8.900523560209423,1,2022Q1,public benchmark data
PO-00658,Gamma_Co,2022-05-22,2022-05-31,Electronics,Partially Delivered,1173,32.12,29.18,,Yes,9.0,9.0,37676.76,34228.14,3448.619999999996,9.153175591531744,,1,2022Q2,public benchmark data
PO-00659,Epsilon_Group,2022-06-04,2022-06-17,Packaging,Partially Delivered,851,20.44,19.22,22.0,Yes,13.0,13.0,17394.440000000002,16356.22,1038.220000000003,5.96868884540119,2.585193889541716,1,2022Q2,public benchmark data
PO-00660,Epsilon_Group,2022-08-25,2022-09-07,MRO,Cancelled,1253,43.38,38.01,34.0,Yes,13.0,13.0,54355.14000000001,47626.53,6728.610000000008,12.378976486860315,2.713487629688747,1,2022Q3,public benchmark data
PO-00661,Alpha_Inc,2023-01-28,2023-02-15,Electronics,Delivered,1296,38.0,33.42,33.0,Yes,18.0,18.0,49248.0,43312.32,5935.68,12.052631578947368,2.5462962962962963,1,2023Q1,public benchmark data
PO-00662,Beta_Supplies,2023-12-12,2023-12-30,Raw Materials,Delivered,1979,40.88,39.46,221.0,Yes,18.0,18.0,80901.52,78091.34,2810.180000000008,3.4735812133072503,11.167256189994946,1,2023Q4,public benchmark data
PO-00663,Gamma_Co,2022-06-06,2022-06-19,Office Supplies,Delivered,811,31.8,30.33,58.0,Yes,13.0,13.0,25789.8,24597.63,1192.170000000002,4.6226415094339695,7.151664611590629,1,2022Q2,public benchmark data
PO-00664,Alpha_Inc,2023-12-25,2024-01-12,Electronics,Delivered,1732,15.37,14.7,38.0,Yes,18.0,18.0,26620.84,25460.4,1160.4400000000023,4.359141184124928,2.193995381062356,1,2023Q4,public benchmark data
PO-00665,Beta_Supplies,2022-08-08,2022-08-28,Packaging,Delivered,491,12.01,11.67,47.0,Yes,20.0,20.0,5896.91,5729.97,166.9399999999996,2.830974188176513,9.572301425661914,1,2022Q3,public benchmark data
PO-00666,Gamma_Co,2022-03-07,2022-03-11,Packaging,Cancelled,1681,99.88,96.38,90.0,Yes,4.0,4.0,167898.28,162014.78,5883.5,3.5042050460552665,5.353955978584176,1,2022Q1,public benchmark data
PO-00667,Alpha_Inc,2023-03-01,2023-03-05,Raw Materials,Partially Delivered,818,51.89,47.85,12.0,Yes,4.0,4.0,42446.02,39141.3,3304.720000000001,7.785700520331471,1.466992665036675,1,2023Q1,public benchmark data
PO-00668,Beta_Supplies,2023-02-22,2023-03-05,Office Supplies,Delivered,1065,47.49,41.42,113.0,Yes,11.0,11.0,50576.85,44112.3,6464.549999999996,12.781638239629386,10.610328638497652,1,2023Q1,public benchmark data
PO-00669,Gamma_Co,2022-12-05,2022-12-17,Packaging,Delivered,1398,75.08,67.09,57.0,Yes,12.0,12.0,104961.84,93791.82,11170.01999999999,10.641981885988269,4.07725321888412,1,2022Q4,public benchmark data
PO-00670,Beta_Supplies,2023-07-10,2023-07-17,Packaging,Delivered,565,32.31,29.76,60.0,Yes,7.0,7.0,18255.15,16814.4,1440.75,7.892293407613741,10.619469026548671,1,2023Q3,public benchmark data
PO-00671,Epsilon_Group,2023-04-23,2023-05-06,Packaging,Pending,1089,102.66,89.21,33.0,Yes,13.0,13.0,111796.74,97149.69,14647.050000000005,13.101500097408929,3.0303030303030303,1,2023Q2,public benchmark data
PO-00672,Delta_Logistics,2023-03-02,2023-03-04,Electronics,Delivered,841,86.43,83.77,125.0,No,2.0,2.0,72687.63,70450.56999999999,2237.060000000012,3.0776350804119104,14.863258026159334,0,2023Q1,public benchmark data
PO-00673,Delta_Logistics,2022-03-05,2022-03-16,Electronics,Delivered,385,18.23,17.74,,Yes,11.0,11.0,7018.55,6829.9,188.65000000000052,2.6878771256171223,,1,2022Q1,public benchmark data
PO-00674,Epsilon_Group,2022-07-31,2022-08-17,Office Supplies,Delivered,1832,49.01,41.86,52.0,Yes,17.0,17.0,89786.31999999999,76687.52,13098.799999999988,14.588859416445612,2.838427947598253,1,2022Q3,public benchmark data
PO-00675,Beta_Supplies,2023-03-07,2023-03-27,Raw Materials,Delivered,307,95.36,83.63,29.0,Yes,20.0,20.0,29275.52,25674.41,3601.1100000000006,12.300755033557047,9.446254071661238,1,2023Q1,public benchmark data
PO-00676,Epsilon_Group,2023-02-03,2023-02-08,Office Supplies,Delivered,546,101.2,97.82,21.0,Yes,5.0,5.0,55255.2,53409.72,1845.4800000000105,3.33992094861662,3.8461538461538463,1,2023Q1,public benchmark data
PO-00677,Delta_Logistics,2023-08-22,2023-09-11,Raw Materials,Delivered,945,57.01,55.14,147.0,No,20.0,20.0,53874.45,52107.3,1767.1499999999942,3.2801262936326854,15.555555555555555,0,2023Q3,public benchmark data
PO-00678,Delta_Logistics,2023-12-14,2023-12-27,MRO,Pending,209,72.71,64.34,39.0,Yes,13.0,13.0,15196.39,13447.06,1749.329999999998,11.51148397744463,18.660287081339717,1,2023Q4,public benchmark data
PO-00679,Beta_Supplies,2022-01-21,,Packaging,Delivered,1548,25.03,22.87,,Yes,,,38746.44,35402.76,3343.6800000000003,8.629644426687975,,1,2022Q1,public benchmark data
PO-00680,Delta_Logistics,2023-08-13,2023-08-23,Raw Materials,Delivered,901,108.63,106.3,141.0,Yes,10.0,10.0,97875.63,95776.3,2099.329999999987,2.14489551689219,15.64927857935627,1,2023Q3,public benchmark data
PO-00681,Epsilon_Group,2023-01-25,2023-02-11,Packaging,Delivered,1737,32.7,31.02,48.0,Yes,17.0,17.0,56799.9,53881.74,2918.1600000000035,5.137614678899088,2.763385146804836,1,2023Q1,public benchmark data
PO-00682,Beta_Supplies,2023-05-04,2023-05-22,Raw Materials,Delivered,1981,102.43,90.99,204.0,Yes,18.0,18.0,202913.83,180251.19,22662.64000000001,11.16860294835498,10.297829379101463,1,2023Q2,public benchmark data
PO-00683,Epsilon_Group,2022-01-07,2022-01-26,MRO,Pending,739,68.47,66.09,19.0,Yes,19.0,19.0,50599.33,48840.51,1758.8199999999997,3.4759748795092733,2.571041948579161,1,2022Q1,public benchmark data
PO-00684,Beta_Supplies,2022-12-27,2022-12-28,Raw Materials,Delivered,1748,68.25,62.84,171.0,Yes,1.0,1.0,119301.0,109844.32,9456.679999999991,7.92673992673992,9.782608695652174,1,2022Q4,public benchmark data
PO-00685,Delta_Logistics,2022-11-02,2022-11-06,Office Supplies,Cancelled,429,58.95,55.35,59.0,No,4.0,4.0,25289.550000000003,23745.15,1544.4000000000017,6.106870229007639,13.752913752913754,0,2022Q4,public benchmark data
PO-00686,Gamma_Co,2023-02-04,,Electronics,Delivered,1618,32.76,28.41,62.0,Yes,,,53005.68,45967.38,7038.300000000003,13.278388278388285,3.8318912237330034,1,2023Q1,public benchmark data
PO-00687,Beta_Supplies,2023-03-06,2023-03-07,Packaging,Delivered,1006,27.7,23.66,101.0,No,1.0,1.0,27866.2,23801.96,4064.2400000000016,14.58483754512636,10.03976143141153,0,2023Q1,public benchmark data
PO-00688,Beta_Supplies,2023-07-06,2023-07-15,Electronics,Partially Delivered,740,32.53,29.35,84.0,Yes,9.0,9.0,24072.2,21719.0,2353.2000000000007,9.77559176145097,11.351351351351353,1,2023Q3,public benchmark data
PO-00689,Gamma_Co,2023-07-14,,Raw Materials,Delivered,1500,29.19,27.24,72.0,Yes,,,43785.0,40860.0,2925.0,6.680369989722508,4.8,1,2023Q3,public benchmark data
PO-00690,Delta_Logistics,2023-09-10,2023-09-29,Office Supplies,Cancelled,1686,88.18,77.15,,Yes,19.0,19.0,148671.48,130074.9,18596.58,12.508505330006804,,1,2023Q3,public benchmark data
PO-00691,Epsilon_Group,2022-08-14,2022-08-16,Raw Materials,Cancelled,1341,42.96,41.75,39.0,Yes,2.0,2.0,57609.36,55986.75,1622.6100000000006,2.8165735567970214,2.9082774049217,1,2022Q3,public benchmark data
PO-00692,Alpha_Inc,2023-05-15,2023-05-21,MRO,Cancelled,1908,16.42,15.31,36.0,Yes,6.0,6.0,31329.360000000004,29211.48,2117.8800000000047,6.760048721071878,1.8867924528301887,1,2023Q2,public benchmark data
PO-00693,Gamma_Co,2022-08-13,2022-09-02,MRO,Partially Delivered,1650,100.62,90.45,85.0,Yes,20.0,20.0,166023.0,149242.5,16780.5,10.107334525939176,5.151515151515151,1,2022Q3,public benchmark data
PO-00694,Alpha_Inc,2022-10-07,2022-10-20,MRO,Delivered,1490,93.57,81.68,29.0,Yes,13.0,13.0,139419.3,121703.2,17716.099999999977,12.70706422998823,1.9463087248322148,1,2022Q4,public benchmark data
PO-00695,Delta_Logistics,2023-03-23,2023-03-31,Raw Materials,Delivered,1241,100.04,97.56,187.0,Yes,8.0,8.0,124149.64,121071.96,3077.680000000008,2.479008396641349,15.068493150684931,1,2023Q1,public benchmark data
PO-00696,Beta_Supplies,2023-05-13,2023-05-17,MRO,Delivered,1915,107.51,102.66,184.0,Yes,4.0,4.0,205881.65,196593.9,9287.75000000003,4.511208259696787,9.608355091383812,1,2023Q2,public benchmark data
PO-00697,Beta_Supplies,2022-01-30,2022-02-14,Raw Materials,Delivered,1116,25.65,24.28,121.0,Yes,15.0,15.0,28625.4,27096.48,1528.9199999999985,5.341130604288493,10.842293906810037,1,2022Q1,public benchmark data
PO-00698,Delta_Logistics,2023-02-03,2023-02-08,Raw Materials,Delivered,1629,48.63,43.28,260.0,Yes,5.0,5.0,79218.27,70503.12,8715.150000000009,11.001439440674492,15.960712093308778,1,2023Q1,public benchmark data
PO-00699,Epsilon_Group,2022-12-11,2022-12-18,Office Supplies,Delivered,334,82.54,74.63,,Yes,7.0,7.0,27568.36,24926.42,2641.9400000000023,9.583232372183192,,1,2022Q4,public benchmark data
PO-00700,Epsilon_Group,2023-11-16,2023-12-06,Packaging,Delivered,446,80.63,70.37,,Yes,20.0,20.0,35960.98,31385.02,4575.959999999996,12.724792260945048,,1,2023Q4,public benchmark data
PO-00701,Delta_Logistics,2023-11-27,,Electronics,Delivered,61,26.47,24.62,6.0,Yes,,,1614.6699999999998,1501.8200000000002,112.84999999999968,6.989044200982225,9.836065573770492,1,2023Q4,public benchmark data
PO-00702,Delta_Logistics,2023-02-19,2023-02-21,Packaging,Delivered,1680,88.85,87.53,,Yes,2.0,2.0,149268.0,147050.4,2217.600000000006,1.485649971862694,,1,2023Q1,public benchmark data
PO-00703,Delta_Logistics,2022-06-19,2022-07-06,Electronics,Delivered,1375,30.95,30.02,223.0,Yes,17.0,17.0,42556.25,41277.5,1278.75,3.0048465266558964,16.21818181818182,1,2022Q2,public benchmark data
PO-00704,Delta_Logistics,2023-04-24,2023-05-05,Electronics,Partially Delivered,1971,32.4,30.48,321.0,Yes,11.0,11.0,63860.4,60076.08,3784.319999999992,5.925925925925914,16.28614916286149,1,2023Q2,public benchmark data
PO-00705,Delta_Logistics,2022-05-11,,Raw Materials,Pending,1326,59.49,56.21,,Yes,,,78883.74,74534.46,4349.279999999999,5.513531685997645,,1,2022Q2,public benchmark data
PO-00706,Delta_Logistics,2023-09-30,2023-10-13,MRO,Cancelled,548,69.7,61.87,90.0,Yes,13.0,13.0,38195.6,33904.76,4290.8399999999965,11.233859397417495,16.423357664233578,1,2023Q3,public benchmark data
PO-00707,Beta_Supplies,2023-07-01,2023-07-07,MRO,Delivered,803,67.81,61.53,78.0,Yes,6.0,6.0,54451.43,49408.59,5042.8399999999965,9.261170918743542,9.71357409713574,1,2023Q3,public benchmark data
PO-00708,Alpha_Inc,2022-01-28,2022-02-15,MRO,Delivered,84,18.23,15.55,0.0,Yes,18.0,18.0,1531.32,1306.2,225.1199999999999,14.701042238069109,0.0,1,2022Q1,public benchmark data
PO-00709,Epsilon_Group,2023-02-08,2023-02-20,Packaging,Delivered,776,94.75,90.89,19.0,Yes,12.0,12.0,73526.0,70530.64,2995.3600000000006,4.073878627968338,2.448453608247423,1,2023Q1,public benchmark data
PO-00710,Alpha_Inc,2023-08-30,2023-09-08,MRO,Delivered,898,37.12,35.54,18.0,No,9.0,9.0,33333.759999999995,31914.92,1418.8399999999965,4.256465517241369,2.0044543429844097,0,2023Q3,public benchmark data
PO-00711,Beta_Supplies,2023-08-01,2023-08-08,Office Supplies,Cancelled,139,23.71,20.18,14.0,Yes,7.0,7.0,3295.69,2805.02,490.6700000000001,14.888232813159004,10.071942446043163,1,2023Q3,public benchmark data
PO-00712,Gamma_Co,2023-11-10,,Raw Materials,Delivered,825,99.89,97.65,30.0,Yes,,,82409.25,80561.25,1848.0,2.242466713384723,3.636363636363636,1,2023Q4,public benchmark data
PO-00713,Alpha_Inc,2022-01-28,2022-02-07,MRO,Delivered,654,96.01,90.31,10.0,Yes,10.0,10.0,62790.54,59062.74,3727.800000000003,5.936881574835959,1.529051987767584,1,2022Q1,public benchmark data
PO-00714,Gamma_Co,2022-03-27,2022-04-06,MRO,Delivered,1995,88.47,82.65,87.0,No,10.0,10.0,176497.65,164886.75,11610.899999999994,6.578501186842995,4.360902255639098,0,2022Q1,public benchmark data
PO-00715,Beta_Supplies,2023-10-21,2023-10-28,MRO,Delivered,1019,91.56,77.93,111.0,No,7.0,7.0,93299.64,79410.67000000001,13888.969999999988,14.88641328090868,10.893032384690873,0,2023Q4,public benchmark data
PO-00716,Epsilon_Group,2023-03-15,2023-03-31,Packaging,Pending,1675,73.8,65.34,42.0,Yes,16.0,16.0,123615.0,109444.5,14170.5,11.463414634146345,2.5074626865671643,1,2023Q1,public benchmark data
PO-00717,Gamma_Co,2022-05-19,2022-05-31,Raw Materials,Pending,1071,60.77,58.5,,Yes,12.0,12.0,65084.670000000006,62653.5,2431.170000000005,3.735395754484129,,1,2022Q2,public benchmark data
PO-00718,Beta_Supplies,2023-04-18,2023-04-27,Office Supplies,Delivered,467,19.17,17.11,49.0,Yes,9.0,9.0,8952.390000000001,7990.37,962.0200000000012,10.745957224830478,10.492505353319055,1,2023Q2,public benchmark data
PO-00719,Delta_Logistics,2022-07-06,2022-07-25,MRO,Pending,164,48.16,47.46,27.0,Yes,19.0,19.0,7898.24,7783.44,114.79999999999929,1.453488372093014,16.463414634146343,1,2022Q3,public benchmark data
PO-00720,Epsilon_Group,2022-02-21,2022-03-06,Electronics,Cancelled,666,43.76,41.13,18.0,Yes,13.0,13.0,29144.16,27392.58,1751.579999999998,6.010054844606941,2.702702702702702,1,2022Q1,public benchmark data
PO-00721,Delta_Logistics,2022-09-24,2022-10-07,Packaging,Partially Delivered,1976,34.71,31.56,286.0,No,13.0,13.0,68586.96,62362.56,6224.400000000009,9.075194468452906,14.473684210526317,0,2022Q3,public benchmark data
PO-00722,Epsilon_Group,2023-01-24,2023-01-29,MRO,Delivered,1269,79.61,71.86,47.0,Yes,5.0,5.0,101025.09,91190.34,9834.75,9.734957919859315,3.7037037037037033,1,2023Q1,public benchmark data
PO-00723,Epsilon_Group,2022-12-02,2022-12-12,MRO,Delivered,875,57.63,51.8,16.0,Yes,10.0,10.0,50426.25,45325.0,5101.25,10.116258892937706,1.8285714285714287,1,2022Q4,public benchmark data
PO-00724,Alpha_Inc,2022-08-05,,Packaging,Partially Delivered,1574,17.9,15.85,31.0,Yes,,,28174.6,24947.9,3226.7000000000007,11.452513966480453,1.9695044472681067,1,2022Q3,public benchmark data
PO-00725,Epsilon_Group,2023-04-11,2023-04-26,Office Supplies,Partially Delivered,1699,32.05,29.34,69.0,Yes,15.0,15.0,54452.95,49848.66,4604.290000000001,8.455538221528863,4.061212477928193,1,2023Q2,public benchmark data
PO-00726,Alpha_Inc,2022-12-01,2022-12-17,Electronics,Delivered,1566,75.43,71.27,27.0,Yes,16.0,16.0,118123.38,111608.82,6514.560000000012,5.515047063502595,1.7241379310344829,1,2022Q4,public benchmark data
PO-00727,Gamma_Co,2022-12-12,2022-12-30,Electronics,Delivered,1148,17.78,17.16,61.0,Yes,18.0,18.0,20411.44,19699.68,711.760000000002,3.487064116985386,5.313588850174216,1,2022Q4,public benchmark data
PO-00728,Epsilon_Group,2023-01-24,2023-02-11,Office Supplies,Delivered,462,91.81,83.14,11.0,Yes,18.0,18.0,42416.22,38410.68,4005.540000000001,9.443415749918312,2.380952380952381,1,2023Q1,public benchmark data
PO-00729,Gamma_Co,2022-10-12,2022-10-17,Packaging,Delivered,1449,57.02,49.28,71.0,Yes,5.0,5.0,82621.98000000001,71406.72,11215.26000000001,13.574184496667844,4.899930986887509,1,2022Q4,public benchmark data
PO-00730,Epsilon_Group,2023-03-08,2023-03-27,MRO,Delivered,1493,56.98,52.51,43.0,Yes,19.0,19.0,85071.14,78397.43,6673.710000000006,7.844857844857852,2.8801071667782985,1,2023Q1,public benchmark data
PO-00731,Alpha_Inc,2022-09-16,2022-09-18,Office Supplies,Delivered,778,65.85,62.08,,No,2.0,2.0,51231.3,48298.24,2933.0599999999977,5.725132877752464,,0,2022Q3,public benchmark data
PO-00732,Delta_Logistics,2022-03-25,2022-04-11,Packaging,Partially Delivered,1350,85.06,82.34,,No,17.0,17.0,114831.0,111159.0,3672.0,3.1977427698095457,,0,2022Q1,public benchmark data
PO-00733,Epsilon_Group,2023-04-27,2023-05-05,Packaging,Delivered,1070,44.4,40.07,26.0,Yes,8.0,8.0,47508.0,42874.9,4633.099999999999,9.75225225225225,2.4299065420560746,1,2023Q2,public benchmark data
PO-00734,Beta_Supplies,2022-01-20,2022-02-03,Packaging,Pending,810,71.02,66.8,73.0,Yes,14.0,14.0,57526.2,54108.0,3418.199999999997,5.941988172345813,9.012345679012345,1,2022Q1,public benchmark data
PO-00735,Delta_Logistics,2023-07-07,2023-07-23,Packaging,Cancelled,725,66.4,62.1,118.0,Yes,16.0,16.0,48140.00000000001,45022.5,3117.5000000000077,6.475903614457845,16.275862068965516,1,2023Q3,public benchmark data
PO-00736,Alpha_Inc,2022-02-23,2022-02-28,Electronics,Delivered,1467,34.2,30.5,25.0,Yes,5.0,5.0,50171.4,44743.5,5427.9000000000015,10.8187134502924,1.7041581458759374,1,2022Q1,public benchmark data
PO-00737,Beta_Supplies,2022-12-25,2023-01-12,Packaging,Delivered,1942,93.98,81.31,198.0,Yes,18.0,18.0,182509.16,157904.02000000002,24605.139999999985,13.481591828048511,10.1956745623069,1,2022Q4,public benchmark data
PO-00738,Gamma_Co,2022-08-18,,Office Supplies,Delivered,506,84.63,72.69,20.0,Yes,,,42822.78,36781.14,6041.639999999999,14.108472172988302,3.9525691699604746,1,2022Q3,public benchmark data
PO-00739,Alpha_Inc,2023-10-28,2023-11-13,MRO,Delivered,969,76.53,75.64,30.0,Yes,16.0,16.0,74157.57,73295.16,862.4100000000035,1.162942636874433,3.095975232198142,1,2023Q4,public benchmark data
PO-00740,Delta_Logistics,2022-03-12,2022-03-19,MRO,Delivered,241,87.42,82.15,,Yes,7.0,7.0,21068.22,19798.15,1270.0699999999997,6.02836879432624,,1,2022Q1,public benchmark data
PO-00741,Gamma_Co,2023-10-30,2023-11-09,Raw Materials,Delivered,788,97.3,94.44,32.0,Yes,10.0,10.0,76672.4,74418.72,2253.679999999993,2.9393627954778947,4.060913705583756,1,2023Q4,public benchmark data
PO-00742,Gamma_Co,2022-02-11,2022-02-13,Office Supplies,Delivered,1762,74.12,65.71,94.0,Yes,2.0,2.0,130599.44,115781.02,14818.420000000013,11.34646519158123,5.334846765039727,1,2022Q1,public benchmark data
PO-00743,Alpha_Inc,2022-02-01,,Raw Materials,Pending,1172,85.76,81.43,25.0,Yes,,,100510.72,95435.96,5074.759999999995,5.04897388059701,2.1331058020477816,1,2022Q1,public benchmark data
PO-00744,Delta_Logistics,2022-09-11,2022-09-30,Office Supplies,Delivered,1621,75.68,73.78,226.0,No,19.0,19.0,122677.28,119597.38,3079.9000000000087,2.51057082452432,13.942011104256633,0,2022Q3,public benchmark data
PO-00745,Alpha_Inc,2022-07-24,2022-07-26,Packaging,Delivered,1027,73.35,65.42,24.0,No,2.0,2.0,75330.45,67186.34,8144.110000000001,10.811179277436947,2.3369036027263874,0,2022Q3,public benchmark data
PO-00746,Beta_Supplies,2022-01-21,,Raw Materials,Delivered,1058,65.68,57.21,101.0,Yes,,,69489.44,60528.18,8961.260000000002,12.895858708891597,9.546313799621927,1,2022Q1,public benchmark data
PO-00747,Beta_Supplies,2023-09-29,2023-10-05,Packaging,Delivered,145,85.52,81.86,11.0,No,6.0,6.0,12400.4,11869.7,530.6999999999989,4.279700654817578,7.586206896551724,0,2023Q3,public benchmark data
PO-00748,Epsilon_Group,2022-06-06,,Office Supplies,Delivered,1737,24.88,24.28,46.0,Yes,,,43216.56,42174.36,1042.199999999997,2.411575562700958,2.648244099021301,1,2022Q2,public benchmark data
PO-00749,Gamma_Co,2022-09-02,2022-09-15,Electronics,Delivered,712,92.85,89.39,43.0,Yes,13.0,13.0,66109.2,63645.68,2463.519999999997,3.72644049542272,6.03932584269663,1,2022Q3,public benchmark data
PO-00750,Epsilon_Group,2022-05-10,2022-05-16,Electronics,Delivered,1263,90.24,86.84,28.0,Yes,6.0,6.0,113973.12,109678.92,4294.199999999997,3.7677304964538982,2.2169437846397466,1,2022Q2,public benchmark data
PO-00751,Delta_Logistics,2023-04-30,,Electronics,Delivered,1809,13.58,12.68,,No,,,24566.22,22938.12,1628.1000000000022,6.627393225331378,,0,2023Q2,public benchmark data
PO-00752,Beta_Supplies,2023-11-17,,Electronics,Cancelled,86,93.6,88.22,5.0,Yes,,,8049.599999999999,7586.92,462.6799999999994,5.747863247863241,5.813953488372093,1,2023Q4,public benchmark data
PO-00753,Epsilon_Group,2022-04-28,,MRO,Delivered,1853,21.92,20.72,,Yes,,,40617.76,38394.16,2223.600000000006,5.47445255474454,,1,2022Q2,public benchmark data
PO-00754,Beta_Supplies,2023-08-01,2023-08-02,Electronics,Delivered,1442,43.98,41.82,140.0,No,1.0,1.0,63419.16,60304.44,3114.719999999994,4.9113233287858025,9.70873786407767,0,2023Q3,public benchmark data
PO-00755,Beta_Supplies,2022-08-12,2022-09-01,Office Supplies,Pending,1768,79.61,74.97,207.0,No,20.0,20.0,140750.48,132546.96,8203.520000000019,5.828413515889976,11.70814479638009,0,2022Q3,public benchmark data
PO-00756,Beta_Supplies,2023-04-22,2023-05-03,Electronics,Partially Delivered,1598,26.3,26.03,154.0,No,11.0,11.0,42027.4,41595.94,431.4599999999991,1.026615969581747,9.637046307884855,0,2023Q2,public benchmark data
PO-00757,Alpha_Inc,2023-12-18,2024-01-05,MRO,Cancelled,328,93.23,82.63,6.0,Yes,18.0,18.0,30579.44,27102.64,3476.800000000003,11.369730773356226,1.829268292682927,1,2023Q4,public benchmark data
PO-00758,Epsilon_Group,2022-09-20,2022-09-25,Packaging,Delivered,266,88.29,80.22,4.0,Yes,5.0,5.0,23485.140000000003,21338.52,2146.6200000000026,9.140332993544014,1.5037593984962403,1,2022Q3,public benchmark data
PO-00759,Gamma_Co,2023-01-13,2023-01-28,Raw Materials,Delivered,916,59.01,53.37,47.0,Yes,15.0,15.0,54053.16,48886.92,5166.239999999998,9.557702084392474,5.131004366812228,1,2023Q1,public benchmark data
PO-00760,Epsilon_Group,2022-06-21,2022-06-25,Packaging,Cancelled,922,10.84,9.27,29.0,Yes,4.0,4.0,9994.48,8546.94,1447.539999999999,14.48339483394833,3.14533622559653,1,2022Q2,public benchmark data
PO-00761,Gamma_Co,2023-09-13,2023-09-28,Packaging,Delivered,1871,39.42,37.41,101.0,No,15.0,15.0,73754.82,69994.11,3760.7100000000064,5.0989345509893536,5.398182789951898,0,2023Q3,public benchmark data
PO-00762,Epsilon_Group,2023-09-14,2023-09-20,Raw Materials,Delivered,1346,72.08,67.04,38.0,Yes,6.0,6.0,97019.68,90235.84,6783.839999999982,6.992230854605976,2.823179791976226,1,2023Q3,public benchmark data
PO-00763,Epsilon_Group,2022-04-28,2022-05-09,Electronics,Delivered,1954,99.78,87.47,57.0,Yes,11.0,11.0,194970.12,170916.38,24053.73999999999,12.33714171176588,2.9170931422722624,1,2022Q2,public benchmark data
PO-00764,Beta_Supplies,2022-06-17,2022-07-06,Electronics,Delivered,111,68.53,65.22,11.0,Yes,19.0,19.0,7606.83,7239.42,367.4099999999999,4.830001459214941,9.90990990990991,1,2022Q2,public benchmark data
PO-00765,Gamma_Co,2022-11-15,2022-11-22,Office Supplies,Pending,645,35.05,30.88,27.0,Yes,7.0,7.0,22607.25,19917.6,2689.649999999998,11.89728958630527,4.186046511627907,1,2022Q4,public benchmark data
PO-00766,Gamma_Co,2022-04-21,2022-05-04,Electronics,Cancelled,1953,68.07,62.95,87.0,Yes,13.0,13.0,132940.71,122941.35,9999.359999999986,7.521668870280583,4.45468509984639,1,2022Q2,public benchmark data
PO-00767,Gamma_Co,2023-08-16,2023-09-02,Electronics,Delivered,778,64.17,61.6,47.0,Yes,17.0,17.0,49924.26,47924.8,1999.4599999999991,4.004986753934859,6.041131105398458,1,2023Q3,public benchmark data
PO-00768,Epsilon_Group,2022-01-27,2022-02-09,Office Supplies,Delivered,1415,80.19,78.34,,Yes,13.0,13.0,113468.85,110851.1,2617.749999999985,2.307020825539331,,1,2022Q1,public benchmark data
PO-00769,Gamma_Co,2022-11-16,2022-11-22,Raw Materials,Delivered,446,20.61,19.46,14.0,Yes,6.0,6.0,9192.06,8679.16,512.8999999999996,5.579815623483742,3.1390134529147984,1,2022Q4,public benchmark data
PO-00770,Epsilon_Group,2023-08-13,,Office Supplies,Delivered,748,85.95,79.16,32.0,Yes,,,64290.6,59211.68,5078.919999999998,7.899941826643395,4.27807486631016,1,2023Q3,public benchmark data
PO-00771,Alpha_Inc,2023-11-25,2023-12-03,Electronics,Pending,1092,65.17,63.11,21.0,Yes,8.0,8.0,71165.64,68916.12,2249.520000000004,3.160963633573736,1.9230769230769231,1,2023Q4,public benchmark data
PO-00772,Beta_Supplies,2023-01-20,2023-02-02,Electronics,Delivered,226,102.47,99.16,28.0,Yes,13.0,13.0,23158.22,22410.16,748.0600000000013,3.230213721089105,12.389380530973453,1,2023Q1,public benchmark data
PO-00773,Delta_Logistics,2023-02-11,2023-02-20,Electronics,Delivered,1685,43.42,42.24,262.0,Yes,9.0,9.0,73162.7,71174.40000000001,1988.2999999999884,2.7176416397973124,15.548961424332344,1,2023Q1,public benchmark data
PO-00774,Alpha_Inc,2022-07-23,,Office Supplies,Delivered,445,68.94,60.35,7.0,Yes,,,30678.3,26855.75,3822.5499999999993,12.460110240789088,1.5730337078651686,1,2022Q3,public benchmark data
PO-00775,Gamma_Co,2022-03-19,2022-04-07,Raw Materials,Delivered,494,94.82,81.89,29.0,Yes,19.0,19.0,46841.08,40453.66,6387.419999999991,13.63636363636362,5.870445344129554,1,2022Q1,public benchmark data
PO-00776,Beta_Supplies,2023-08-30,2023-09-11,MRO,Delivered,1306,21.05,18.27,128.0,Yes,12.0,12.0,27491.3,23860.62,3630.68,13.20665083135392,9.80091883614089,1,2023Q3,public benchmark data
PO-00777,Beta_Supplies,2023-12-09,2023-12-11,Office Supplies,Delivered,1988,105.2,93.23,187.0,Yes,2.0,2.0,209137.6,185341.24,23796.359999999982,11.378326996197712,9.406438631790746,1,2023Q4,public benchmark data
